strategy_name,date,cost_yuan,plan_cost_yuan,adjust_cost_yuan,emergency_cost_yuan,planned_purchase_kwh,final_purchase_kwh,emergency_purchase_kwh,storage_throughput_kwh,curtailment_kwh,soc_start_kwh,soc_end_kwh,solve_time_s,solver_status,max_energy_balance_residual_kwh,max_soc_residual_kwh,soc_min_kwh,soc_max_kwh,max_charge_kwh,max_discharge_kwh,simultaneous_charge_discharge_intervals,model_variant,dynamic_price
result1,2025-01-01,35126.94858929,35126.94858929,0.00000000,0.00000000,59482.69899835,59482.69899835,0.00000000,37540.60569835,0.00000000,6000.00000000,6000.00000000,0.00620080,OPTIMAL_DETERMINISTIC_LP,0.00000000,0.00000000,1200.00000000,10800.00000000,833.33333333,715.65303333,0,,
result2,2025-02-01,36201.13697441,36201.13697441,0.00000000,0.00000000,64202.73803174,64202.73803174,0.00000000,28645.15615234,23490.36554607,6000.00000000,9345.73116155,0.00728820,OPTIMAL_SAFETY,0.00000000,0.00000000,3430.96746455,10800.00000000,833.33333333,551.48008333,0,safety,False
result2,2025-02-02,66684.45721575,66684.45721575,0.00000000,0.00000000,102814.09901737,102814.09901737,0.00000000,36557.66213201,19174.04221969,9345.73116155,10800.00000000,0.00685220,OPTIMAL_SAFETY,0.00000000,0.00000000,2422.77319259,10800.00000000,833.33333333,734.14280000,0,safety,False
result2,2025-02-03,57745.42371898,57745.42371898,0.00000000,0.00000000,91504.30757741,91504.30757741,0.00000000,40274.92321310,7059.63670697,10800.00000000,10800.00000000,0.00647280,OPTIMAL_SAFETY,0.00000000,0.00000000,1741.29017537,10800.00000000,833.33333333,755.74649050,0,safety,False
result2,2025-02-04,58923.77240365,58923.77240365,0.00000000,0.00000000,93395.21640014,93395.21640014,0.00000000,42140.96690565,7776.71504016,10800.00000000,10800.00000000,0.00829600,OPTIMAL_SAFETY,0.00000000,0.00000000,1799.44014500,10800.00000000,833.33333333,810.68906700,0,safety,False
result2,2025-02-05,60076.20743379,60076.20743379,0.00000000,0.00000000,94564.42471401,94564.42471401,0.00000000,40253.68730766,9590.47254369,10800.00000000,10800.00000000,0.00699280,OPTIMAL_SAFETY,0.00000000,0.00000000,1577.15602259,10800.00000000,833.33333333,784.76394267,0,safety,False
result2,2025-02-06,59786.12002676,59765.61562387,0.00000000,20.50440288,94193.48596583,94197.01603433,3.53006850,38887.02112130,9843.89582703,10800.00000000,10800.00000000,0.00682920,OPTIMAL_SAFETY,0.00000000,0.00000000,1911.22094611,10800.00000000,833.33333333,833.33333333,0,safety,False
result2,2025-02-07,24259.00100133,24259.00100133,0.00000000,0.00000000,46600.46421620,46600.46421620,0.00000000,33694.12225826,11257.83248928,10800.00000000,10800.00000000,0.00676260,OPTIMAL_SAFETY,0.00000000,0.00000000,1717.48203926,10800.00000000,833.33333333,536.03745000,0,safety,False
result2,2025-02-08,24204.60569552,24204.60569552,0.00000000,0.00000000,45449.27137050,45449.27137050,0.00000000,30980.24352942,10620.03889108,10800.00000000,10800.00000000,0.00752070,OPTIMAL_SAFETY,0.00000000,0.00000000,2215.96025926,10800.00000000,833.33333333,519.16188333,0,safety,False
result2,2025-02-09,55913.82548484,55913.82548484,0.00000000,0.00000000,88869.90902986,88869.90902986,0.00000000,43066.70823226,4793.67838688,10800.00000000,10800.00000000,0.00735260,OPTIMAL_SAFETY,0.00000000,0.00000000,1331.19769223,10800.00000000,833.33333333,813.42810000,0,safety,False
result2,2025-02-10,56506.93609759,56506.93609759,0.00000000,0.00000000,89925.47068421,89925.47068421,0.00000000,36531.46346095,11764.03859393,10800.00000000,10800.00000000,0.00765920,OPTIMAL_SAFETY,0.00000000,0.00000000,1618.44065852,10800.00000000,833.33333333,790.02394833,0,safety,False
result2,2025-02-11,51974.73409208,51974.73409208,0.00000000,0.00000000,83444.21192551,83444.21192551,0.00000000,42123.15660472,3801.84697179,10800.00000000,10800.00000000,0.00744460,OPTIMAL_SAFETY,0.00000000,0.00000000,1383.30358704,10800.00000000,833.33333333,815.02446333,0,safety,False
result2,2025-02-12,53045.70104035,53045.70104035,0.00000000,0.00000000,84887.68019187,84887.68019187,0.00000000,40107.93303134,5410.71904420,10800.00000000,10800.00000000,0.00697870,OPTIMAL_SAFETY,0.00000000,0.00000000,1591.63427407,10800.00000000,833.33333333,799.43549483,0,safety,False
result2,2025-02-13,53546.69390664,53546.69390664,0.00000000,0.00000000,85399.90692647,85399.90692647,0.00000000,35512.08051058,10342.64045289,10800.00000000,10800.00000000,0.00756290,OPTIMAL_SAFETY,0.00000000,0.00000000,1487.35206667,10800.00000000,833.33333333,773.73333333,0,safety,False
result2,2025-02-14,20191.17743237,20191.17743237,0.00000000,0.00000000,38665.44502017,38665.44502017,0.00000000,36633.08845948,5018.18087902,10800.00000000,10800.00000000,0.00711820,OPTIMAL_SAFETY,0.00000000,0.00000000,1670.63249537,10800.00000000,833.33333333,559.76725000,0,safety,False
result2,2025-02-15,21598.29391455,21598.29391455,0.00000000,0.00000000,41325.84761008,41325.84761008,0.00000000,31472.53517648,8742.00972360,10800.00000000,10800.00000000,0.00698990,OPTIMAL_SAFETY,0.00000000,0.00000000,1940.76102722,10800.00000000,833.33333333,547.31666667,0,safety,False
result2,2025-02-16,54489.70549582,54489.70549582,0.00000000,0.00000000,87292.34240591,87292.34240591,0.00000000,39385.17836273,7780.60756617,10800.00000000,10800.00000000,0.00828070,OPTIMAL_SAFETY,0.00000000,0.00000000,1626.65165056,10800.00000000,833.33333333,828.44166667,0,safety,False
result2,2025-02-17,52824.52991401,52824.52991401,0.00000000,0.00000000,84933.71691961,84933.71691961,0.00000000,34836.87316771,10092.94441490,10800.00000000,10800.00000000,0.00762640,OPTIMAL_SAFETY,0.00000000,0.00000000,1453.01156037,10800.00000000,833.33333333,816.16327383,0,safety,False
result2,2025-02-18,50130.68025802,50107.23668452,0.00000000,23.44357350,80986.93970434,80992.09270434,5.15300000,39389.03969793,4765.94384774,10800.00000000,10800.00000000,0.00880200,OPTIMAL_SAFETY,0.00000000,0.00000000,1652.83910222,10800.00000000,833.33333333,833.33333333,0,safety,False
result2,2025-02-19,50644.23730971,50547.95384162,0.00000000,96.28346808,81524.98774274,81546.97277941,21.98503667,41442.19705277,4317.35951760,10800.00000000,10800.00000000,0.07591770,OPTIMAL_SAFETY,0.00000000,0.00000000,1481.70094963,10800.00000000,833.33333333,833.33333333,0,safety,False
result2,2025-02-20,51127.04826165,51025.83324435,0.00000000,101.21501731,81846.29513676,81867.90380826,21.60867150,36797.31171397,7012.06884528,10800.00000000,10800.00000000,0.00754020,OPTIMAL_SAFETY,0.00000000,0.00000000,1732.92270409,10800.00000000,833.33333333,833.33333333,0,safety,False
result2,2025-02-21,19811.13585487,19811.13585487,0.00000000,0.00000000,38037.57827900,38037.57827900,0.00000000,35313.71427787,8770.35176346,10800.00000000,10800.00000000,0.00678270,OPTIMAL_SAFETY,0.00000000,0.00000000,1951.91742833,10800.00000000,833.33333333,535.03800000,0,safety,False
result2,2025-02-22,20283.69662100,20283.69662100,0.00000000,0.00000000,38679.98109683,38679.98109683,0.00000000,35004.42328862,7160.72074121,10800.00000000,10800.00000000,0.00751370,OPTIMAL_SAFETY,0.00000000,0.00000000,1993.16125815,10800.00000000,833.33333333,530.30500000,0,safety,False
result2,2025-02-23,53673.60264567,53673.60264567,0.00000000,0.00000000,85865.33243780,85865.33243780,0.00000000,36279.43990301,10525.13975912,10800.00000000,10800.00000000,0.00808860,OPTIMAL_SAFETY,0.00000000,0.00000000,1702.88405148,10800.00000000,833.33333333,802.24787333,0,safety,False
result2,2025-02-24,49898.58355951,49888.94272431,0.00000000,9.64083519,81000.32578952,81002.38403786,2.05824833,36501.94150468,8967.65490413,10800.00000000,10800.00000000,0.00773210,OPTIMAL_SAFETY,0.00000000,0.00000000,1638.04971475,10800.00000000,833.33333333,833.33333333,0,safety,False
result2,2025-02-25,48377.01045793,48319.27644372,0.00000000,57.73401421,78529.30388620,78542.48667287,13.18278667,37552.69533936,8779.16779617,10800.00000000,10800.00000000,0.00759210,OPTIMAL_SAFETY,0.00000000,0.00000000,1611.88608185,10800.00000000,833.33333333,833.33333333,0,safety,False
result2,2025-02-26,46766.43740723,46766.43740723,0.00000000,0.00000000,76053.10562148,76053.10562148,0.00000000,39319.82879629,3110.76174765,10800.00000000,10800.00000000,0.00706600,OPTIMAL_SAFETY,0.00000000,0.00000000,1713.70817556,10800.00000000,833.33333333,814.43810000,0,safety,False
result2,2025-02-27,50015.84562535,48294.40515943,0.00000000,1721.44046592,78632.64143437,78983.12240786,350.48097349,41198.96222689,7701.78526691,10800.00000000,10800.00000000,0.00765690,OPTIMAL_SAFETY,0.00000000,0.00000000,1200.00000000,10800.00000000,833.33333333,829.85208333,0,safety,False
result2,2025-02-28,19171.60683719,19171.60683719,0.00000000,0.00000000,37164.36472717,37164.36472717,0.00000000,35996.87546612,10093.09364205,10800.00000000,10800.00000000,0.00701210,OPTIMAL_SAFETY,0.00000000,0.00000000,1714.56960500,10800.00000000,833.33333333,526.14178333,0,safety,False
result2,2025-03-01,19498.97070756,19498.97070756,0.00000000,0.00000000,37479.08314367,37479.08314367,0.00000000,34084.82644195,10242.35200372,10800.00000000,10800.00000000,0.00644330,OPTIMAL_SAFETY,0.00000000,0.00000000,1829.06989870,10800.00000000,833.33333333,478.94683333,0,safety,False
result2,2025-03-02,52108.44747640,52108.44747640,0.00000000,0.00000000,83543.83014844,83543.83014844,0.00000000,37457.58155513,7253.51175830,10800.00000000,10800.00000000,0.00655570,OPTIMAL_SAFETY,0.00000000,0.00000000,1281.39461658,10800.00000000,833.33333333,744.11020000,0,safety,False
result2,2025-03-03,53879.97579404,53879.97579404,0.00000000,0.00000000,86473.86938429,86473.86938429,0.00000000,39302.22130236,10331.07521093,10800.00000000,10800.00000000,0.00672230,OPTIMAL_SAFETY,0.00000000,0.00000000,1640.73919017,10800.00000000,833.33333333,774.24666667,0,safety,False
result2,2025-03-04,54122.61539094,54122.61539094,0.00000000,0.00000000,86442.17345253,86442.17345253,0.00000000,34130.38943117,13659.96745736,10800.00000000,10800.00000000,0.00658890,OPTIMAL_SAFETY,0.00000000,0.00000000,1677.76738333,10800.00000000,833.33333333,779.09630000,0,safety,False
result2,2025-03-05,51585.94062959,51585.94062959,0.00000000,0.00000000,83175.22075071,83175.22075071,0.00000000,32622.74095505,13620.26211445,10800.00000000,10800.00000000,0.00675080,OPTIMAL_SAFETY,0.00000000,0.00000000,1552.84947463,10800.00000000,833.33333333,789.22383333,0,safety,False
result2,2025-03-06,46242.69576915,46242.69576915,0.00000000,0.00000000,75143.30004950,75143.30004950,0.00000000,38228.24094366,5189.73664584,10800.00000000,10800.00000000,0.00735290,OPTIMAL_SAFETY,0.00000000,0.00000000,1304.54263311,10800.00000000,833.33333333,768.51000000,0,safety,False
result2,2025-03-07,18074.84917086,18074.84917086,0.00000000,0.00000000,34807.14820833,34807.14820833,0.00000000,35609.06360619,10146.89467214,10800.00000000,10800.00000000,0.00941650,OPTIMAL_SAFETY,0.00000000,0.00000000,1675.96661852,10800.00000000,833.33333333,464.19288333,0,safety,False
result2,2025-03-08,18445.12698903,18445.12698903,0.00000000,0.00000000,35088.04530483,35088.04530483,0.00000000,35997.03600418,12246.21140099,10800.00000000,10800.00000000,0.00774470,OPTIMAL_SAFETY,0.00000000,0.00000000,1954.85796278,10800.00000000,833.33333333,470.80355000,0,safety,False
result2,2025-03-09,46313.15145790,46313.15145790,0.00000000,0.00000000,75422.49851752,75422.49851752,0.00000000,38219.95337734,8076.93416272,10800.00000000,10800.00000000,0.00704120,OPTIMAL_SAFETY,0.00000000,0.00000000,1247.15262593,10800.00000000,833.33333333,780.83166667,0,safety,False
result2,2025-03-10,56443.96078311,43322.35602818,0.00000000,13121.60475493,70791.86922551,72871.55206755,2079.68284203,36579.76634467,989.61564214,10800.00000000,10800.00000000,0.00735560,OPTIMAL_SAFETY,0.00000000,0.00000000,1200.00000000,10800.00000000,833.33333333,822.23288333,0,safety,False
result2,2025-03-11,47379.89835356,47379.89835356,0.00000000,0.00000000,78017.47249242,78017.47249242,0.00000000,36104.50603868,10288.57792040,10800.00000000,10800.00000000,0.00725770,OPTIMAL_SAFETY,0.00000000,0.00000000,1616.13799787,10800.00000000,833.33333333,788.23151667,0,safety,False
result2,2025-03-12,45052.16901056,45052.16901056,0.00000000,0.00000000,73933.04094868,73933.04094868,0.00000000,37960.77220844,7512.67382358,10800.00000000,10800.00000000,0.01135000,OPTIMAL_SAFETY,0.00000000,0.00000000,1532.78570907,10800.00000000,833.33333333,792.35333333,0,safety,False
result2,2025-03-13,53814.95019075,43259.14045900,0.00000000,10555.80973175,71112.93893278,72944.89516914,1831.95623637,38086.54810728,1401.24171580,10800.00000000,10800.00000000,0.00904960,OPTIMAL_SAFETY,0.00000000,0.00000000,1200.00000000,10800.00000000,833.33333333,829.37666667,0,safety,False
result2,2025-03-14,17260.66705591,17260.66705591,0.00000000,0.00000000,33015.73992333,33015.73992333,0.00000000,37978.62461831,12999.60748835,10800.00000000,10800.00000000,0.00899840,OPTIMAL_SAFETY,0.00000000,0.00000000,1286.76629296,10800.00000000,833.33333333,496.71500000,0,safety,False
result2,2025-03-15,17006.42749603,17006.42749603,0.00000000,0.00000000,32898.35144667,32898.35144667,0.00000000,38216.58143761,7962.54095239,10800.00000000,10800.00000000,0.00978900,OPTIMAL_SAFETY,0.00000000,0.00000000,1385.62354396,10800.00000000,833.33333333,508.64903333,0,safety,False
result2,2025-03-16,47148.17509236,47140.71391236,0.00000000,7.46118000,77163.22341756,77164.86341756,1.64000000,33994.34402749,10245.34943162,10800.00000000,10800.00000000,0.01189020,OPTIMAL_SAFETY,0.00000000,0.00000000,1630.06566667,10800.00000000,833.33333333,833.33333333,0,safety,False
result2,2025-03-17,46270.73601628,46270.73601628,0.00000000,0.00000000,76152.19508597,76152.19508597,0.00000000,32636.29812082,14868.15390515,10800.00000000,10800.00000000,0.01066960,OPTIMAL_SAFETY,0.00000000,0.00000000,1638.08844352,10800.00000000,833.33333333,784.41073433,0,safety,False
result2,2025-03-18,48003.29828021,41321.27844655,0.00000000,6682.01983366,68543.07648130,69861.16643153,1318.08995023,38844.05519404,4657.65530969,10800.00000000,10800.00000000,0.00995240,OPTIMAL_SAFETY,0.00000000,0.00000000,1200.00000000,10800.00000000,833.33333333,801.53041667,0,safety,False
result2,2025-03-19,44236.60826619,44236.60826619,0.00000000,0.00000000,72787.58081347,72787.58081347,0.00000000,36196.53984042,9522.47358464,10800.00000000,10800.00000000,0.00672100,OPTIMAL_SAFETY,0.00000000,0.00000000,1703.98313130,10800.00000000,833.33333333,823.44500000,0,safety,False
result2,2025-03-20,45150.05765802,45150.05765802,0.00000000,0.00000000,74161.85533381,74161.85533381,0.00000000,36112.71205766,8162.05633983,10800.00000000,10800.00000000,0.00675530,OPTIMAL_SAFETY,0.00000000,0.00000000,1603.65166130,10800.00000000,833.33333333,796.51419383,0,safety,False
result2,2025-03-21,17044.44139248,17044.44139248,0.00000000,0.00000000,32833.66075400,32833.66075400,0.00000000,37304.58068982,16884.24577818,10800.00000000,10800.00000000,0.00630570,OPTIMAL_SAFETY,0.00000000,0.00000000,1528.80018852,10800.00000000,833.33333333,494.82500000,0,safety,False
result2,2025-03-22,17018.68496617,17018.68496617,0.00000000,0.00000000,32996.25163367,32996.25163367,0.00000000,36135.41213728,13321.83184172,10800.00000000,10800.00000000,0.00637680,OPTIMAL_SAFETY,0.00000000,0.00000000,1886.93599704,10800.00000000,833.33333333,471.81251667,0,safety,False
result2,2025-03-23,46001.56023914,45524.66735267,0.00000000,476.89288646,74948.48058800,75016.84252700,68.36193900,35533.15527538,12517.12268529,10800.00000000,10800.00000000,0.00720010,OPTIMAL_SAFETY,0.00000000,0.00000000,1200.00000000,10800.00000000,833.33333333,817.68986667,0,safety,False
result2,2025-03-24,40742.49755440,40742.49755440,0.00000000,0.00000000,67796.19517066,67796.19517066,0.00000000,38142.69061063,5793.76923870,10800.00000000,10800.00000000,0.00666010,OPTIMAL_SAFETY,0.00000000,0.00000000,1623.21309287,10800.00000000,833.33333333,805.68500000,0,safety,False
result2,2025-03-25,42048.37578407,42048.37578407,0.00000000,0.00000000,69498.78442886,69498.78442886,0.00000000,37477.18659099,4614.59040153,10800.00000000,10800.00000000,0.00680760,OPTIMAL_SAFETY,0.00000000,0.00000000,1298.56845157,10800.00000000,833.33333333,800.19250000,0,safety,False
result2,2025-03-26,42712.95932175,42712.95932175,0.00000000,0.00000000,70689.46306533,70689.46306533,0.00000000,34016.33935246,11526.13224454,10800.00000000,10800.00000000,0.00799970,OPTIMAL_SAFETY,0.00000000,0.00000000,1397.14242333,10800.00000000,833.33333333,770.83717367,0,safety,False
result2,2025-03-27,41759.24616774,41759.24616774,0.00000000,0.00000000,69076.40135676,69076.40135676,0.00000000,35592.60726608,6623.17141502,10800.00000000,10800.00000000,0.00756060,OPTIMAL_SAFETY,0.00000000,0.00000000,1633.88360167,10800.00000000,833.33333333,750.25452483,0,safety,False
result2,2025-03-28,16660.28777169,16660.28777169,0.00000000,0.00000000,32597.71196567,32597.71196567,0.00000000,36550.68271542,17939.01920125,10800.00000000,10800.00000000,0.00671510,OPTIMAL_SAFETY,0.00000000,0.00000000,1833.41284305,10800.00000000,833.33333333,483.87333333,0,safety,False
result2,2025-03-29,16236.94255784,16236.94255784,0.00000000,0.00000000,31970.58663183,31970.58663183,0.00000000,36289.80754502,20453.95013714,10800.00000000,10800.00000000,0.00615930,OPTIMAL_SAFETY,0.00000000,0.00000000,1581.38266037,10800.00000000,833.33333333,482.24500000,0,safety,False
result2,2025-03-30,40211.63558347,40211.63558347,0.00000000,0.00000000,66852.83508648,66852.83508648,0.00000000,35672.23226505,7762.61641943,10800.00000000,10800.00000000,0.00705950,OPTIMAL_SAFETY,0.00000000,0.00000000,1606.87200318,10800.00000000,833.33333333,761.57913333,0,safety,False
result2,2025-03-31,39908.00546878,39908.00546878,0.00000000,0.00000000,66395.19720677,66395.19720677,0.00000000,34404.91788183,5832.24175794,10800.00000000,10800.00000000,0.00676010,OPTIMAL_SAFETY,0.00000000,0.00000000,1432.71347315,10800.00000000,833.33333333,796.04708333,0,safety,False
result2,2025-04-01,42203.39308771,42203.39308771,0.00000000,0.00000000,70177.47215218,70177.47215218,0.00000000,34449.17887809,6352.40848809,10800.00000000,10800.00000000,0.00675780,OPTIMAL_SAFETY,0.00000000,0.00000000,1506.52271315,10800.00000000,833.33333333,772.03645000,0,safety,False
result2,2025-04-02,45335.83261350,41224.39548464,0.00000000,4111.43712886,69218.83953234,70063.87764599,845.03811365,38396.86331309,5597.93228494,10800.00000000,10800.00000000,0.00698710,OPTIMAL_SAFETY,0.00000000,0.00000000,1200.00000000,10800.00000000,833.33333333,788.41291667,0,safety,False
result2,2025-04-03,43482.26858620,43482.26858620,0.00000000,0.00000000,72160.02511375,72160.02511375,0.00000000,33764.15523635,12752.19125874,10800.00000000,10800.00000000,0.00730320,OPTIMAL_SAFETY,0.00000000,0.00000000,1546.49567630,10800.00000000,833.33333333,779.54625000,0,safety,False
result2,2025-04-04,16210.08874981,16210.08874981,0.00000000,0.00000000,32083.94405533,32083.94405533,0.00000000,35560.32408485,21920.29010582,10800.00000000,10800.00000000,0.00679620,OPTIMAL_SAFETY,0.00000000,0.00000000,1723.62464444,10800.00000000,833.33333333,503.50333333,0,safety,False
result2,2025-04-05,15811.66686338,15811.66686338,0.00000000,0.00000000,31293.82251817,31293.82251817,0.00000000,36541.78550958,15413.82949792,10800.00000000,10800.00000000,0.00717830,OPTIMAL_SAFETY,0.00000000,0.00000000,1574.81168481,10800.00000000,833.33333333,487.70738333,0,safety,False
result2,2025-04-06,41474.64531528,41474.64531528,0.00000000,0.00000000,69192.16965777,69192.16965777,0.00000000,35045.45563816,11103.28865560,10800.00000000,10800.00000000,0.00738920,OPTIMAL_SAFETY,0.00000000,0.00000000,1326.68206492,10800.00000000,833.33333333,772.53166667,0,safety,False
result2,2025-04-07,40222.48385716,40222.48385716,0.00000000,0.00000000,67647.90064744,67647.90064744,0.00000000,34925.17837214,10739.00241897,10800.00000000,10800.00000000,0.00936660,OPTIMAL_SAFETY,0.00000000,0.00000000,1642.88536093,10800.00000000,833.33333333,735.01901667,0,safety,False
result2,2025-04-08,40864.30337438,40864.30337438,0.00000000,0.00000000,68915.06412757,68915.06412757,0.00000000,37892.81645525,10584.17154598,10800.00000000,10800.00000000,0.00898490,OPTIMAL_SAFETY,0.00000000,0.00000000,1283.63922926,10800.00000000,833.33333333,746.50500000,0,safety,False
result2,2025-04-09,41587.77068540,41587.77068540,0.00000000,0.00000000,69176.05602015,69176.05602015,0.00000000,33382.29754981,6537.52592367,10800.00000000,10800.00000000,0.00840430,OPTIMAL_SAFETY,0.00000000,0.00000000,1635.47693815,10800.00000000,833.33333333,749.65525000,0,safety,False
result2,2025-04-10,41960.00127002,41960.00127002,0.00000000,0.00000000,70115.39028524,70115.39028524,0.00000000,34356.59965586,12048.25849872,10800.00000000,10800.00000000,0.00640200,OPTIMAL_SAFETY,0.00000000,0.00000000,1642.60621019,10800.00000000,833.33333333,766.96691667,0,safety,False
result2,2025-04-11,15790.06622588,15790.06622588,0.00000000,0.00000000,31345.05270600,31345.05270600,0.00000000,35909.90484880,22258.85451653,10800.00000000,10800.00000000,0.00921690,OPTIMAL_SAFETY,0.00000000,0.00000000,1719.19648056,10800.00000000,833.33333333,493.15333333,0,safety,False
result2,2025-04-12,15546.27018995,15546.27018995,0.00000000,0.00000000,30873.09889583,30873.09889583,0.00000000,35122.10699223,18161.08733560,10800.00000000,10800.00000000,0.00674910,OPTIMAL_SAFETY,0.00000000,0.00000000,1833.29999204,10800.00000000,833.33333333,476.15393333,0,safety,False
result2,2025-04-13,39668.07264612,39668.07264612,0.00000000,0.00000000,66884.20532942,66884.20532942,0.00000000,36132.41807103,8814.94108173,10800.00000000,10800.00000000,0.00686790,OPTIMAL_SAFETY,0.00000000,0.00000000,1607.91393315,10800.00000000,833.33333333,748.98000000,0,safety,False
result2,2025-04-14,38742.51261838,38742.51261838,0.00000000,0.00000000,65658.54780069,65658.54780069,0.00000000,35997.98958592,9351.72151377,10800.00000000,10800.00000000,0.00711770,OPTIMAL_SAFETY,0.00000000,0.00000000,1336.18712889,10800.00000000,833.33333333,759.31666667,0,safety,False
result2,2025-04-15,38949.14292090,38949.14292090,0.00000000,0.00000000,65283.49962043,65283.49962043,0.00000000,32468.17960480,11735.80883963,10800.00000000,10800.00000000,0.00843940,OPTIMAL_SAFETY,0.00000000,0.00000000,1561.70133796,10800.00000000,833.33333333,751.07358333,0,safety,False
result2,2025-04-16,39575.28728259,39575.28728259,0.00000000,0.00000000,66684.09401966,66684.09401966,0.00000000,34862.67734370,7244.88400595,10800.00000000,10800.00000000,0.00631860,OPTIMAL_SAFETY,0.00000000,0.00000000,1619.66996444,10800.00000000,833.33333333,730.53166667,0,safety,False
result2,2025-04-17,40081.43080370,40081.43080370,0.00000000,0.00000000,67066.60656659,67066.60656659,0.00000000,33110.73488769,10722.55171457,10800.00000000,10800.00000000,0.00711010,OPTIMAL_SAFETY,0.00000000,0.00000000,1504.37220130,10800.00000000,833.33333333,750.87666667,0,safety,False
result2,2025-04-18,15471.64824462,15471.64824462,0.00000000,0.00000000,30937.52386583,30937.52386583,0.00000000,35359.77186934,20871.60742550,10800.00000000,10800.00000000,0.00660680,OPTIMAL_SAFETY,0.00000000,0.00000000,1874.45392907,10800.00000000,833.33333333,475.26000000,0,safety,False
result2,2025-04-19,14971.09073066,14971.09073066,0.00000000,0.00000000,29936.20231233,29936.20231233,0.00000000,36131.77314531,19358.68499736,10800.00000000,10800.00000000,0.00647190,OPTIMAL_SAFETY,0.00000000,0.00000000,1825.82995586,10800.00000000,833.33333333,475.26865000,0,safety,False
result2,2025-04-20,39163.33810472,39163.33810472,0.00000000,0.00000000,65967.40708093,65967.40708093,0.00000000,34632.86346078,10374.16824315,10800.00000000,10800.00000000,0.00679920,OPTIMAL_SAFETY,0.00000000,0.00000000,1708.33510370,10800.00000000,833.33333333,721.54490000,0,safety,False
result2,2025-04-21,38131.42512650,38131.42512650,0.00000000,0.00000000,64554.68345064,64554.68345064,0.00000000,32674.65138025,12607.83728706,10800.00000000,10800.00000000,0.00989890,OPTIMAL_SAFETY,0.00000000,0.00000000,1654.94012222,10800.00000000,833.33333333,741.01655000,0,safety,False
result2,2025-04-22,35888.74513627,35888.74513627,0.00000000,0.00000000,59938.51335966,59938.51335966,0.00000000,34040.45180599,4212.27694734,10800.00000000,10800.00000000,0.00953880,OPTIMAL_SAFETY,0.00000000,0.00000000,1769.05431401,10800.00000000,833.33333333,736.15703333,0,safety,False
result2,2025-04-23,38845.47446822,38845.47446822,0.00000000,0.00000000,66106.78961056,66106.78961056,0.00000000,33024.43196113,11240.21981510,10800.00000000,10800.00000000,0.00648590,OPTIMAL_SAFETY,0.00000000,0.00000000,1731.02151970,10800.00000000,833.33333333,748.36945000,0,safety,False
result2,2025-04-24,37703.86159803,37703.86159803,0.00000000,0.00000000,63635.41371222,63635.41371222,0.00000000,32433.57550526,13140.67753929,10800.00000000,10800.00000000,0.00638210,OPTIMAL_SAFETY,0.00000000,0.00000000,1717.34604626,10800.00000000,833.33333333,745.50166667,0,safety,False
result2,2025-04-25,14343.68871804,14343.68871804,0.00000000,0.00000000,29371.93869550,29371.93869550,0.00000000,35312.75197983,23664.71757800,10800.00000000,10800.00000000,0.00674890,OPTIMAL_SAFETY,0.00000000,0.00000000,1730.93344111,10800.00000000,833.33333333,490.20833333,0,safety,False
result2,2025-04-26,14118.83382972,14118.83382972,0.00000000,0.00000000,29043.05642000,29043.05642000,0.00000000,36041.51205674,25189.49964259,10800.00000000,10800.00000000,0.00666200,OPTIMAL_SAFETY,0.00000000,0.00000000,1493.23253856,10800.00000000,833.33333333,484.13323333,0,safety,False
result2,2025-04-27,35958.17740341,35958.17740341,0.00000000,0.00000000,60586.94985855,60586.94985855,0.00000000,34849.59183362,8355.23422859,10800.00000000,10800.00000000,0.00641220,OPTIMAL_SAFETY,0.00000000,0.00000000,1335.41125278,10800.00000000,833.33333333,733.86311667,0,safety,False
result2,2025-04-28,47635.95046819,35821.59739513,0.00000000,11814.35307307,60247.95262303,61984.28283784,1736.33021481,31606.47334083,2044.50892739,10800.00000000,10800.00000000,0.00663340,OPTIMAL_SAFETY,0.00000000,0.00000000,1200.00000000,10800.00000000,833.33333333,730.89166667,0,safety,False
result2,2025-04-29,39307.67105612,39307.67105612,0.00000000,0.00000000,67092.19400270,67092.19400270,0.00000000,31093.11799898,16395.06182206,10800.00000000,10800.00000000,0.00688370,OPTIMAL_SAFETY,0.00000000,0.00000000,1419.87123648,10800.00000000,833.33333333,748.99166667,0,safety,False
result2,2025-04-30,36487.99481518,36487.99481518,0.00000000,0.00000000,61649.95045448,61649.95045448,0.00000000,31634.82050309,10072.31375839,10800.00000000,10800.00000000,0.00636610,OPTIMAL_SAFETY,0.00000000,0.00000000,1416.62206670,10800.00000000,833.33333333,746.83783333,0,safety,False
result2,2025-05-01,46400.87917744,35206.49148454,0.00000000,11194.38769290,59437.31090824,61125.76990063,1688.45899239,34619.32648503,6853.72196349,10800.00000000,10424.52172560,0.00663430,OPTIMAL_SAFETY,0.00000000,0.00000000,1200.00000000,10800.00000000,833.33333333,819.61481667,0,safety,False
result2,2025-05-02,24027.24136858,14420.95289448,0.00000000,9606.28847410,29260.35580329,30789.22006484,1528.86426155,36974.74387424,12845.65040258,10424.52172560,10195.17750435,0.00685810,OPTIMAL_SAFETY,0.00000000,0.00000000,1200.00000000,10800.00000000,833.33333333,546.41555000,0,safety,False
result2,2025-05-03,19791.57493410,14819.49742337,0.00000000,4972.07751073,29698.82153642,30615.45148858,916.62995216,36171.32824837,18058.18452072,10195.17750435,10087.68870331,0.00629480,OPTIMAL_SAFETY,0.00000000,0.00000000,1200.00000000,10800.00000000,833.33333333,572.50833333,0,safety,False
result2,2025-05-04,42753.72643884,37391.52853231,0.00000000,5362.19790653,62852.66570717,63730.01050206,877.34479489,31104.83888165,8959.98899496,10087.68870331,9856.61740720,0.00637730,OPTIMAL_SAFETY,0.00000000,0.00000000,1200.00000000,10800.00000000,833.33333333,803.87460000,0,safety,False
result2,2025-05-05,46010.67528645,38699.02855867,0.00000000,7311.64672778,66214.78503897,67302.90761768,1088.12257871,36811.14468479,8520.90404081,9856.61740720,9697.58222722,0.00754830,OPTIMAL_SAFETY,0.00000000,0.00000000,1200.00000000,10800.00000000,833.33333333,813.57316667,0,safety,False
result2,2025-05-06,42464.86719879,37563.33733509,0.00000000,4901.52986370,63363.88756737,64161.45854778,797.57098041,35816.59529400,7929.98528696,9697.58222722,9297.00690086,0.00692620,OPTIMAL_SAFETY,0.00000000,0.00000000,1200.00000000,10800.00000000,833.33333333,814.26916667,0,safety,False
result2,2025-05-07,48370.68660390,37012.26005894,0.00000000,11358.42654495,62926.26300894,64614.75811329,1688.49510435,35187.80469142,5951.18610559,9297.00690086,9198.44094146,0.00657140,OPTIMAL_SAFETY,0.00000000,0.00000000,1200.00000000,10800.00000000,833.33333333,818.62640000,0,safety,False
result2,2025-05-08,41452.27425097,41209.04531835,0.00000000,243.22893262,67267.75750096,67303.75675096,35.99925000,34502.37875454,7060.49383976,9198.44094146,9997.81119808,0.00663300,OPTIMAL_SAFETY,0.00000000,0.00000000,1623.58772685,10800.00000000,833.33333333,833.33333333,0,safety,False
result2,2025-05-09,17704.70113246,17704.70113246,0.00000000,0.00000000,33085.20756321,33085.20756321,0.00000000,34368.59445488,20180.31188454,9997.81119808,10800.00000000,0.00659160,OPTIMAL_SAFETY,0.00000000,0.00000000,2010.84248407,10800.00000000,833.33333333,560.79180000,0,safety,False
result2,2025-05-10,17598.54031256,17598.54031256,0.00000000,0.00000000,32761.64514633,32761.64514633,0.00000000,34545.92366747,17014.23218520,10800.00000000,10800.00000000,0.00604010,OPTIMAL_SAFETY,0.00000000,0.00000000,2196.19695389,10800.00000000,833.33333333,554.00495000,0,safety,False
result2,2025-05-11,41958.68423497,41727.64186027,0.00000000,231.04237470,68946.86444959,68981.15507109,34.29062150,32726.05965423,10061.74375886,10800.00000000,10800.00000000,0.00656580,OPTIMAL_SAFETY,0.00000000,0.00000000,1632.25446074,10800.00000000,833.33333333,833.33333333,0,safety,False
result2,2025-05-12,42342.95804312,42342.95804312,0.00000000,0.00000000,70145.99816798,70145.99816798,0.00000000,28572.08607581,15215.52318084,10800.00000000,10800.00000000,0.00690940,OPTIMAL_SAFETY,0.00000000,0.00000000,1777.22083148,10800.00000000,833.33333333,819.36453333,0,safety,False
result2,2025-05-13,40672.02655726,40672.02655726,0.00000000,0.00000000,67197.62143714,67197.62143714,0.00000000,32558.33454394,10650.68294487,10800.00000000,10800.00000000,0.00635970,OPTIMAL_SAFETY,0.00000000,0.00000000,1581.39052130,10800.00000000,833.33333333,825.48123333,0,safety,False
result2,2025-05-14,41989.81488877,41989.81488877,0.00000000,0.00000000,69287.89028377,69287.89028377,0.00000000,31227.92385084,12995.67214593,10800.00000000,10800.00000000,0.00638340,OPTIMAL_SAFETY,0.00000000,0.00000000,2003.00874778,10800.00000000,833.33333333,814.10511083,0,safety,False
result2,2025-05-15,41520.91045847,41520.91045847,0.00000000,0.00000000,68825.12066174,68825.12066174,0.00000000,32050.93904612,12695.59916362,10800.00000000,10800.00000000,0.00680660,OPTIMAL_SAFETY,0.00000000,0.00000000,2285.40365500,10800.00000000,833.33333333,805.62166667,0,safety,False
result2,2025-05-16,17375.32807186,17375.32807186,0.00000000,0.00000000,32500.18944683,32500.18944683,0.00000000,33388.41339717,26279.82183866,10800.00000000,10800.00000000,0.00621130,OPTIMAL_SAFETY,0.00000000,0.00000000,2138.15651815,10800.00000000,833.33333333,566.11333333,0,safety,False
result2,2025-05-17,16851.68175489,16851.68175489,0.00000000,0.00000000,31759.04577483,31759.04577483,0.00000000,35962.40104153,17535.18801863,10800.00000000,10800.00000000,0.00621900,OPTIMAL_SAFETY,0.00000000,0.00000000,1697.60287259,10800.00000000,833.33333333,593.32743333,0,safety,False
result2,2025-05-18,42379.02111111,42379.02111111,0.00000000,0.00000000,69835.15903635,69835.15903635,0.00000000,31933.94613720,12806.80874515,10800.00000000,10800.00000000,0.00745200,OPTIMAL_SAFETY,0.00000000,0.00000000,2095.52102074,10800.00000000,833.33333333,807.79466667,0,safety,False
result2,2025-05-19,40595.44101245,40143.53703078,0.00000000,451.90398167,66734.76145552,66801.76478886,67.00333333,30801.01083167,16053.29295819,10800.00000000,10800.00000000,0.00688850,OPTIMAL_SAFETY,0.00000000,0.00000000,1599.88101074,10800.00000000,833.33333333,833.33333333,0,safety,False
result2,2025-05-20,38894.06484384,38894.06484384,0.00000000,0.00000000,64256.39398664,64256.39398664,0.00000000,31642.04085826,6407.45896939,10800.00000000,10800.00000000,0.00622700,OPTIMAL_SAFETY,0.00000000,0.00000000,1681.57160444,10800.00000000,833.33333333,828.58704983,0,safety,False
result2,2025-05-21,40917.36198713,40917.36198713,0.00000000,0.00000000,68048.27047600,68048.27047600,0.00000000,29583.97009712,13580.15556921,10800.00000000,10800.00000000,0.00667530,OPTIMAL_SAFETY,0.00000000,0.00000000,1757.02319691,10800.00000000,833.33333333,811.00433333,0,safety,False
result2,2025-05-22,39940.10564914,39922.77228414,0.00000000,17.33336500,65840.74669200,65843.31669200,2.57000000,31073.68879643,11764.80694090,10800.00000000,10800.00000000,0.00777830,OPTIMAL_SAFETY,0.00000000,0.00000000,1572.03713648,10800.00000000,833.33333333,833.33333333,0,safety,False
result2,2025-05-23,16622.16530909,16622.16530909,0.00000000,0.00000000,31545.33129417,31545.33129417,0.00000000,36019.18682477,21343.36279939,10800.00000000,10800.00000000,0.00639170,OPTIMAL_SAFETY,0.00000000,0.00000000,1895.97812981,10800.00000000,833.33333333,551.31406667,0,safety,False
result2,2025-05-24,17042.83873982,17042.83873982,0.00000000,0.00000000,31936.70687150,31936.70687150,0.00000000,34543.35617986,24556.10732564,10800.00000000,10800.00000000,0.00622140,OPTIMAL_SAFETY,0.00000000,0.00000000,2289.18971054,10800.00000000,833.33333333,551.42843333,0,safety,False
result2,2025-05-25,39162.47888744,39162.47888744,0.00000000,0.00000000,65591.93114295,65591.93114295,0.00000000,30133.39735275,13883.74665187,10800.00000000,10800.00000000,0.00679120,OPTIMAL_SAFETY,0.00000000,0.00000000,1591.19395444,10800.00000000,833.33333333,810.78935000,0,safety,False
result2,2025-05-26,37574.58571603,37574.58571603,0.00000000,0.00000000,61721.90666919,61721.90666919,0.00000000,32971.62250091,3680.96417490,10800.00000000,10800.00000000,0.00649540,OPTIMAL_SAFETY,0.00000000,0.00000000,1947.47466292,10800.00000000,833.33333333,824.93333333,0,safety,False
result2,2025-05-27,41787.15080666,41787.15080666,0.00000000,0.00000000,69580.99895613,69580.99895613,0.00000000,29506.54362396,17093.25967350,10800.00000000,10800.00000000,0.00656530,OPTIMAL_SAFETY,0.00000000,0.00000000,1777.20717556,10800.00000000,833.33333333,813.24505833,0,safety,False
result2,2025-05-28,39169.88692929,39169.88692929,0.00000000,0.00000000,64528.37835774,64528.37835774,0.00000000,32228.61948750,8871.43950491,10800.00000000,10800.00000000,0.00665930,OPTIMAL_SAFETY,0.00000000,0.00000000,1705.13034537,10800.00000000,833.33333333,818.90187983,0,safety,False
result2,2025-05-29,39718.99027620,39599.21258061,0.00000000,119.77769558,65838.60057098,65856.41800432,17.81743333,33843.05037479,8193.70910586,10800.00000000,10800.00000000,0.00691630,OPTIMAL_SAFETY,0.00000000,0.00000000,1615.10622037,10800.00000000,833.33333333,833.33333333,0,safety,False
result2,2025-05-30,16662.55100525,16662.55100525,0.00000000,0.00000000,31636.80608083,31636.80608083,0.00000000,34871.59813540,21380.01831377,10800.00000000,10800.00000000,0.00619630,OPTIMAL_SAFETY,0.00000000,0.00000000,2190.37276333,10800.00000000,833.33333333,532.51976667,0,safety,False
result2,2025-05-31,16479.16115480,16479.16115480,0.00000000,0.00000000,31304.76100633,31304.76100633,0.00000000,36514.73178036,19082.54131364,10800.00000000,10800.00000000,0.00661940,OPTIMAL_SAFETY,0.00000000,0.00000000,1553.08134032,10800.00000000,833.33333333,551.28035000,0,safety,False
result2,2025-06-01,96849.63999043,39070.46481368,0.00000000,57779.17517675,64650.82363708,73495.33700676,8844.51336969,29003.96738206,26.48575000,10800.00000000,9994.96187175,0.00753610,OPTIMAL_SAFETY,0.00000000,0.00000000,1200.00000000,10800.00000000,833.33333333,833.33333333,0,safety,False
result2,2025-06-02,72126.17251548,43605.68347592,0.00000000,28520.48903956,72620.63106605,76908.23608279,4287.60501674,37674.30006090,5118.35104407,9994.96187175,9184.80266286,0.00697810,OPTIMAL_SAFETY,0.00000000,0.00000000,1200.00000000,10800.00000000,833.33333333,833.33333333,0,safety,False
result2,2025-06-03,58883.65421956,41973.97932025,0.00000000,16909.67489930,69486.97028134,72250.90826587,2763.93798453,39708.28074264,474.20914183,9184.80266286,8597.61827679,0.00656680,OPTIMAL_SAFETY,0.00000000,0.00000000,1200.00000000,10649.55647804,833.33333333,833.33333333,0,safety,False
result2,2025-06-04,65592.69546641,42627.44416400,0.00000000,22965.25130242,71007.70270451,74487.03991873,3479.33721421,35638.77363675,1781.63915855,8597.61827679,7912.88844721,0.00787270,OPTIMAL_SAFETY,0.00000000,0.00000000,1200.00000000,10800.00000000,833.33333333,833.33333333,0,safety,False
result2,2025-06-05,52077.48945958,51316.28328887,0.00000000,761.20617071,82033.87093225,82146.81678559,112.94585333,38159.32866335,6550.50583619,7912.88844721,8356.65775955,0.00785900,OPTIMAL_SAFETY,0.00000000,0.00000000,1541.68348296,10800.00000000,833.33333333,833.33333333,0,safety,False
result2,2025-06-06,23110.79948714,22225.12557419,0.00000000,885.67391296,38878.22943296,39005.18956956,126.96013661,32869.28935785,4492.09444469,8356.65775955,8565.54416179,0.00684650,OPTIMAL_SAFETY,0.00000000,0.00000000,1200.00000000,10800.00000000,833.33333333,662.16833333,0,safety,False
result2,2025-06-07,29335.26042478,18020.19856831,0.00000000,11315.06185647,33443.67339810,35157.86720702,1714.19380892,33927.06762528,994.42037445,8565.54416179,8038.15920983,0.00643620,OPTIMAL_SAFETY,0.00000000,0.00000000,1200.00000000,10800.00000000,831.38040617,659.94108333,0,safety,False
result2,2025-06-08,57479.37310456,57479.37310456,0.00000000,0.00000000,90989.37911358,90989.37911358,0.00000000,26867.60433628,21794.33882530,8038.15920983,9234.52975718,0.00807110,OPTIMAL_SAFETY,0.00000000,0.00000000,1936.84420500,10800.00000000,833.33333333,802.46165667,0,safety,False
result2,2025-06-09,60060.97161834,60060.97161834,0.00000000,0.00000000,93713.26773349,93713.26773349,0.00000000,35364.81083666,17511.40555483,9234.52975718,10800.00000000,0.00726260,OPTIMAL_SAFETY,0.00000000,0.00000000,2581.98901500,10800.00000000,833.33333333,773.85881667,0,safety,False
result2,2025-06-10,62458.75093439,62458.75093439,0.00000000,0.00000000,96810.18335283,96810.18335283,0.00000000,32263.89827608,21804.92106842,10800.00000000,10800.00000000,0.00634010,OPTIMAL_SAFETY,0.00000000,0.00000000,2741.01544926,10800.00000000,833.33333333,747.65603833,0,safety,False
result2,2025-06-11,62816.86337910,62816.86337910,0.00000000,0.00000000,98093.91011100,98093.91011100,0.00000000,38642.55197451,17953.06331082,10800.00000000,10800.00000000,0.00701860,OPTIMAL_SAFETY,0.00000000,0.00000000,2237.82948090,10800.00000000,833.33333333,740.71801667,0,safety,False
result2,2025-06-12,65489.87804700,65489.87804700,0.00000000,0.00000000,100839.72236700,100839.72236700,0.00000000,29465.21346126,25294.29747641,10800.00000000,10800.00000000,0.00713830,OPTIMAL_SAFETY,0.00000000,0.00000000,2988.11531759,10800.00000000,833.33333333,734.88109167,0,safety,False
result2,2025-06-13,32071.19940751,32071.19940751,0.00000000,0.00000000,53624.32919882,53624.32919882,0.00000000,23638.37853011,22797.63874704,10800.00000000,10800.00000000,0.00737370,OPTIMAL_SAFETY,0.00000000,0.00000000,2790.84571574,10800.00000000,833.33333333,637.93761667,0,safety,False
result2,2025-06-14,31365.14948119,31365.14948119,0.00000000,0.00000000,54269.69918656,54269.69918656,0.00000000,19835.34693807,25994.19294582,10800.00000000,10800.00000000,0.00696330,OPTIMAL_SAFETY,0.00000000,0.00000000,2889.14946074,10800.00000000,833.33333333,655.41496667,0,safety,False
result2,2025-06-15,59633.75677628,59633.75677628,0.00000000,0.00000000,93827.10289918,93827.10289918,0.00000000,33778.51916321,19654.31716197,10800.00000000,10800.00000000,0.00712160,OPTIMAL_SAFETY,0.00000000,0.00000000,2909.85564426,10800.00000000,833.33333333,768.71611500,0,safety,False
result2,2025-06-16,62610.48225558,62610.48225558,0.00000000,0.00000000,97114.98616717,97114.98616717,0.00000000,33678.84030610,20885.58547306,10800.00000000,10800.00000000,0.00698700,OPTIMAL_SAFETY,0.00000000,0.00000000,2841.74761222,10800.00000000,833.33333333,757.11000000,0,safety,False
result2,2025-06-17,62854.64079370,62854.64079370,0.00000000,0.00000000,97599.87725190,97599.87725190,0.00000000,32729.82202935,19527.13886088,10800.00000000,10800.00000000,0.00647250,OPTIMAL_SAFETY,0.00000000,0.00000000,2500.79173167,10800.00000000,833.33333333,791.21666667,0,safety,False
result2,2025-06-18,65639.91726888,65639.91726888,0.00000000,0.00000000,101039.50174504,101039.50174504,0.00000000,27598.41582103,27214.03957101,10800.00000000,10800.00000000,0.00662730,OPTIMAL_SAFETY,0.00000000,0.00000000,2660.69744741,10800.00000000,833.33333333,803.99050000,0,safety,False
result2,2025-06-19,62442.45233307,62442.45233307,0.00000000,0.00000000,96793.66838943,96793.66838943,0.00000000,32073.06458891,25167.37840385,10800.00000000,10800.00000000,0.00693730,OPTIMAL_SAFETY,0.00000000,0.00000000,2430.21220019,10800.00000000,833.33333333,799.16700000,0,safety,False
result2,2025-06-20,28750.59348732,28750.59348732,0.00000000,0.00000000,48217.18076975,48217.18076975,0.00000000,25842.95013410,23103.80404932,10800.00000000,10800.00000000,0.00665860,OPTIMAL_SAFETY,0.00000000,0.00000000,2982.41903870,10800.00000000,833.33333333,636.11500000,0,safety,False
result2,2025-06-21,27796.42792375,27796.42792375,0.00000000,0.00000000,47205.81362962,47205.81362962,0.00000000,26949.18135072,25042.15364032,10800.00000000,10800.00000000,0.00672450,OPTIMAL_SAFETY,0.00000000,0.00000000,2889.98459204,10800.00000000,833.33333333,667.49070000,0,safety,False
result2,2025-06-22,57651.11952025,57651.11952025,0.00000000,0.00000000,90489.29911429,90489.29911429,0.00000000,29684.08126937,19915.94948325,10800.00000000,10800.00000000,0.00743900,OPTIMAL_SAFETY,0.00000000,0.00000000,2390.18912167,10800.00000000,833.33333333,771.18419167,0,safety,False
result2,2025-06-23,60161.04963595,60161.04963595,0.00000000,0.00000000,94059.37461444,94059.37461444,0.00000000,32713.35975310,23564.08952434,10800.00000000,10800.00000000,0.00730980,OPTIMAL_SAFETY,0.00000000,0.00000000,2596.42798352,10800.00000000,833.33333333,783.30570667,0,safety,False
result2,2025-06-24,60361.58239257,60320.98979754,0.00000000,40.59259503,93838.65570021,93848.81655003,10.16084982,39782.62937992,13403.94718280,10800.00000000,10800.00000000,0.00724130,OPTIMAL_SAFETY,0.00000000,0.00000000,1200.00000000,10800.00000000,833.33333333,748.11804167,0,safety,False
result2,2025-06-25,62716.80236874,62716.80236874,0.00000000,0.00000000,97491.63675067,97491.63675067,0.00000000,30666.57956415,23835.07167285,10800.00000000,10800.00000000,0.00979750,OPTIMAL_SAFETY,0.00000000,0.00000000,2496.71563722,10800.00000000,833.33333333,762.65481583,0,safety,False
result2,2025-06-26,59767.74349328,59767.74349328,0.00000000,0.00000000,93383.30765196,93383.30765196,0.00000000,31689.94471005,22509.35503691,10800.00000000,10800.00000000,0.00894690,OPTIMAL_SAFETY,0.00000000,0.00000000,2382.28522333,10800.00000000,833.33333333,810.94695333,0,safety,False
result2,2025-06-27,25730.03186437,25730.03186437,0.00000000,0.00000000,44045.21381320,44045.21381320,0.00000000,29918.16352773,21132.98724473,10800.00000000,10800.00000000,0.00685080,OPTIMAL_SAFETY,0.00000000,0.00000000,2804.24644444,10800.00000000,833.33333333,641.48833333,0,safety,False
result2,2025-06-28,24515.52734248,24515.52734248,0.00000000,0.00000000,42260.95211177,42260.95211177,0.00000000,31897.29935262,17135.69070395,10800.00000000,10800.00000000,0.00716290,OPTIMAL_SAFETY,0.00000000,0.00000000,2957.08614596,10800.00000000,833.33333333,628.01028333,0,safety,False
result2,2025-06-29,56660.28273402,56660.28273402,0.00000000,0.00000000,89413.11644783,89413.11644783,0.00000000,32332.36844021,16751.34238763,10800.00000000,10800.00000000,0.00795260,OPTIMAL_SAFETY,0.00000000,0.00000000,2492.37754333,10800.00000000,833.33333333,759.26541850,0,safety,False
result2,2025-06-30,58064.13669373,58064.13669373,0.00000000,0.00000000,91075.39917528,91075.39917528,0.00000000,34125.40555113,17615.49029984,10800.00000000,10800.00000000,0.00811520,OPTIMAL_SAFETY,0.00000000,0.00000000,2407.40596944,10800.00000000,833.33333333,819.00339150,0,safety,False
result2,2025-07-01,63542.75340747,61305.26807497,0.00000000,2237.48533250,95582.12418625,95933.03419175,350.91000550,36370.69860844,13455.18415698,10800.00000000,10592.23951500,0.00876220,OPTIMAL_SAFETY,0.00000000,0.00000000,1200.00000000,10800.00000000,833.33333333,833.33333333,0,safety,False
result2,2025-07-02,58871.91235802,56142.75885000,0.00000000,2729.15350802,88830.59225724,89253.01288474,422.42062750,34421.09373276,12885.36679198,10592.23951500,10441.01979000,0.00780230,OPTIMAL_SAFETY,0.00000000,0.00000000,1200.00000000,10800.00000000,833.33333333,833.33333333,0,safety,False
result2,2025-07-03,55576.91967893,53513.73439920,0.00000000,2063.18527973,84606.07622283,84947.61191656,341.53569373,41449.13376702,930.64521675,10441.01979000,10346.02870200,0.00725560,OPTIMAL_SAFETY,0.00000000,0.00000000,1200.00000000,10800.00000000,833.33333333,833.33333333,0,safety,False
result2,2025-07-04,29887.84882259,25029.79629226,0.00000000,4858.05253033,42607.38086170,43700.57933856,1093.19847686,38283.12648831,10998.65568246,10346.02870200,10147.31629650,0.00713330,OPTIMAL_SAFETY,0.00000000,0.00000000,1200.00000000,10800.00000000,833.33333333,779.20833333,0,safety,False
result2,2025-07-05,39429.10974295,22992.85622793,0.00000000,16436.25351502,39889.01983065,43216.25270296,3327.23287231,37229.74676654,10857.56641450,10147.31629650,9805.94160583,0.00822840,OPTIMAL_SAFETY,0.00000000,0.00000000,1200.00000000,10800.00000000,833.33333333,728.09283333,0,safety,False
result2,2025-07-06,65131.03665828,53344.59108254,0.00000000,11786.44557574,85144.43034009,86888.23624062,1743.80590053,41385.13930474,2979.38789497,9805.94160583,9575.23740152,0.00900930,OPTIMAL_SAFETY,0.00000000,0.00000000,1200.00000000,10800.00000000,833.33333333,833.33333333,0,safety,False
result2,2025-07-07,58330.04887347,57435.60320202,0.00000000,894.44567146,90529.12633304,90661.74446854,132.61813550,34014.33378143,13595.72633044,9575.23740152,9661.68495920,0.00712030,OPTIMAL_SAFETY,0.00000000,0.00000000,1257.78937727,10800.00000000,833.33333333,833.33333333,0,safety,False
result2,2025-07-08,63773.52852083,63773.52852083,0.00000000,0.00000000,99611.14219987,99611.14219987,0.00000000,34412.62991876,19295.35365944,9661.68495920,10800.00000000,0.00628190,OPTIMAL_SAFETY,0.00000000,0.00000000,2549.02882648,10800.00000000,833.33333333,802.42483100,0,safety,False
result2,2025-07-09,63181.09283069,63181.09283069,0.00000000,0.00000000,98236.16469005,98236.16469005,0.00000000,30508.23905099,20974.91734207,10800.00000000,10800.00000000,0.00989220,OPTIMAL_SAFETY,0.00000000,0.00000000,2867.87734093,10800.00000000,833.33333333,801.32084250,0,safety,False
result2,2025-07-10,64733.48086560,64733.48086560,0.00000000,0.00000000,100621.47152052,100621.47152052,0.00000000,31041.89435654,24509.30674064,10800.00000000,10800.00000000,0.01067710,OPTIMAL_SAFETY,0.00000000,0.00000000,2513.55241685,10800.00000000,833.33333333,786.98839717,0,safety,False
result2,2025-07-11,32958.75296740,32958.75296740,0.00000000,0.00000000,53978.50599390,53978.50599390,0.00000000,33178.57143450,17976.89537840,10800.00000000,10800.00000000,0.00970820,OPTIMAL_SAFETY,0.00000000,0.00000000,2894.09410426,10800.00000000,833.33333333,737.08138333,0,safety,False
result2,2025-07-12,33376.05481734,33376.05481734,0.00000000,0.00000000,54958.96466469,54958.96466469,0.00000000,29429.41785176,20785.44542426,10800.00000000,10800.00000000,0.00985000,OPTIMAL_SAFETY,0.00000000,0.00000000,2719.27767889,10800.00000000,833.33333333,716.19871667,0,safety,False
result2,2025-07-13,65929.77254055,65929.77254055,0.00000000,0.00000000,101838.62706415,101838.62706415,0.00000000,27347.75452309,29700.14790206,10800.00000000,10800.00000000,0.01104740,OPTIMAL_SAFETY,0.00000000,0.00000000,2831.67265574,10800.00000000,833.33333333,818.75226017,0,safety,False
result2,2025-07-14,60742.86938047,60742.86938047,0.00000000,0.00000000,95135.68069550,95135.68069550,0.00000000,28722.34384069,20312.94881047,10800.00000000,10800.00000000,0.00982940,OPTIMAL_SAFETY,0.00000000,0.00000000,2560.38117407,10800.00000000,833.33333333,781.60513083,0,safety,False
result2,2025-07-15,62113.62829516,62113.62829516,0.00000000,0.00000000,96571.28097594,96571.28097594,0.00000000,27878.57628780,20895.75000881,10800.00000000,10800.00000000,0.00960140,OPTIMAL_SAFETY,0.00000000,0.00000000,2900.76597926,10800.00000000,833.33333333,757.48529250,0,safety,False
result2,2025-07-16,61804.79819647,61804.79819647,0.00000000,0.00000000,96982.48129460,96982.48129460,0.00000000,30241.70997949,21673.37376978,10800.00000000,10800.00000000,0.01057500,OPTIMAL_SAFETY,0.00000000,0.00000000,2609.05175315,10800.00000000,833.33333333,778.08083333,0,safety,False
result2,2025-07-17,60945.62278445,60945.62278445,0.00000000,0.00000000,95291.25078370,95291.25078370,0.00000000,32993.22089206,19107.45793831,10800.00000000,10800.00000000,0.01172920,OPTIMAL_SAFETY,0.00000000,0.00000000,2853.91373333,10800.00000000,833.33333333,752.46343567,0,safety,False
result2,2025-07-18,32289.11668837,32289.11668837,0.00000000,0.00000000,53217.62976717,53217.62976717,0.00000000,30778.25024405,18712.51561945,10800.00000000,10800.00000000,0.01064360,OPTIMAL_SAFETY,0.00000000,0.00000000,2703.51751000,10800.00000000,833.33333333,738.77500000,0,safety,False
result2,2025-07-19,32920.21384000,32920.21384000,0.00000000,0.00000000,54300.14328496,54300.14328496,0.00000000,28847.20249314,24089.16485723,10800.00000000,10800.00000000,0.00996100,OPTIMAL_SAFETY,0.00000000,0.00000000,2724.13282981,10800.00000000,833.33333333,737.13500000,0,safety,False
result2,2025-07-20,60151.39155605,60151.39155605,0.00000000,0.00000000,93413.40969044,93413.40969044,0.00000000,28874.34824453,18292.42254203,10800.00000000,10800.00000000,0.00967660,OPTIMAL_SAFETY,0.00000000,0.00000000,2879.96880370,10800.00000000,833.33333333,716.91756833,0,safety,False
result2,2025-07-21,61493.24118915,61493.24118915,0.00000000,0.00000000,95807.44240118,95807.44240118,0.00000000,30184.40313278,18649.16454553,10800.00000000,10800.00000000,0.00756470,OPTIMAL_SAFETY,0.00000000,0.00000000,2929.69654222,10800.00000000,833.33333333,745.24358667,0,safety,False
result2,2025-07-22,61757.64178428,61757.64178428,0.00000000,0.00000000,96533.46731975,96533.46731975,0.00000000,31731.72171909,19407.36848948,10800.00000000,10800.00000000,0.00643820,OPTIMAL_SAFETY,0.00000000,0.00000000,2558.97218463,10800.00000000,833.33333333,767.14610533,0,safety,False
result2,2025-07-23,61319.64358475,61319.64358475,0.00000000,0.00000000,95879.10819705,95879.10819705,0.00000000,33262.40489241,18170.92741764,10800.00000000,10800.00000000,0.01058990,OPTIMAL_SAFETY,0.00000000,0.00000000,2658.02841111,10800.00000000,833.33333333,783.19750417,0,safety,False
result2,2025-07-24,61551.39181525,61551.39181525,0.00000000,0.00000000,95862.05773220,95862.05773220,0.00000000,29758.63339050,19121.75128790,10800.00000000,10800.00000000,0.01085860,OPTIMAL_SAFETY,0.00000000,0.00000000,2756.85184204,10800.00000000,833.33333333,770.49451183,0,safety,False
result2,2025-07-25,31492.14369268,31492.14369268,0.00000000,0.00000000,51929.71609033,51929.71609033,0.00000000,32619.03615566,22000.29880567,10800.00000000,10800.00000000,0.00765080,OPTIMAL_SAFETY,0.00000000,0.00000000,2679.81618296,10800.00000000,833.33333333,714.62075000,0,safety,False
result2,2025-07-26,31720.02022632,31720.02022632,0.00000000,0.00000000,51903.05349633,51903.05349633,0.00000000,33124.82765830,19956.77007603,10800.00000000,10800.00000000,0.00616820,OPTIMAL_SAFETY,0.00000000,0.00000000,2672.22946037,10800.00000000,833.33333333,730.47403333,0,safety,False
result2,2025-07-27,60729.35799100,60729.35799100,0.00000000,0.00000000,95140.04760261,95140.04760261,0.00000000,33952.01596686,17890.83402708,10800.00000000,10800.00000000,0.00689880,OPTIMAL_SAFETY,0.00000000,0.00000000,2716.00978370,10800.00000000,833.33333333,764.04793767,0,safety,False
result2,2025-07-28,61444.97111006,61444.97111006,0.00000000,0.00000000,95858.75179731,95858.75179731,0.00000000,33535.01537396,14383.62433135,10800.00000000,10800.00000000,0.00685960,OPTIMAL_SAFETY,0.00000000,0.00000000,2772.53900185,10800.00000000,833.33333333,740.82155533,0,safety,False
result2,2025-07-29,63362.08181650,63362.08181650,0.00000000,0.00000000,98838.77036534,98838.77036534,0.00000000,32045.16009004,19405.66783130,10800.00000000,10800.00000000,0.00614130,OPTIMAL_SAFETY,0.00000000,0.00000000,2547.46344593,10800.00000000,833.33333333,818.97314717,0,safety,False
result2,2025-07-30,62506.75366825,62506.75366825,0.00000000,0.00000000,97629.36814148,97629.36814148,0.00000000,31519.49220275,20217.43811440,10800.00000000,10800.00000000,0.00671900,OPTIMAL_SAFETY,0.00000000,0.00000000,2819.85246833,10800.00000000,833.33333333,714.34998567,0,safety,False
result2,2025-07-31,61065.49982035,61065.49982035,0.00000000,0.00000000,95520.42117244,95520.42117244,0.00000000,33513.77111607,17307.40473337,10800.00000000,10800.00000000,0.00755750,OPTIMAL_SAFETY,0.00000000,0.00000000,2383.78916870,10800.00000000,833.33333333,754.50942867,0,safety,False
result2,2025-08-01,30722.06609573,30722.06609573,0.00000000,0.00000000,50980.78916900,50980.78916900,0.00000000,31357.15358766,26437.79459534,10800.00000000,10800.00000000,0.00836800,OPTIMAL_SAFETY,0.00000000,0.00000000,2471.05261370,10800.00000000,833.33333333,725.08333333,0,safety,False
result2,2025-08-02,30279.99622308,30279.99622308,0.00000000,0.00000000,50091.27434250,50091.27434250,0.00000000,32298.30041425,25773.82008391,10800.00000000,10800.00000000,0.00897890,OPTIMAL_SAFETY,0.00000000,0.00000000,2683.59921778,10800.00000000,833.33333333,720.14000000,0,safety,False
result2,2025-08-03,58212.51526066,58212.51526066,0.00000000,0.00000000,91201.58813079,91201.58813079,0.00000000,28039.91370981,25418.69179117,10800.00000000,10800.00000000,0.00653340,OPTIMAL_SAFETY,0.00000000,0.00000000,2215.61721852,10800.00000000,833.33333333,804.98007967,0,safety,False
result2,2025-08-04,56861.79359550,56861.79359550,0.00000000,0.00000000,89848.30800227,89848.30800227,0.00000000,29764.97119454,21308.15318029,10800.00000000,10800.00000000,0.00650830,OPTIMAL_SAFETY,0.00000000,0.00000000,2563.50305352,10800.00000000,833.33333333,811.86087600,0,safety,False
result2,2025-08-05,57227.06022621,57227.06022621,0.00000000,0.00000000,90189.54556812,90189.54556812,0.00000000,29758.19055367,21913.44787611,10800.00000000,10800.00000000,0.00732910,OPTIMAL_SAFETY,0.00000000,0.00000000,2746.49237315,10800.00000000,833.33333333,772.07787883,0,safety,False
result2,2025-08-06,57179.53792609,57179.53792609,0.00000000,0.00000000,90134.87105073,90134.87105073,0.00000000,29939.25445524,18877.67711750,10800.00000000,10800.00000000,0.00702100,OPTIMAL_SAFETY,0.00000000,0.00000000,2672.43457778,10800.00000000,833.33333333,740.34789850,0,safety,False
result2,2025-08-07,58386.19406581,58386.19406581,0.00000000,0.00000000,91421.78388767,91421.78388767,0.00000000,30810.36585755,24799.56133770,10800.00000000,10800.00000000,0.00628560,OPTIMAL_SAFETY,0.00000000,0.00000000,2566.86851907,10800.00000000,833.33333333,756.96514050,0,safety,False
result2,2025-08-08,29602.61068917,29602.61068917,0.00000000,0.00000000,49333.29717700,49333.29717700,0.00000000,32669.23859201,30128.75833999,10800.00000000,10800.00000000,0.00700490,OPTIMAL_SAFETY,0.00000000,0.00000000,2656.50217481,10800.00000000,833.33333333,720.26551667,0,safety,False
result2,2025-08-09,29102.21960146,29102.21960146,0.00000000,0.00000000,48402.13407883,48402.13407883,0.00000000,32477.91983750,26070.92067600,10800.00000000,10800.00000000,0.00784320,OPTIMAL_SAFETY,0.00000000,0.00000000,2761.92475185,10800.00000000,833.33333333,700.32166667,0,safety,False
result2,2025-08-10,54163.56277708,54163.56277708,0.00000000,0.00000000,85029.40739087,85029.40739087,0.00000000,29622.28978253,16615.26620901,10800.00000000,10800.00000000,0.00685050,OPTIMAL_SAFETY,0.00000000,0.00000000,2756.29667704,10800.00000000,833.33333333,748.36942850,0,safety,False
result2,2025-08-11,54644.09770819,54631.59508072,0.00000000,12.50262747,86149.27027257,86151.12484907,1.85457650,33460.42264238,18077.45145935,10800.00000000,10800.00000000,0.00636760,OPTIMAL_SAFETY,0.00000000,0.00000000,2092.82485963,10800.00000000,833.33333333,833.33333333,0,safety,False
result2,2025-08-12,53435.23038272,53391.16238036,0.00000000,44.06800237,84422.00403142,84428.54085592,6.53682450,31388.59807410,13373.06149648,10800.00000000,10800.00000000,0.00657560,OPTIMAL_SAFETY,0.00000000,0.00000000,2152.16815222,10800.00000000,833.33333333,833.33333333,0,safety,False
result2,2025-08-13,55627.50430782,55555.93284611,0.00000000,71.57146171,87525.24663521,87535.86318371,10.61654850,31148.18310141,18145.18495511,10800.00000000,10800.00000000,0.00703750,OPTIMAL_SAFETY,0.00000000,0.00000000,2259.18179870,10800.00000000,833.33333333,833.33333333,0,safety,False
result2,2025-08-14,53552.05707645,53552.05707645,0.00000000,0.00000000,84678.62712818,84678.62712818,0.00000000,34323.44994059,15149.32206269,10800.00000000,10800.00000000,0.00676490,OPTIMAL_SAFETY,0.00000000,0.00000000,2255.19411463,10800.00000000,833.33333333,814.26089967,0,safety,False
result2,2025-08-15,28869.94890157,28869.94890157,0.00000000,0.00000000,48373.60989517,48373.60989517,0.00000000,33398.44603240,27707.96878744,10800.00000000,10800.00000000,0.00635150,OPTIMAL_SAFETY,0.00000000,0.00000000,2406.96456259,10800.00000000,833.33333333,707.02603333,0,safety,False
result2,2025-08-16,28697.93631487,28697.93631487,0.00000000,0.00000000,48030.11450583,48030.11450583,0.00000000,33835.14124312,27549.07898105,10800.00000000,10800.00000000,0.00726780,OPTIMAL_SAFETY,0.00000000,0.00000000,2311.92068426,10800.00000000,833.33333333,731.89500000,0,safety,False
result2,2025-08-17,53181.21785983,53181.21785983,0.00000000,0.00000000,83398.52098013,83398.52098013,0.00000000,32269.19017904,16845.75380876,10800.00000000,10800.00000000,0.00807800,OPTIMAL_SAFETY,0.00000000,0.00000000,2297.57062704,10800.00000000,833.33333333,810.57946283,0,safety,False
result2,2025-08-18,53091.42905275,53091.42905275,0.00000000,0.00000000,83618.23346867,83618.23346867,0.00000000,32857.53525581,15774.98431686,10800.00000000,10800.00000000,0.00643430,OPTIMAL_SAFETY,0.00000000,0.00000000,2313.08831593,10800.00000000,833.33333333,793.96487367,0,safety,False
result2,2025-08-19,54556.52458986,54556.52458986,0.00000000,0.00000000,85555.69880963,85555.69880963,0.00000000,30739.49510467,18011.24093096,10800.00000000,10800.00000000,0.00645920,OPTIMAL_SAFETY,0.00000000,0.00000000,2336.85982333,10800.00000000,833.33333333,811.60993717,0,safety,False
result2,2025-08-20,56070.24735241,53812.75414572,0.00000000,2257.49320670,84793.88693487,85240.94214533,447.05521046,37588.33652802,10644.51409506,10800.00000000,10800.00000000,0.00665780,OPTIMAL_SAFETY,0.00000000,0.00000000,1200.00000000,10800.00000000,833.33333333,833.33333333,0,safety,False
result2,2025-08-21,56545.57204455,56545.57204455,0.00000000,0.00000000,88598.77396057,88598.77396057,0.00000000,28274.86881334,19786.27532556,10800.00000000,10800.00000000,0.00642690,OPTIMAL_SAFETY,0.00000000,0.00000000,2360.74515778,10800.00000000,833.33333333,773.44191833,0,safety,False
result2,2025-08-22,28494.11775433,28494.11775433,0.00000000,0.00000000,48069.65613700,48069.65613700,0.00000000,33525.47909400,23319.83755034,10800.00000000,10800.00000000,0.00798240,OPTIMAL_SAFETY,0.00000000,0.00000000,2146.35832833,10800.00000000,833.33333333,751.17333333,0,safety,False
result2,2025-08-23,29014.57239100,29014.57239100,0.00000000,0.00000000,48310.42149683,48310.42149683,0.00000000,33123.86363331,22303.32468919,10800.00000000,10800.00000000,0.00949680,OPTIMAL_SAFETY,0.00000000,0.00000000,2573.91431815,10800.00000000,833.33333333,693.40333333,0,safety,False
result2,2025-08-24,54706.17960068,54706.17960068,0.00000000,0.00000000,85814.82340296,85814.82340296,0.00000000,31304.73759506,18795.10124390,10800.00000000,10800.00000000,0.00969380,OPTIMAL_SAFETY,0.00000000,0.00000000,2718.49050481,10800.00000000,833.33333333,780.77477967,0,safety,False
result2,2025-08-25,53590.48531849,53590.48531849,0.00000000,0.00000000,83636.11130103,83636.11130103,0.00000000,34478.34342597,9243.75066506,10800.00000000,10800.00000000,0.00749990,OPTIMAL_SAFETY,0.00000000,0.00000000,2363.16063537,10800.00000000,833.33333333,813.76287200,0,safety,False
result2,2025-08-26,55991.09558512,55991.09558512,0.00000000,0.00000000,88231.92519450,88231.92519450,0.00000000,32959.23767429,19243.29733155,10800.00000000,10800.00000000,0.01250680,OPTIMAL_SAFETY,0.00000000,0.00000000,2474.90235241,10800.00000000,833.33333333,800.43465000,0,safety,False
result2,2025-08-27,55753.53779139,55753.53779139,0.00000000,0.00000000,87337.67360083,87337.67360083,0.00000000,34021.99897107,15852.15467643,10800.00000000,10800.00000000,0.00956290,OPTIMAL_SAFETY,0.00000000,0.00000000,2317.26423704,10800.00000000,833.33333333,787.77466433,0,safety,False
result2,2025-08-28,55529.15183797,55529.15183797,0.00000000,0.00000000,87151.95389268,87151.95389268,0.00000000,34934.16525081,12717.03659020,10800.00000000,10800.00000000,0.01191930,OPTIMAL_SAFETY,0.00000000,0.00000000,2289.66007804,10800.00000000,833.33333333,830.39839483,0,safety,False
result2,2025-08-29,29720.18749058,29720.18749058,0.00000000,0.00000000,49333.20673933,49333.20673933,0.00000000,33946.11089363,23214.58248337,10800.00000000,10800.00000000,0.00884160,OPTIMAL_SAFETY,0.00000000,0.00000000,2503.22954389,10800.00000000,833.33333333,729.15323333,0,safety,False
result2,2025-08-30,29538.71682942,29538.71682942,0.00000000,0.00000000,49119.74694750,49119.74694750,0.00000000,31490.81481861,27301.36147022,10800.00000000,10800.00000000,0.00896180,OPTIMAL_SAFETY,0.00000000,0.00000000,2492.37482889,10800.00000000,833.33333333,703.55113333,0,safety,False
result2,2025-08-31,53712.70324730,53712.70324730,0.00000000,0.00000000,83658.39697845,83658.39697845,0.00000000,33786.59349798,13465.11490914,10800.00000000,10800.00000000,0.00795600,OPTIMAL_SAFETY,0.00000000,0.00000000,2138.69730519,10800.00000000,833.33333333,806.61963817,0,safety,False
result2,2025-09-01,53634.19302412,53634.19302412,0.00000000,0.00000000,84704.15058471,84704.15058471,0.00000000,27226.99325248,28271.93388675,10800.00000000,10800.00000000,0.00623030,OPTIMAL_SAFETY,0.00000000,0.00000000,3553.02864407,10800.00000000,833.33333333,708.19361883,0,safety,False
result2,2025-09-02,51830.49493143,51830.49493143,0.00000000,0.00000000,81845.24833966,81845.24833966,0.00000000,31879.16762690,24441.06052883,10800.00000000,10800.00000000,0.00719130,OPTIMAL_SAFETY,0.00000000,0.00000000,2411.38669534,10800.00000000,833.33333333,757.20458333,0,safety,False
result2,2025-09-03,52558.61954048,52558.61954048,0.00000000,0.00000000,82747.93880420,82747.93880420,0.00000000,26579.78798813,24410.07806373,10800.00000000,10800.00000000,0.00673910,OPTIMAL_SAFETY,0.00000000,0.00000000,3551.95789019,10800.00000000,833.33333333,744.19708333,0,safety,False
result2,2025-09-04,47024.75883097,47024.75883097,0.00000000,0.00000000,74309.69936642,74309.69936642,0.00000000,32195.76075159,17004.46832315,10800.00000000,10800.00000000,0.00672320,OPTIMAL_SAFETY,0.00000000,0.00000000,2665.44597556,10800.00000000,833.33333333,755.08628317,0,safety,False
result2,2025-09-05,24069.22168732,24069.22168732,0.00000000,0.00000000,41496.22687200,41496.22687200,0.00000000,31732.61007102,31340.91773931,10800.00000000,10800.00000000,0.00661300,OPTIMAL_SAFETY,0.00000000,0.00000000,3141.56500792,10800.00000000,833.33333333,588.75833333,0,safety,False
result2,2025-09-06,27445.66255008,27445.66255008,0.00000000,0.00000000,46064.18762933,46064.18762933,0.00000000,30218.73090215,35170.97195618,10800.00000000,10800.00000000,0.00713310,OPTIMAL_SAFETY,0.00000000,0.00000000,3486.40926955,10800.00000000,833.33333333,588.41760000,0,safety,False
result2,2025-09-07,52011.15101983,52011.15101983,0.00000000,0.00000000,81426.84384830,81426.84384830,0.00000000,29025.01882633,23419.03505097,10800.00000000,10800.00000000,0.00720970,OPTIMAL_SAFETY,0.00000000,0.00000000,3528.90476981,10800.00000000,833.33333333,733.40323183,0,safety,False
result2,2025-09-08,62292.57681204,36499.51681254,0.00000000,25793.05999950,59611.53500144,63453.02092953,3841.48592809,34629.75819063,566.53539939,10800.00000000,10654.94661000,0.00634660,OPTIMAL_SAFETY,0.00000000,0.00000000,1200.00000000,10800.00000000,833.33333333,801.09459817,0,safety,False
result2,2025-09-09,44055.47056662,39712.07969934,0.00000000,4343.39086728,64497.20918230,65138.00992964,640.80074734,35903.93443861,8307.73854069,10654.94661000,10613.23197000,0.00678180,OPTIMAL_SAFETY,0.00000000,0.00000000,1200.00000000,10800.00000000,833.33333333,833.33333333,0,safety,False
result2,2025-09-10,60867.67032528,39219.16875686,0.00000000,21648.50156842,62253.68237717,65674.09250480,3420.41012763,34995.39724480,580.15498907,10613.23197000,10718.20078693,0.00687170,OPTIMAL_SAFETY,0.00000000,0.00000000,1200.00000000,10800.00000000,833.33333333,816.06480983,0,safety,False
result2,2025-09-11,43266.07982614,43266.07982614,0.00000000,0.00000000,69687.64563505,69687.64563505,0.00000000,35384.42415878,12395.82550160,10718.20078693,10800.00000000,0.00638690,OPTIMAL_SAFETY,0.00000000,0.00000000,1422.59671796,10800.00000000,833.33333333,830.10803333,0,safety,False
result2,2025-09-12,19261.53459486,18755.78030812,0.00000000,505.75428674,33977.82768850,34115.80117639,137.97348789,38071.38453354,18567.70129607,10800.00000000,10800.00000000,0.00646440,OPTIMAL_SAFETY,0.00000000,0.00000000,1200.00000000,10800.00000000,833.33333333,583.22231667,0,safety,False
result2,2025-09-13,20761.28897672,20761.28897672,0.00000000,0.00000000,37289.57551467,37289.57551467,0.00000000,34554.82267138,25655.17220395,10800.00000000,10800.00000000,0.00732970,OPTIMAL_SAFETY,0.00000000,0.00000000,2407.48570202,10800.00000000,833.33333333,571.30683333,0,safety,False
result2,2025-09-14,50220.52142495,38563.19157224,0.00000000,11657.32985272,62130.22977718,63852.45010855,1722.22033137,34992.93232324,367.52089588,10800.00000000,10510.71496444,0.00737480,OPTIMAL_SAFETY,0.00000000,0.00000000,1200.00000000,10800.00000000,833.33333333,831.93166667,0,safety,False
result2,2025-09-15,45101.37686704,44489.07216906,0.00000000,612.30469798,71944.19575906,72034.22760573,90.03184667,37031.51261735,12792.22434184,10510.71496444,10800.00000000,0.00655020,OPTIMAL_SAFETY,0.00000000,0.00000000,1200.00000000,10800.00000000,833.33333333,833.33333333,0,safety,False
result2,2025-09-16,41842.49670054,41787.11495288,0.00000000,55.38174767,66484.16707094,66492.40533760,8.23826667,37289.31112648,3086.28777746,10800.00000000,10800.00000000,0.00739100,OPTIMAL_SAFETY,0.00000000,0.00000000,1292.97289204,10800.00000000,833.33333333,833.33333333,0,safety,False
result2,2025-09-17,44783.14429539,44783.14429539,0.00000000,0.00000000,72438.98108973,72438.98108973,0.00000000,36889.62367109,8606.47125465,10800.00000000,10800.00000000,0.00761780,OPTIMAL_SAFETY,0.00000000,0.00000000,1519.70977444,10800.00000000,833.33333333,831.27903333,0,safety,False
result2,2025-09-18,43514.49628400,43514.49628400,0.00000000,0.00000000,69759.43761248,69759.43761248,0.00000000,36175.15971642,7005.99403939,10800.00000000,10800.00000000,0.00798190,OPTIMAL_SAFETY,0.00000000,0.00000000,1307.64382741,10800.00000000,833.33333333,833.18313333,0,safety,False
result2,2025-09-19,19920.90252356,19920.90252356,0.00000000,0.00000000,36112.96834367,36112.96834367,0.00000000,36147.86402743,16217.08886390,10800.00000000,10800.00000000,0.00813200,OPTIMAL_SAFETY,0.00000000,0.00000000,1828.93128722,10800.00000000,833.33333333,545.18816667,0,safety,False
result2,2025-09-20,19244.50143071,19244.50143071,0.00000000,0.00000000,34982.40723083,34982.40723083,0.00000000,38880.48640046,15255.59647204,10800.00000000,10800.00000000,0.00675010,OPTIMAL_SAFETY,0.00000000,0.00000000,1225.63674110,10800.00000000,833.33333333,572.08833333,0,safety,False
result2,2025-09-21,46100.98820717,46100.98820717,0.00000000,0.00000000,73610.92041879,73610.92041879,0.00000000,31899.95573715,11974.81879731,10800.00000000,10800.00000000,0.00729380,OPTIMAL_SAFETY,0.00000000,0.00000000,1306.69439463,10800.00000000,833.33333333,827.01193333,0,safety,False
result2,2025-09-22,43731.91262134,43658.39078134,0.00000000,73.52184000,70177.65920544,70188.56587210,10.90666667,36888.78959106,5702.24210905,10800.00000000,10800.00000000,0.00783380,OPTIMAL_SAFETY,0.00000000,0.00000000,1594.21866222,10800.00000000,833.33333333,833.33333333,0,safety,False
result2,2025-09-23,45935.80502946,45935.80502946,0.00000000,0.00000000,73925.67620841,73925.67620841,0.00000000,37696.62548874,7851.95629201,10800.00000000,10800.00000000,0.00750170,OPTIMAL_SAFETY,0.00000000,0.00000000,1512.15027546,10800.00000000,833.33333333,827.17811667,0,safety,False
result2,2025-09-24,46671.88414480,46671.88414480,0.00000000,0.00000000,74630.11324161,74630.11324161,0.00000000,35196.85679792,9872.19046669,10800.00000000,10800.00000000,0.00668820,OPTIMAL_SAFETY,0.00000000,0.00000000,1617.84043852,10800.00000000,833.33333333,825.11693333,0,safety,False
result2,2025-09-25,46268.11949599,46164.62206433,0.00000000,103.49743167,73493.29297471,73508.66464137,15.37166667,34032.22474484,9600.77225987,10800.00000000,10800.00000000,0.00721580,OPTIMAL_SAFETY,0.00000000,0.00000000,1724.20094480,10800.00000000,833.33333333,833.33333333,0,safety,False
result2,2025-09-26,20903.98603709,20903.98603709,0.00000000,0.00000000,37527.49192200,37527.49192200,0.00000000,34927.49408540,16166.82639094,10800.00000000,10800.00000000,0.00845420,OPTIMAL_SAFETY,0.00000000,0.00000000,1916.71528130,10800.00000000,833.33333333,562.17666667,0,safety,False
result2,2025-09-27,20283.93414029,20283.93414029,0.00000000,0.00000000,36562.63013800,36562.63013800,0.00000000,37996.40371351,14772.75512249,10800.00000000,10800.00000000,0.01150130,OPTIMAL_SAFETY,0.00000000,0.00000000,1482.30938750,10800.00000000,833.33333333,548.63000000,0,safety,False
result2,2025-09-28,46672.61379118,46672.61379118,0.00000000,0.00000000,74596.46357735,74596.46357735,0.00000000,38341.96848521,7083.98689013,10800.00000000,10800.00000000,0.00981160,OPTIMAL_SAFETY,0.00000000,0.00000000,1499.34792214,10800.00000000,833.33333333,823.60061667,0,safety,False
result2,2025-09-29,47922.43086319,47857.86862311,0.00000000,64.56224007,76420.60295035,76431.63632385,11.03337350,35619.86946112,9932.64240473,10800.00000000,10800.00000000,0.01023780,OPTIMAL_SAFETY,0.00000000,0.00000000,1467.29197574,10800.00000000,833.33333333,833.33333333,0,safety,False
result2,2025-09-30,48073.21779747,48040.01354126,0.00000000,33.20425621,75985.87323954,75990.78765621,4.91441667,37127.15115280,6671.28763041,10800.00000000,10800.00000000,0.01001660,OPTIMAL_SAFETY,0.00000000,0.00000000,1668.61521259,10800.00000000,833.33333333,833.33333333,0,safety,False
result2,2025-10-01,48650.45006670,48650.45006670,0.00000000,0.00000000,77486.28001722,77486.28001722,0.00000000,29251.21661081,24754.18878441,10800.00000000,10800.00000000,0.01096310,OPTIMAL_SAFETY,0.00000000,0.00000000,2530.56171185,10800.00000000,833.33333333,815.80161767,0,safety,False
result2,2025-10-02,43701.85484669,43701.85484669,0.00000000,0.00000000,69439.92491452,69439.92491452,0.00000000,34199.93583321,14119.09328498,10800.00000000,10800.00000000,0.10951700,OPTIMAL_SAFETY,0.00000000,0.00000000,2385.81263740,10800.00000000,833.33333333,828.91166667,0,safety,False
result2,2025-10-03,19931.61786015,19931.61786015,0.00000000,0.00000000,36299.17060067,36299.17060067,0.00000000,32974.84350993,25020.56923940,10800.00000000,10800.00000000,0.00972960,OPTIMAL_SAFETY,0.00000000,0.00000000,2566.82922148,10800.00000000,833.33333333,498.67565000,0,safety,False
result2,2025-10-04,21225.23688418,21225.23688418,0.00000000,0.00000000,37987.51352917,37987.51352917,0.00000000,33234.64259175,21402.81170775,10800.00000000,10800.00000000,0.01001680,OPTIMAL_SAFETY,0.00000000,0.00000000,2090.43859930,10800.00000000,833.33333333,501.82000000,0,safety,False
result2,2025-10-05,47417.72853831,47417.72853831,0.00000000,0.00000000,75662.85847130,75662.85847130,0.00000000,30949.44244025,17678.06090538,10800.00000000,10800.00000000,0.01006350,OPTIMAL_SAFETY,0.00000000,0.00000000,2486.27538296,10800.00000000,833.33333333,812.43332350,0,safety,False
result2,2025-10-06,45962.68552636,45962.68552636,0.00000000,0.00000000,73128.87605169,73128.87605169,0.00000000,32654.41893955,11967.95486881,10800.00000000,10800.00000000,0.01100590,OPTIMAL_SAFETY,0.00000000,0.00000000,2427.53320333,10800.00000000,833.33333333,783.65530467,0,safety,False
result2,2025-10-07,47534.32385336,47534.32385336,0.00000000,0.00000000,75555.96203391,75555.96203391,0.00000000,32887.15322209,14332.15643048,10800.00000000,10800.00000000,0.01022210,OPTIMAL_SAFETY,0.00000000,0.00000000,2649.16878111,10800.00000000,833.33333333,810.24680000,0,safety,False
result2,2025-10-08,41066.89873781,41066.89873781,0.00000000,0.00000000,67099.11438093,67099.11438093,0.00000000,36436.16950612,6795.82744014,10800.00000000,10800.00000000,0.01083240,OPTIMAL_SAFETY,0.00000000,0.00000000,1497.79177444,10800.00000000,833.33333333,816.37798950,0,safety,False
result2,2025-10-09,41089.14442166,41089.14442166,0.00000000,0.00000000,67207.38506047,67207.38506047,0.00000000,36053.54431702,7662.77717811,10800.00000000,10800.00000000,0.01000590,OPTIMAL_SAFETY,0.00000000,0.00000000,1386.97351833,10800.00000000,833.33333333,820.04541467,0,safety,False
result2,2025-10-10,17677.12815769,17677.12815769,0.00000000,0.00000000,33984.80064233,33984.80064233,0.00000000,36007.19820225,20861.42858841,10800.00000000,10800.00000000,0.01025800,OPTIMAL_SAFETY,0.00000000,0.00000000,1873.44141708,10800.00000000,833.33333333,472.15318333,0,safety,False
result2,2025-10-11,18386.96381626,18386.96381626,0.00000000,0.00000000,35238.80290183,35238.80290183,0.00000000,35653.87244886,17389.81762497,10800.00000000,10800.00000000,0.00985890,OPTIMAL_SAFETY,0.00000000,0.00000000,1547.02112296,10800.00000000,833.33333333,496.54833333,0,safety,False
result2,2025-10-12,43748.77465540,43748.77465540,0.00000000,0.00000000,71201.85893370,71201.85893370,0.00000000,34803.62775324,9033.48346246,10800.00000000,10800.00000000,0.01104980,OPTIMAL_SAFETY,0.00000000,0.00000000,1377.38154259,10800.00000000,833.33333333,830.89999617,0,safety,False
result2,2025-10-13,43558.48160555,43558.48160555,0.00000000,0.00000000,70955.62155063,70955.62155063,0.00000000,36132.77665698,10135.28284465,10800.00000000,10800.00000000,0.00983760,OPTIMAL_SAFETY,0.00000000,0.00000000,1544.64131278,10800.00000000,833.33333333,806.26166667,0,safety,False
result2,2025-10-14,42856.80260272,42856.80260272,0.00000000,0.00000000,69635.50987641,69635.50987641,0.00000000,37385.41755716,4937.24449591,10800.00000000,10800.00000000,0.00986470,OPTIMAL_SAFETY,0.00000000,0.00000000,1450.01253241,10800.00000000,833.33333333,808.73631667,0,safety,False
result2,2025-10-15,43872.54424140,43872.54424140,0.00000000,0.00000000,71144.81383393,71144.81383393,0.00000000,36292.82725890,5415.04588604,10800.00000000,10800.00000000,0.01066040,OPTIMAL_SAFETY,0.00000000,0.00000000,1622.83591963,10800.00000000,833.33333333,788.86635067,0,safety,False
result2,2025-10-16,44606.29743698,44606.29743698,0.00000000,0.00000000,72215.43320436,72215.43320436,0.00000000,38864.51750899,5169.25952137,10800.00000000,10800.00000000,0.01043770,OPTIMAL_SAFETY,0.00000000,0.00000000,1237.02872527,10800.00000000,833.33333333,795.16833333,0,safety,False
result2,2025-10-17,19112.56239962,19112.56239962,0.00000000,0.00000000,36142.33780300,36142.33780300,0.00000000,34878.18363940,16476.89268993,10800.00000000,10800.00000000,0.01020060,OPTIMAL_SAFETY,0.00000000,0.00000000,1742.85671481,10800.00000000,833.33333333,486.10231667,0,safety,False
result2,2025-10-18,18804.55150445,18804.55150445,0.00000000,0.00000000,35500.07754317,35500.07754317,0.00000000,34801.76848847,15770.25996003,10800.00000000,10800.00000000,0.00681850,OPTIMAL_SAFETY,0.00000000,0.00000000,2246.75905667,10800.00000000,833.33333333,478.66666667,0,safety,False
result2,2025-10-19,45733.02106162,45733.02106162,0.00000000,0.00000000,74172.83341123,74172.83341123,0.00000000,38475.17192474,6248.28067586,10800.00000000,10800.00000000,0.00741430,OPTIMAL_SAFETY,0.00000000,0.00000000,1424.77592991,10800.00000000,833.33333333,825.56083333,0,safety,False
result2,2025-10-20,46016.86072026,46016.86072026,0.00000000,0.00000000,74063.40006181,74063.40006181,0.00000000,39033.66138331,5525.16152783,10800.00000000,10800.00000000,0.00953760,OPTIMAL_SAFETY,0.00000000,0.00000000,1366.91803659,10800.00000000,833.33333333,819.67756667,0,safety,False
result2,2025-10-21,47463.55692754,47463.55692754,0.00000000,0.00000000,76376.59458379,76376.59458379,0.00000000,37413.04766973,5986.67673807,10800.00000000,10800.00000000,0.01003030,OPTIMAL_SAFETY,0.00000000,0.00000000,1716.70638000,10800.00000000,833.33333333,831.97333333,0,safety,False
result2,2025-10-22,48169.15752462,48169.15752462,0.00000000,0.00000000,77881.81668297,77881.81668297,0.00000000,38481.11966037,8287.46543299,10800.00000000,10800.00000000,0.01028860,OPTIMAL_SAFETY,0.00000000,0.00000000,1604.48889183,10800.00000000,833.33333333,820.24000000,0,safety,False
result2,2025-10-23,48737.90903980,48737.90903980,0.00000000,0.00000000,78145.76655670,78145.76655670,0.00000000,36187.50306505,10967.58135631,10800.00000000,10800.00000000,0.01169650,OPTIMAL_SAFETY,0.00000000,0.00000000,1653.29348926,10800.00000000,833.33333333,810.67333333,0,safety,False
result2,2025-10-24,19178.79250114,19178.79250114,0.00000000,0.00000000,36224.06424800,36224.06424800,0.00000000,36270.30550971,13996.63339495,10800.00000000,10800.00000000,0.01054480,OPTIMAL_SAFETY,0.00000000,0.00000000,1723.73668889,10800.00000000,833.33333333,509.03313333,0,safety,False
result2,2025-10-25,19444.90210641,19444.90210641,0.00000000,0.00000000,36772.00596017,36772.00596017,0.00000000,35680.31042465,13628.12627618,10800.00000000,10800.00000000,0.01065790,OPTIMAL_SAFETY,0.00000000,0.00000000,1550.11945148,10800.00000000,833.33333333,485.56500000,0,safety,False
result2,2025-10-26,49407.61356709,49407.61356709,0.00000000,0.00000000,78967.58357321,78967.58357321,0.00000000,35034.02448233,10745.66677663,10800.00000000,10800.00000000,0.01062600,OPTIMAL_SAFETY,0.00000000,0.00000000,1841.33129352,10800.00000000,833.33333333,806.74476467,0,safety,False
result2,2025-10-27,48779.70217848,48771.22085812,0.00000000,8.48132036,78307.41875820,78309.22945854,1.81070033,36040.84075262,10973.35511618,10800.00000000,10800.00000000,0.01007750,OPTIMAL_SAFETY,0.00000000,0.00000000,1661.14961796,10800.00000000,833.33333333,833.33333333,0,safety,False
result2,2025-10-28,48752.90907519,48752.90907519,0.00000000,0.00000000,78246.56321366,78246.56321366,0.00000000,37582.15988931,8329.05290649,10800.00000000,10800.00000000,0.00989740,OPTIMAL_SAFETY,0.00000000,0.00000000,1538.81008444,10800.00000000,833.33333333,807.73715217,0,safety,False
result2,2025-10-29,49632.54184137,49632.54184137,0.00000000,0.00000000,79333.74724476,79333.74724476,0.00000000,39280.82169992,5898.08927184,10800.00000000,10800.00000000,0.00993390,OPTIMAL_SAFETY,0.00000000,0.00000000,1497.33261056,10800.00000000,833.33333333,805.66000000,0,safety,False
result2,2025-10-30,50102.48653765,50102.48653765,0.00000000,0.00000000,80170.94512909,80170.94512909,0.00000000,34417.16784187,11770.27560619,10800.00000000,10800.00000000,0.01027830,OPTIMAL_SAFETY,0.00000000,0.00000000,1683.23644519,10800.00000000,833.33333333,812.57624600,0,safety,False
result2,2025-10-31,20339.66441369,20339.66441369,0.00000000,0.00000000,37879.94975617,37879.94975617,0.00000000,34618.98689616,10341.62039101,10800.00000000,10800.00000000,0.01120230,OPTIMAL_SAFETY,0.00000000,0.00000000,1906.48634407,10800.00000000,833.33333333,487.62166667,0,safety,False
result2,2025-11-01,20441.53427870,20441.53427870,0.00000000,0.00000000,37990.29882211,37990.29882211,0.00000000,34799.91304271,11793.23084285,10800.00000000,10800.00000000,0.01010040,OPTIMAL_SAFETY,0.00000000,0.00000000,2118.76654593,10800.00000000,833.33333333,470.60178333,0,safety,False
result2,2025-11-02,50319.36867143,50319.36867143,0.00000000,0.00000000,80449.83216681,80449.83216681,0.00000000,38213.59348488,7642.07654169,10800.00000000,10800.00000000,0.01209460,OPTIMAL_SAFETY,0.00000000,0.00000000,1240.82811870,10800.00000000,833.33333333,794.99000000,0,safety,False
result2,2025-11-03,50507.54637535,50507.54637535,0.00000000,0.00000000,80385.94828037,80385.94828037,0.00000000,36040.05489571,7097.80781461,10800.00000000,10800.00000000,0.01025400,OPTIMAL_SAFETY,0.00000000,0.00000000,1791.77453630,10800.00000000,833.33333333,778.24640400,0,safety,False
result2,2025-11-04,51017.49567737,51005.24418277,0.00000000,12.25149460,81609.89432301,81612.50992818,2.61560517,36486.60484274,10202.35230362,10800.00000000,10800.00000000,0.01015230,OPTIMAL_SAFETY,0.00000000,0.00000000,1383.63093759,10800.00000000,833.33333333,833.33333333,0,safety,False
result2,2025-11-05,51715.12105496,51715.12105496,0.00000000,0.00000000,82126.67672702,82126.67672702,0.00000000,36088.63239914,8660.34718199,10800.00000000,10800.00000000,0.00861900,OPTIMAL_SAFETY,0.00000000,0.00000000,1770.05434333,10800.00000000,833.33333333,799.16529883,0,safety,False
result2,2025-11-06,50640.64737319,50640.64737319,0.00000000,0.00000000,80828.56070268,80828.56070268,0.00000000,40573.12546898,5199.91878301,10800.00000000,10800.00000000,0.00696220,OPTIMAL_SAFETY,0.00000000,0.00000000,1483.44007813,10800.00000000,833.33333333,790.25833333,0,safety,False
result2,2025-11-07,20569.29893053,20569.29893053,0.00000000,0.00000000,38431.17674750,38431.17674750,0.00000000,35360.78163295,11400.80970988,10800.00000000,10800.00000000,0.00955920,OPTIMAL_SAFETY,0.00000000,0.00000000,1814.46139193,10800.00000000,833.33333333,491.60833333,0,safety,False
result2,2025-11-08,20403.71164409,20403.71164409,0.00000000,0.00000000,38509.79238033,38509.79238033,0.00000000,34117.85319911,11137.15317656,10800.00000000,10800.00000000,0.00698130,OPTIMAL_SAFETY,0.00000000,0.00000000,1746.29788056,10800.00000000,833.33333333,481.41166667,0,safety,False
result2,2025-11-09,52284.55457599,52284.55457599,0.00000000,0.00000000,82789.19914600,82789.19914600,0.00000000,36595.21159503,7600.89566264,10800.00000000,10800.00000000,0.01186470,OPTIMAL_SAFETY,0.00000000,0.00000000,1769.46158796,10800.00000000,833.33333333,808.11833333,0,safety,False
result2,2025-11-10,52940.69213173,52940.69213173,0.00000000,0.00000000,84319.49553928,84319.49553928,0.00000000,39121.90869641,6354.33274187,10800.00000000,10800.00000000,0.01114080,OPTIMAL_SAFETY,0.00000000,0.00000000,1419.77871500,10800.00000000,833.33333333,813.84960717,0,safety,False
result2,2025-11-11,53405.09187433,53405.09187433,0.00000000,0.00000000,84488.09520781,84488.09520781,0.00000000,36809.17594427,9065.12889506,10800.00000000,10800.00000000,0.01065370,OPTIMAL_SAFETY,0.00000000,0.00000000,1787.25713722,10800.00000000,833.33333333,745.60495917,0,safety,False
result2,2025-11-12,53224.69675761,53224.69675761,0.00000000,0.00000000,84391.46647745,84391.46647745,0.00000000,37993.95868394,9447.16262251,10800.00000000,10800.00000000,0.01109350,OPTIMAL_SAFETY,0.00000000,0.00000000,1397.57775185,10800.00000000,833.33333333,786.83648900,0,safety,False
result2,2025-11-13,53883.83876115,53883.83876115,0.00000000,0.00000000,85028.00225673,85028.00225673,0.00000000,36356.53001858,8815.69961214,10800.00000000,10800.00000000,0.01050730,OPTIMAL_SAFETY,0.00000000,0.00000000,1319.29794852,10800.00000000,833.33333333,806.19014650,0,safety,False
result2,2025-11-14,21042.54161149,21042.54161149,0.00000000,0.00000000,39248.28384200,39248.28384200,0.00000000,33886.35713012,8092.69713055,10800.00000000,10800.00000000,0.00979400,OPTIMAL_SAFETY,0.00000000,0.00000000,1890.23327111,10800.00000000,833.33333333,474.04105000,0,safety,False
result2,2025-11-15,21094.96264947,21094.96264947,0.00000000,0.00000000,39445.01163720,39445.01163720,0.00000000,35077.55806289,7550.95011724,10800.00000000,10800.00000000,0.01065060,OPTIMAL_SAFETY,0.00000000,0.00000000,1679.24864815,10800.00000000,833.33333333,486.88500000,0,safety,False
result2,2025-11-16,54927.64072063,54927.64072063,0.00000000,0.00000000,86546.81514962,86546.81514962,0.00000000,39400.23902787,7976.33407275,10800.00000000,10800.00000000,0.01182570,OPTIMAL_SAFETY,0.00000000,0.00000000,1618.33359648,10800.00000000,833.33333333,817.81689250,0,safety,False
result2,2025-11-17,55968.01490854,55968.01490854,0.00000000,0.00000000,88037.49886230,88037.49886230,0.00000000,37257.79562398,11430.70520933,10800.00000000,10800.00000000,0.01251840,OPTIMAL_SAFETY,0.00000000,0.00000000,1700.47570981,10800.00000000,833.33333333,767.99416667,0,safety,False
result2,2025-11-18,54828.58639986,54828.58639986,0.00000000,0.00000000,86386.34051314,86386.34051314,0.00000000,38371.29730176,7467.86244371,10800.00000000,10800.00000000,0.00987910,OPTIMAL_SAFETY,0.00000000,0.00000000,1605.40840037,10800.00000000,833.33333333,803.04644300,0,safety,False
result2,2025-11-19,55068.48209438,55062.18103688,0.00000000,6.30105750,86891.16115522,86892.54615522,1.38500000,41235.19511532,7195.67816190,10800.00000000,10800.00000000,0.01001110,OPTIMAL_SAFETY,0.00000000,0.00000000,1548.87194944,10800.00000000,833.33333333,833.33333333,0,safety,False
result2,2025-11-20,55753.76174500,55753.76174500,0.00000000,0.00000000,87724.26455924,87724.26455924,0.00000000,38366.10480170,8903.80735888,10800.00000000,10800.00000000,0.01009390,OPTIMAL_SAFETY,0.00000000,0.00000000,1774.08971444,10800.00000000,833.33333333,762.26801733,0,safety,False
result2,2025-11-21,22032.63235351,22032.63235351,0.00000000,0.00000000,40994.42401928,40994.42401928,0.00000000,32038.56330937,8766.87584832,10800.00000000,10800.00000000,0.01015490,OPTIMAL_SAFETY,0.00000000,0.00000000,2135.29260444,10800.00000000,833.33333333,489.43083333,0,safety,False
result2,2025-11-22,22383.83832100,22383.83832100,0.00000000,0.00000000,41854.61760160,41854.61760160,0.00000000,32069.71603081,8268.35383879,10800.00000000,10800.00000000,0.01017520,OPTIMAL_SAFETY,0.00000000,0.00000000,1898.07013111,10800.00000000,833.33333333,537.34375000,0,safety,False
result2,2025-11-23,56976.51023648,56976.51023648,0.00000000,0.00000000,89163.24663208,89163.24663208,0.00000000,38357.74305233,9904.64693441,10800.00000000,10800.00000000,0.01017860,OPTIMAL_SAFETY,0.00000000,0.00000000,1718.34861204,10800.00000000,833.33333333,800.56750000,0,safety,False
result2,2025-11-24,55589.43066800,55589.43066800,0.00000000,0.00000000,87519.71573894,87519.71573894,0.00000000,36836.40762534,9490.96681860,10800.00000000,10800.00000000,0.01045600,OPTIMAL_SAFETY,0.00000000,0.00000000,1425.21296630,10800.00000000,833.33333333,751.71286667,0,safety,False
result2,2025-11-25,55757.96259552,55757.96259552,0.00000000,0.00000000,87986.77426150,87986.77426150,0.00000000,40717.85021509,7543.86432474,10800.00000000,10800.00000000,0.01050900,OPTIMAL_SAFETY,0.00000000,0.00000000,1564.31852556,10800.00000000,833.33333333,795.27569367,0,safety,False
result2,2025-11-26,57211.37235232,57211.37235232,0.00000000,0.00000000,89776.95969509,89776.95969509,0.00000000,39049.37553628,8920.18709248,10800.00000000,10800.00000000,0.01039890,OPTIMAL_SAFETY,0.00000000,0.00000000,1694.62864426,10800.00000000,833.33333333,769.28016750,0,safety,False
result2,2025-11-27,57137.06556824,57137.06556824,0.00000000,0.00000000,89671.73739033,89671.73739033,0.00000000,38155.95585110,9885.52332456,10800.00000000,10800.00000000,0.01086760,OPTIMAL_SAFETY,0.00000000,0.00000000,1601.03969833,10800.00000000,833.33333333,789.57260167,0,safety,False
result2,2025-11-28,22685.54555513,22685.54555513,0.00000000,0.00000000,42487.23276495,42487.23276495,0.00000000,33266.85134064,8073.89379798,10800.00000000,10800.00000000,0.01204860,OPTIMAL_SAFETY,0.00000000,0.00000000,1556.38598796,10800.00000000,833.33333333,511.01250000,0,safety,False
result2,2025-11-29,23273.42163391,23273.42163391,0.00000000,0.00000000,43722.31867139,43722.31867139,0.00000000,32633.94477744,5367.20585995,10800.00000000,10800.00000000,0.00979650,OPTIMAL_SAFETY,0.00000000,0.00000000,1912.48849148,10800.00000000,833.33333333,499.88833333,0,safety,False
result2,2025-11-30,59042.85706283,59042.85706283,0.00000000,0.00000000,92356.42264048,92356.42264048,0.00000000,40843.12283978,7824.19488870,10800.00000000,10800.00000000,0.00970420,OPTIMAL_SAFETY,0.00000000,0.00000000,1449.62087815,10800.00000000,833.33333333,799.31538933,0,safety,False
result2,2025-12-01,76918.63486037,55489.64708216,0.00000000,21428.98777822,87852.97954517,92132.43226596,4279.45272080,45135.82494311,1095.48975960,10800.00000000,10800.00000000,0.01001450,OPTIMAL_SAFETY,0.00000000,0.00000000,1200.00000000,10800.00000000,833.33333333,833.33333333,0,safety,False
result2,2025-12-02,84165.99744811,55908.97413280,0.00000000,28257.02331531,88224.21432500,93530.46479660,5306.25047160,43220.39644640,355.70715333,10800.00000000,10800.00000000,0.01214520,OPTIMAL_SAFETY,0.00000000,0.00000000,1200.00000000,10800.00000000,833.33333333,833.33333333,0,safety,False
result2,2025-12-03,66856.68620081,57719.96702533,0.00000000,9136.71917548,90572.61992479,92312.21897142,1739.59904662,44810.16792046,445.64062305,10800.00000000,10800.00000000,0.00997320,OPTIMAL_SAFETY,0.00000000,0.00000000,1200.00000000,10800.00000000,833.33333333,833.33333333,0,safety,False
result2,2025-12-04,73676.24138807,57155.09087661,0.00000000,16521.15051146,89912.57030867,93304.18468095,3391.61437229,44928.37628685,1816.73753620,10800.00000000,10800.00000000,0.01016150,OPTIMAL_SAFETY,0.00000000,0.00000000,1200.00000000,10800.00000000,833.33333333,833.33333333,0,safety,False
result2,2025-12-05,31636.08448612,23421.69412173,0.00000000,8214.39036438,44152.30839343,45599.17138992,1446.86299649,36621.92897449,475.18207879,10800.00000000,10767.89335620,0.01116830,OPTIMAL_SAFETY,0.00000000,0.00000000,1200.00000000,10800.00000000,833.33333333,665.57500000,0,safety,False
result2,2025-12-06,36821.31572485,24194.67489016,0.00000000,12626.64083469,45975.65385164,48093.61533990,2117.96148827,36091.42281325,608.45286945,10767.89335620,10800.00000000,0.01093900,OPTIMAL_SAFETY,0.00000000,0.00000000,1200.00000000,10800.00000000,833.33333333,655.66958333,0,safety,False
result2,2025-12-07,62076.39955773,61432.02534664,0.00000000,644.37421110,95959.62052887,96070.50617337,110.88564450,44974.50648527,3696.74413210,10800.00000000,10800.00000000,0.01008100,OPTIMAL_SAFETY,0.00000000,0.00000000,1473.29834745,10800.00000000,833.33333333,833.33333333,0,safety,False
result2,2025-12-08,64619.95417762,64619.95417762,0.00000000,0.00000000,100409.34567236,100409.34567236,0.00000000,41578.95612743,8197.49275226,10800.00000000,10800.00000000,0.00975310,OPTIMAL_SAFETY,0.00000000,0.00000000,1534.53206315,10800.00000000,833.33333333,768.99183333,0,safety,False
result2,2025-12-09,65780.97682159,65762.04103027,0.00000000,18.93579132,101847.66756600,101850.92758000,3.26001400,42565.41027777,9994.28107423,10800.00000000,10800.00000000,0.00922830,OPTIMAL_SAFETY,0.00000000,0.00000000,1575.83484981,10800.00000000,833.33333333,833.33333333,0,safety,False
result2,2025-12-10,64401.02578813,64401.02578813,0.00000000,0.00000000,100281.95281400,100281.95281400,0.00000000,41707.45344663,7516.20387503,10800.00000000,10800.00000000,0.00951480,OPTIMAL_SAFETY,0.00000000,0.00000000,1551.46078722,10800.00000000,833.33333333,748.93946667,0,safety,False
result2,2025-12-11,65414.02612012,65414.02612012,0.00000000,0.00000000,101366.64826634,101366.64826634,0.00000000,40448.41312498,11159.42754770,10800.00000000,10800.00000000,0.00956710,OPTIMAL_SAFETY,0.00000000,0.00000000,1764.32264222,10800.00000000,833.33333333,803.56939883,0,safety,False
result2,2025-12-12,28271.75266837,28271.75266837,0.00000000,0.00000000,53311.37202897,53311.37202897,0.00000000,34630.49977210,5961.71271321,10800.00000000,10800.00000000,0.01015670,OPTIMAL_SAFETY,0.00000000,0.00000000,1746.60043296,10800.00000000,833.33333333,625.31245000,0,safety,False
result2,2025-12-13,31363.31716961,31363.31716961,0.00000000,0.00000000,58649.56529327,58649.56529327,0.00000000,33072.30442209,11379.35354519,10800.00000000,10800.00000000,0.01096060,OPTIMAL_SAFETY,0.00000000,0.00000000,2055.42196667,10800.00000000,833.33333333,633.90500000,0,safety,False
result2,2025-12-14,67321.78192550,67321.78192550,0.00000000,0.00000000,104049.16855783,104049.16855783,0.00000000,41214.03374538,10944.11172379,10800.00000000,10800.00000000,0.00983710,OPTIMAL_SAFETY,0.00000000,0.00000000,1786.79586444,10800.00000000,833.33333333,766.45415000,0,safety,False
result2,2025-12-15,65232.70631639,65232.70631639,0.00000000,0.00000000,101391.71909037,101391.71909037,0.00000000,42903.91385327,7418.43536010,10800.00000000,10800.00000000,0.01004930,OPTIMAL_SAFETY,0.00000000,0.00000000,1615.59206796,10800.00000000,833.33333333,809.80422933,0,safety,False
result2,2025-12-16,65897.15641645,65897.15641645,0.00000000,0.00000000,101846.32291533,101846.32291533,0.00000000,41653.34636395,8055.78085871,10800.00000000,10800.00000000,0.00994660,OPTIMAL_SAFETY,0.00000000,0.00000000,1741.93634889,10800.00000000,833.33333333,786.72072050,0,safety,False
result2,2025-12-17,65340.36154701,65340.36154701,0.00000000,0.00000000,101671.84056227,101671.84056227,0.00000000,41542.14359922,9119.21599071,10800.00000000,10800.00000000,0.01011810,OPTIMAL_SAFETY,0.00000000,0.00000000,1630.07496492,10800.00000000,833.33333333,799.05464233,0,safety,False
result2,2025-12-18,64103.99924090,64103.99924090,0.00000000,0.00000000,99666.89782377,99666.89782377,0.00000000,43371.29275977,7747.84321934,10800.00000000,10800.00000000,0.00994450,OPTIMAL_SAFETY,0.00000000,0.00000000,1669.55428019,10800.00000000,833.33333333,789.07236233,0,safety,False
result2,2025-12-19,29020.40870739,29020.40870739,0.00000000,0.00000000,54526.76825293,54526.76825293,0.00000000,34092.47813129,8039.60853031,10800.00000000,10800.00000000,0.01185110,OPTIMAL_SAFETY,0.00000000,0.00000000,1714.61463906,10800.00000000,833.33333333,626.09695000,0,safety,False
result2,2025-12-20,30613.18947029,30613.18947029,0.00000000,0.00000000,57251.29877590,57251.29877590,0.00000000,34335.22849649,10790.69602075,10800.00000000,10800.00000000,0.00987520,OPTIMAL_SAFETY,0.00000000,0.00000000,2011.64290742,10800.00000000,833.33333333,619.58166667,0,safety,False
result2,2025-12-21,66581.45153966,66581.45153966,0.00000000,0.00000000,102948.43167450,102948.43167450,0.00000000,41187.39170735,9587.11145181,10800.00000000,10800.00000000,0.00987610,OPTIMAL_SAFETY,0.00000000,0.00000000,1693.69652926,10800.00000000,833.33333333,829.65192567,0,safety,False
result2,2025-12-22,65510.34292124,65510.34292124,0.00000000,0.00000000,101872.36487382,101872.36487382,0.00000000,42917.26914646,8429.81009003,10800.00000000,10800.00000000,0.00989750,OPTIMAL_SAFETY,0.00000000,0.00000000,1469.05884381,10800.00000000,833.33333333,821.02650500,0,safety,False
result2,2025-12-23,65586.90054421,65586.90054421,0.00000000,0.00000000,101729.44003867,101729.44003867,0.00000000,41134.28781569,10153.38359099,10800.00000000,10800.00000000,0.01028670,OPTIMAL_SAFETY,0.00000000,0.00000000,1626.26966185,10800.00000000,833.33333333,764.07648333,0,safety,False
result2,2025-12-24,64603.92010085,64519.41612507,0.00000000,84.50397577,100501.39392140,100515.94225156,14.54833017,43062.57327615,8141.00231475,10800.00000000,10800.00000000,0.01188030,OPTIMAL_SAFETY,0.00000000,0.00000000,1361.26913611,10800.00000000,833.33333333,833.33333333,0,safety,False
result2,2025-12-25,64819.61587057,64819.61587057,0.00000000,0.00000000,100413.93992933,100413.93992933,0.00000000,41391.07681500,8256.57173034,10800.00000000,10800.00000000,0.01015110,OPTIMAL_SAFETY,0.00000000,0.00000000,1443.93015259,10800.00000000,833.33333333,788.90626100,0,safety,False
result2,2025-12-26,28943.74139035,28943.74139035,0.00000000,0.00000000,54482.80229941,54482.80229941,0.00000000,35008.29938314,7800.27551094,10800.00000000,10800.00000000,0.01026580,OPTIMAL_SAFETY,0.00000000,0.00000000,2109.88085574,10800.00000000,833.33333333,651.67833333,0,safety,False
result2,2025-12-27,30150.99113390,30150.99113390,0.00000000,0.00000000,56485.42372023,56485.42372023,0.00000000,33469.52556179,9633.23904210,10800.00000000,10800.00000000,0.01043420,OPTIMAL_SAFETY,0.00000000,0.00000000,1885.79220444,10800.00000000,833.33333333,648.74166667,0,safety,False
result2,2025-12-28,66461.45326257,66461.45326257,0.00000000,0.00000000,103014.77447883,103014.77447883,0.00000000,40185.77782008,11987.12316208,10800.00000000,10800.00000000,0.01072760,OPTIMAL_SAFETY,0.00000000,0.00000000,1907.30337315,10800.00000000,833.33333333,826.22325083,0,safety,False
result2,2025-12-29,64917.71842297,64917.71842297,0.00000000,0.00000000,100794.72654624,100794.72654624,0.00000000,40411.98882054,9028.81780670,10800.00000000,10800.00000000,0.00989080,OPTIMAL_SAFETY,0.00000000,0.00000000,1702.36475093,10800.00000000,833.33333333,766.76833333,0,safety,False
result2,2025-12-30,64130.45476883,64130.45476883,0.00000000,0.00000000,99993.93628303,99993.93628303,0.00000000,42050.71400305,9355.37033464,10800.00000000,10800.00000000,0.01021630,OPTIMAL_SAFETY,0.00000000,0.00000000,1651.79441537,10800.00000000,833.33333333,822.64472900,0,safety,False
result2,2025-12-31,64074.91886260,64074.91886260,0.00000000,0.00000000,99433.94303189,99433.94303189,0.00000000,42420.48609091,6334.54089565,10800.00000000,10800.00000000,0.00975790,OPTIMAL_SAFETY,0.00000000,0.00000000,1647.57219722,10800.00000000,833.33333333,758.55604933,0,safety,False
result3,2025-02-01,24016.79033788,24016.79033788,0.00000000,0.00000000,46448.44424404,46448.44424404,0.00000000,34331.01769338,7938.17317199,6000.00000000,6531.22157741,0.02189900,OPTIMAL_CAUSAL_MPC_4X,0.00000000,0.00000000,1648.58767333,10800.00000000,833.33333333,552.04166667,0,,
result3,2025-02-02,55865.83895280,55865.83895280,0.00000000,0.00000000,88575.68345144,88575.68345144,0.00000000,40629.44433066,6003.80227078,6531.22157741,6481.58125778,0.02095630,OPTIMAL_CAUSAL_MPC_4X,0.00000000,0.00000000,1359.24277778,10800.00000000,833.33333333,815.21846667,0,,
result3,2025-02-03,56438.47974799,54176.19680514,2262.28294285,0.00000000,86353.45001399,88323.11928973,0.00000000,42228.56520412,3768.13291895,6481.58125778,6386.29185630,0.02106740,OPTIMAL_CAUSAL_MPC_4X,0.00000000,0.00000000,1270.01805556,10800.00000000,833.33333333,786.75200000,0,,
result3,2025-02-04,55977.76758088,55373.33125407,604.43632681,0.00000000,88292.36664156,88816.03681936,0.00000000,44338.66765640,2859.56654907,6386.29185630,6494.15884796,0.02158930,OPTIMAL_CAUSAL_MPC_4X,0.00000000,0.00000000,1351.03216438,10800.00000000,833.33333333,814.50430139,0,,
result3,2025-02-05,56767.27395579,56323.28938315,0.00000000,443.98457264,89211.47791337,89275.12249087,63.64457750,42078.16324205,4351.92101049,6494.15884796,6250.54263889,0.02144790,OPTIMAL_CAUSAL_MPC_4X,0.00000000,0.00000000,1200.00000000,10800.00000000,833.33333333,796.29666667,0,,
result3,2025-02-06,57670.09274040,56170.65223759,1328.11518290,171.32531990,89142.96403189,90264.18141742,29.40810000,40955.10019362,5513.06950713,6250.54263889,6432.44817148,0.02085880,OPTIMAL_CAUSAL_MPC_4X,0.00000000,0.00000000,1491.72705852,10800.00000000,833.33333333,833.33333333,0,,
result3,2025-02-07,22105.60593261,21313.64148363,622.47373754,169.49071143,41461.77466420,42078.26922603,36.76728333,35674.56350196,6836.20894185,6432.44817148,6122.27142278,0.02084230,OPTIMAL_CAUSAL_MPC_4X,0.00000000,0.00000000,1200.00000000,10800.00000000,833.33333333,536.03745000,0,,
result3,2025-02-08,21298.49413793,19307.38717018,1940.36043313,50.74653461,37556.13578765,39204.70012082,8.30141250,35014.59449861,3709.61506388,6122.27142278,6365.97502343,0.02130590,OPTIMAL_CAUSAL_MPC_4X,0.00000000,0.00000000,1200.00000000,10800.00000000,833.33333333,519.16188333,0,,
result3,2025-02-09,60021.27411979,50882.89124795,6400.29345234,2738.08941950,81710.00738288,88203.31874265,605.27052217,44057.51703029,4428.97786903,6365.97502343,5957.82271556,0.02195950,OPTIMAL_CAUSAL_MPC_4X,0.00000000,0.00000000,1200.00000000,10800.00000000,833.33333333,833.33333333,0,,
result3,2025-02-10,55139.36101272,53133.33793777,1883.03108884,122.99198611,85275.87695988,86887.96429163,26.89105083,39272.52794238,8550.72439758,5957.82271556,5845.27264519,0.02199660,OPTIMAL_CAUSAL_MPC_4X,0.00000000,0.00000000,1200.00000000,10800.00000000,833.33333333,814.88896667,0,,
result3,2025-02-11,57655.28126375,48737.81184592,3894.91956957,5022.54984826,79013.31949796,83457.50321709,945.21566317,43460.99885430,3533.33770679,5845.27264519,5987.42207852,0.02164590,OPTIMAL_CAUSAL_MPC_4X,0.00000000,0.00000000,1200.00000000,10800.00000000,833.33333333,833.33333333,0,,
result3,2025-02-12,53562.43529342,49671.35413495,2974.11367066,916.96748782,80230.02259148,82977.15126288,164.42615000,42596.10020811,3247.44157510,5987.42207852,5978.93490852,0.02215500,OPTIMAL_CAUSAL_MPC_4X,0.00000000,0.00000000,1200.00000000,10800.00000000,833.33333333,821.84431667,0,,
result3,2025-02-13,51853.57414469,50073.83932441,764.68254099,1015.05227929,80605.41328174,81432.46454553,158.82381133,38630.18778615,5961.90691172,5978.93490852,6065.38858500,0.02191720,OPTIMAL_CAUSAL_MPC_4X,0.00000000,0.00000000,1200.00000000,10800.00000000,833.33333333,809.24666667,0,,
result3,2025-02-14,21681.74253778,18078.03758146,3333.63021930,270.07473702,35118.78086770,37796.34619381,49.70913167,33764.37211520,4061.49525694,6065.38858500,6456.27092148,0.02253630,OPTIMAL_CAUSAL_MPC_4X,0.00000000,0.00000000,1200.00000000,10800.00000000,833.33333333,559.76725000,0,,
result3,2025-02-15,20793.34233205,18006.39616223,1782.11620657,1004.82996324,34726.87328292,36448.51837310,216.51998333,32968.27703304,4343.31364367,6456.27092148,5817.09482870,0.02138960,OPTIMAL_CAUSAL_MPC_4X,0.00000000,0.00000000,1200.00000000,10800.00000000,833.33333333,547.31666667,0,,
result3,2025-02-16,53443.71726289,48845.46581219,2025.45156070,2572.79988999,79409.40052675,81514.58905902,548.91686200,43419.53895697,984.73750139,5817.09482870,6415.01857676,0.02247980,OPTIMAL_CAUSAL_MPC_4X,0.00000000,0.00000000,1200.00000000,10800.00000000,833.33333333,833.33333333,0,,
result3,2025-02-17,51431.23168584,49009.35181037,1333.62260712,1088.25726836,79499.51803529,80798.41884850,156.89930556,37457.56757718,6068.52159077,6415.01857676,6026.89850185,0.02722370,OPTIMAL_CAUSAL_MPC_4X,0.00000000,0.00000000,1200.00000000,10800.00000000,833.33333333,833.33333333,0,,
result3,2025-02-18,51301.68655529,46567.07075278,4578.99257252,155.62323000,76034.27845391,79974.90420673,34.20666667,43066.91823182,2602.42640546,6026.89850185,6791.37542875,0.02202940,OPTIMAL_CAUSAL_MPC_4X,0.00000000,0.00000000,1446.62371852,10800.00000000,833.33333333,833.33333333,0,,
result3,2025-02-19,57498.76996410,46531.97609982,4676.59428369,6290.19958059,75675.29561239,81026.24583220,1266.93549733,42259.84542454,4744.67214100,6791.37542875,5751.76164352,0.02147610,OPTIMAL_CAUSAL_MPC_4X,0.00000000,0.00000000,1200.00000000,10800.00000000,833.33333333,833.33333333,0,,
result3,2025-02-20,50607.53702952,47438.28402883,2940.02032074,229.23267995,77058.28732459,79665.09587138,49.46621667,41179.73246637,3944.27583368,5751.76164352,6158.96333369,0.02385710,OPTIMAL_CAUSAL_MPC_4X,0.00000000,0.00000000,1345.85317545,10800.00000000,833.33333333,833.33333333,0,,
result3,2025-02-21,18819.27412605,17627.33323663,1191.94088943,0.00000000,34310.24328212,35267.83203856,0.00000000,33059.30101147,6477.04446975,6158.96333369,5917.84334870,0.02157200,OPTIMAL_CAUSAL_MPC_4X,0.00000000,0.00000000,1284.75825926,10800.00000000,833.33333333,535.03800000,0,,
result3,2025-02-22,20500.51989946,17705.43640949,2795.08348997,0.00000000,34473.74467922,36721.30113338,0.00000000,32660.57565830,5043.54909453,5917.84334870,6324.62168005,0.02132380,OPTIMAL_CAUSAL_MPC_4X,0.00000000,0.00000000,1236.73886407,10800.00000000,833.33333333,530.30500000,0,,
result3,2025-02-23,50089.96402516,47733.41407454,1724.60902395,631.94092667,77484.59206106,79000.69241839,111.38252150,40934.89913874,3581.20981999,6324.62168005,5912.94251333,0.02209790,OPTIMAL_CAUSAL_MPC_4X,0.00000000,0.00000000,1200.00000000,10800.00000000,833.33333333,833.33333333,0,,
result3,2025-02-24,50474.47261344,46164.08211938,4069.57948175,240.81101232,75800.17200185,79234.50235753,53.11701667,39487.77611823,6423.73505874,5912.94251333,6378.12057009,0.02127810,OPTIMAL_CAUSAL_MPC_4X,0.00000000,0.00000000,1436.26813398,10800.00000000,833.33333333,833.33333333,0,,
result3,2025-02-25,47210.71886460,44431.20455728,2009.04557977,770.46872755,72723.63516471,74637.12092868,165.36368333,39384.93121142,5231.53075059,6378.12057009,5825.00181444,0.02138140,OPTIMAL_CAUSAL_MPC_4X,0.00000000,0.00000000,1200.00000000,10800.00000000,833.33333333,833.33333333,0,,
result3,2025-02-26,50191.88343646,43287.15827621,6487.97811884,416.74704141,70940.10505947,77170.72998712,87.15868667,41415.18060370,3517.37223232,5825.00181444,6318.78974843,0.02096710,OPTIMAL_CAUSAL_MPC_4X,0.00000000,0.00000000,1200.00000000,10800.00000000,833.33333333,821.25498333,0,,
result3,2025-02-27,54058.39147261,44356.54944274,1190.83204739,8511.00998248,72732.23269660,75476.75876221,1664.01676767,40191.83978347,4528.86914341,6318.78974843,6089.79710907,0.02133500,OPTIMAL_CAUSAL_MPC_4X,0.00000000,0.00000000,1200.00000000,10800.00000000,833.33333333,833.33333333,0,,
result3,2025-02-28,19450.96178802,16997.63407909,2085.51254186,367.81516707,33416.03957654,35134.47763765,80.76227222,31842.35289383,8561.03242716,6089.79710907,6027.73847333,0.02148670,OPTIMAL_CAUSAL_MPC_4X,0.00000000,0.00000000,1200.00000000,10800.00000000,833.33333333,520.97380000,0,,
result3,2025-03-01,18658.50282960,17094.69716325,131.21959661,1432.58606974,33439.96595267,33828.55931151,262.55608417,30188.91493559,6978.66387426,6027.73847333,6049.98878685,0.02020760,OPTIMAL_CAUSAL_MPC_4X,0.00000000,0.00000000,1200.00000000,10800.00000000,833.33333333,478.94683333,0,,
result3,2025-03-02,50758.50463926,47354.48878310,3404.01585616,0.00000000,76905.35994362,79577.69077646,0.00000000,40081.40751259,2992.38098462,6049.98878685,6069.65962306,0.02130330,OPTIMAL_CAUSAL_MPC_4X,0.00000000,0.00000000,1263.05891481,10800.00000000,833.33333333,764.82916667,0,,
result3,2025-03-03,50520.57940628,48914.19381225,371.74902595,1234.63656809,79596.98145977,80018.13324818,226.91395817,43036.05096180,3589.86707346,6069.65962306,5962.59111593,0.02128020,OPTIMAL_CAUSAL_MPC_4X,0.00000000,0.00000000,1200.00000000,10800.00000000,833.33333333,809.76000000,0,,
result3,2025-03-04,49330.80673187,49182.88667310,0.00000000,147.92005877,79603.28579342,79635.43333525,32.14754183,37238.42114541,6645.33583951,5962.59111593,5843.56755500,0.02146600,OPTIMAL_CAUSAL_MPC_4X,0.00000000,0.00000000,1200.00000000,10800.00000000,833.33333333,806.01956667,0,,
result3,2025-03-05,47761.62663628,46827.89801373,0.00000000,933.72862255,76713.36531317,76854.75507984,141.38976667,37422.00182737,6711.57700247,5843.56755500,5928.46623426,0.02086780,OPTIMAL_CAUSAL_MPC_4X,0.00000000,0.00000000,1200.00000000,10800.00000000,833.33333333,824.30000000,0,,
result3,2025-03-06,47061.67520550,44619.50418865,2442.17101685,0.00000000,73184.64621646,75000.21753013,0.00000000,39145.21532995,4510.88763951,5928.46623426,6370.41746093,0.02165690,OPTIMAL_CAUSAL_MPC_4X,0.00000000,0.00000000,1565.72364449,10800.00000000,833.33333333,768.51000000,0,,
result3,2025-03-07,16431.78353059,16431.78353059,0.00000000,0.00000000,31926.03609033,31926.03609033,0.00000000,28524.06958333,8375.18030700,6370.41746093,6002.71686741,0.02069110,OPTIMAL_CAUSAL_MPC_4X,0.00000000,0.00000000,1256.01717185,10800.00000000,833.33333333,463.29706667,0,,
result3,2025-03-08,18893.73963199,16014.99575443,1775.27587561,1103.46800195,30914.09236933,32560.33561908,288.36803433,29297.58723522,10299.26905431,6002.71686741,6125.88707985,0.02112660,OPTIMAL_CAUSAL_MPC_4X,0.00000000,0.00000000,1200.00000000,10800.00000000,833.33333333,464.62766667,0,,
result3,2025-03-09,46534.90858659,41657.19934096,4067.30086146,810.40838417,68608.68151046,72307.34973956,135.98215633,40421.60912141,4837.81138882,6125.88707985,6018.15282500,0.02092800,OPTIMAL_CAUSAL_MPC_4X,0.00000000,0.00000000,1200.00000000,10800.00000000,833.33333333,780.83166667,0,,
result3,2025-03-10,52489.94351168,41110.30244392,6545.93599086,4833.70507690,67777.13959753,75251.13950084,951.66706271,40244.58115355,2962.21696640,6018.15282500,6040.55840481,0.02137090,OPTIMAL_CAUSAL_MPC_4X,0.00000000,0.00000000,1200.00000000,10800.00000000,833.33333333,822.23288333,0,,
result3,2025-03-11,47934.21861871,43596.88809075,4337.33052796,0.00000000,72432.02291379,76014.02220036,0.00000000,37452.69662603,7677.57133544,6040.55840481,6509.18100401,0.02144000,OPTIMAL_CAUSAL_MPC_4X,0.00000000,0.00000000,1431.72493676,10800.00000000,833.33333333,788.23151667,0,,
result3,2025-03-12,44284.41786132,41254.03938888,3030.37847244,0.00000000,68146.18441715,70579.38933886,0.00000000,39506.36383278,4333.95172274,6509.18100401,6170.13388185,0.02107030,OPTIMAL_CAUSAL_MPC_4X,0.00000000,0.00000000,1277.67948315,10800.00000000,833.33333333,792.35333333,0,,
result3,2025-03-13,56302.36014448,39926.08091853,7448.89297167,8927.38625428,65986.50207531,75482.15031734,1724.59378717,39656.74585668,3984.94713910,6170.13388185,5957.68245389,0.02216640,OPTIMAL_CAUSAL_MPC_4X,0.00000000,0.00000000,1200.00000000,10800.00000000,833.33333333,829.37666667,0,,
result3,2025-03-14,19212.96176882,15236.08717221,2684.84140230,1292.03319431,29643.64500817,32112.86026433,336.35304617,29845.69113872,12447.58095028,5957.68245389,6463.35646069,0.02080370,OPTIMAL_CAUSAL_MPC_4X,0.00000000,0.00000000,1200.00000000,10800.00000000,833.33333333,496.71500000,0,,
result3,2025-03-15,18505.06144708,15214.17367894,1030.69770677,2260.19006136,29719.85080204,30999.01654354,479.30591250,30021.64815266,7584.07461702,6463.35646069,5799.05935875,0.02097290,OPTIMAL_CAUSAL_MPC_4X,0.00000000,0.00000000,1200.00000000,10800.00000000,833.33333333,494.00738333,0,,
result3,2025-03-16,45960.63630298,41333.79714792,4619.37797506,7.46118000,68648.83705892,72562.56759078,1.64000000,38939.27270374,4855.40342137,5799.05935875,6069.12068296,0.02159040,OPTIMAL_CAUSAL_MPC_4X,0.00000000,0.00000000,1408.88081259,10800.00000000,833.33333333,833.33333333,0,,
result3,2025-03-17,44060.14070898,41249.89568921,2810.24501977,0.00000000,68708.07804327,70905.23793756,0.00000000,35889.68811907,9130.40002782,6069.12068296,6219.23067167,0.02258650,OPTIMAL_CAUSAL_MPC_4X,0.00000000,0.00000000,1264.41230815,10800.00000000,833.33333333,792.12985000,0,,
result3,2025-03-18,51303.02874244,36982.20143546,4727.42265991,9593.40464707,61485.77474897,68198.13492623,1861.68263333,39687.19751407,3255.89679013,6219.23067167,5867.50781333,0.02150560,OPTIMAL_CAUSAL_MPC_4X,0.00000000,0.00000000,1200.00000000,10800.00000000,833.33333333,801.53041667,0,,
result3,2025-03-19,44377.29677387,39104.33877332,4007.89274315,1265.06525739,65088.37699680,68920.52781777,261.12302264,40055.82312003,4942.39425780,5867.50781333,6177.12661125,0.02206680,OPTIMAL_CAUSAL_MPC_4X,0.00000000,0.00000000,1200.00000000,10800.00000000,833.33333333,823.44500000,0,,
result3,2025-03-20,44321.18955343,39828.97969422,4022.54702231,469.66283689,66249.07258680,69714.54277656,83.57326210,39682.61896849,3458.42968765,6177.12661125,6058.04116611,0.02347920,OPTIMAL_CAUSAL_MPC_4X,0.00000000,0.00000000,1200.00000000,10800.00000000,833.33333333,827.01500000,0,,
result3,2025-03-21,19400.55727191,14764.60845716,2061.30019257,2574.64862218,28961.69853867,31061.73154660,619.93254360,29372.84230151,16120.24890178,6058.04116611,5881.74826315,0.02534320,OPTIMAL_CAUSAL_MPC_4X,0.00000000,0.00000000,1200.00000000,10800.00000000,833.33333333,494.82500000,0,,
result3,2025-03-22,17354.77173268,15175.26762399,2179.50410869,0.00000000,29852.87112667,31496.64379401,0.00000000,29058.70101630,12067.02395915,5881.74826315,6382.57448018,0.02087170,OPTIMAL_CAUSAL_MPC_4X,0.00000000,0.00000000,1423.50462809,10800.00000000,833.33333333,468.61526667,0,,
result3,2025-03-23,42027.65819935,39124.72211836,1808.60403118,1094.33204981,65330.17548071,66886.45662039,186.83662342,39148.40554809,4183.83407012,6382.57448018,6204.99467500,0.02187260,OPTIMAL_CAUSAL_MPC_4X,0.00000000,0.00000000,1200.00000000,10800.00000000,833.33333333,817.68986667,0,,
result3,2025-03-24,47374.99556848,35944.89407918,6044.64129174,5385.46019756,60251.82797745,66535.82697316,1052.84068287,39479.63800443,4644.69408900,6204.99467500,5951.96110759,0.02192070,OPTIMAL_CAUSAL_MPC_4X,0.00000000,0.00000000,1200.00000000,10800.00000000,833.33333333,805.68500000,0,,
result3,2025-03-25,49058.50802970,36969.17208744,6407.56070291,5681.77523935,61839.59888118,68502.04570414,1130.44632097,39544.78338424,3330.96190350,5951.96110759,6022.19838480,0.02180660,OPTIMAL_CAUSAL_MPC_4X,0.00000000,0.00000000,1200.00000000,10800.00000000,833.33333333,800.19250000,0,,
result3,2025-03-26,41392.77961849,37245.97341558,4146.80620291,0.00000000,62445.87527142,65687.50147037,0.00000000,38960.94801974,5886.62456552,6022.19838480,6141.35547667,0.02159600,OPTIMAL_CAUSAL_MPC_4X,0.00000000,0.00000000,1225.77504381,10800.00000000,833.33333333,787.93375000,0,,
result3,2025-03-27,44887.52621875,36485.22591435,6483.51216335,1918.78814105,60879.77092289,67117.44196392,386.50839464,38984.96240625,4493.64034062,6141.35547667,5954.79284722,0.02160420,OPTIMAL_CAUSAL_MPC_4X,0.00000000,0.00000000,1200.00000000,10800.00000000,833.33333333,766.72541667,0,,
result3,2025-03-28,16751.56083942,14336.50370656,1560.75580598,854.30132688,28571.64562933,29961.11801941,225.51815225,29620.75562721,16035.96909595,5954.79284722,5948.66606645,0.02081580,OPTIMAL_CAUSAL_MPC_4X,0.00000000,0.00000000,1200.00000000,10800.00000000,833.33333333,483.87333333,0,,
result3,2025-03-29,17184.72178697,14280.64873716,2017.46480644,886.60824337,28569.93149502,30230.99214525,179.63899167,29116.51346723,19402.01868964,5948.66606645,6014.36371870,0.02139840,OPTIMAL_CAUSAL_MPC_4X,0.00000000,0.00000000,1200.00000000,10800.00000000,833.33333333,482.24500000,0,,
result3,2025-03-30,41598.68783321,34982.39678209,4968.90438105,1647.38667008,58350.38025839,63031.54762953,303.83049041,39728.97622710,3618.03061972,6014.36371870,5911.24630071,0.03139270,OPTIMAL_CAUSAL_MPC_4X,0.00000000,0.00000000,1200.00000000,10800.00000000,833.33333333,761.57913333,0,,
result3,2025-03-31,41967.87765428,34863.61364115,5939.04416100,1165.21985212,58495.98904007,64231.83852894,199.94809575,38333.26737138,3036.75235407,5911.24630071,6132.22975133,0.03153470,OPTIMAL_CAUSAL_MPC_4X,0.00000000,0.00000000,1200.00000000,10800.00000000,833.33333333,796.04708333,0,,
result3,2025-04-01,42074.67665610,36642.26218983,5070.58655742,361.82790885,61532.33103040,66967.92098031,67.48628225,38813.80864553,2765.66819883,6132.22975133,6050.80344392,0.03180240,OPTIMAL_CAUSAL_MPC_4X,0.00000000,0.00000000,1200.00000000,10800.00000000,833.33333333,772.03645000,0,,
result3,2025-04-02,49867.65044356,35797.95647253,5469.34934412,8600.34462691,60230.25945813,67848.12422556,1639.53521303,38757.19646544,3423.07737471,6050.80344392,5971.64255370,0.03160100,OPTIMAL_CAUSAL_MPC_4X,0.00000000,0.00000000,1200.00000000,10800.00000000,833.33333333,788.41291667,0,,
result3,2025-04-03,40906.01586384,37042.78114240,3821.85264589,41.38207556,62549.89714998,65699.74823729,5.93206358,39134.30930978,5635.25990900,5971.64255370,6065.09551074,0.03161360,OPTIMAL_CAUSAL_MPC_4X,0.00000000,0.00000000,1200.00000000,10800.00000000,833.33333333,779.54625000,0,,
result3,2025-04-04,15928.15293794,13745.15250856,2050.18170421,132.81872516,27717.98909750,29262.64206875,34.75110548,29788.94688101,19660.37323677,6065.09551074,6109.79251407,0.03131630,OPTIMAL_CAUSAL_MPC_4X,0.00000000,0.00000000,1200.00000000,10800.00000000,833.33333333,503.50333333,0,,
result3,2025-04-05,15747.68420259,13796.46195134,1951.22225125,0.00000000,27756.66680483,29189.36143696,0.00000000,29420.65527790,14029.34034839,6109.79251407,6137.49559611,0.03162230,OPTIMAL_CAUSAL_MPC_4X,0.00000000,0.00000000,1227.16086609,10800.00000000,833.33333333,483.91773333,0,,
result3,2025-04-06,39305.14127603,35420.72844303,2787.52358411,1096.88924889,59528.61930034,62070.39986288,192.48012279,38771.38162600,3679.14461430,6137.49559611,6048.25751185,0.03119890,OPTIMAL_CAUSAL_MPC_4X,0.00000000,0.00000000,1200.00000000,10800.00000000,833.33333333,772.53166667,0,,
result3,2025-04-07,37216.26429638,34699.28288153,1725.70816778,791.27324707,58149.23895385,59726.30905257,115.00453056,37763.58446294,2786.54441070,6048.25751185,5779.68587352,0.03280240,OPTIMAL_CAUSAL_MPC_4X,0.00000000,0.00000000,1200.00000000,10800.00000000,833.33333333,735.01901667,0,,
result3,2025-04-08,40340.81067045,35556.47817782,4149.95086726,634.38162538,59801.28014823,63330.14687480,129.54604708,39255.12159715,4748.30499393,5779.68587352,5888.23045949,0.03142680,OPTIMAL_CAUSAL_MPC_4X,0.00000000,0.00000000,1200.00000000,10800.00000000,833.33333333,746.50500000,0,,
result3,2025-04-09,43266.54442322,35662.86183068,7603.68259254,0.00000000,60205.44979984,67355.38393943,0.00000000,38307.82204349,4017.98459506,5888.23045949,6071.06583998,0.03234260,OPTIMAL_CAUSAL_MPC_4X,0.00000000,0.00000000,1328.24952160,10800.00000000,833.33333333,749.65525000,0,,
result3,2025-04-10,39561.90954023,35828.96660244,3380.87913826,352.06379953,60447.16095200,63194.05152011,79.51720271,38760.35674543,4657.24991938,6071.06583998,6078.50390481,0.03274920,OPTIMAL_CAUSAL_MPC_4X,0.00000000,0.00000000,1200.00000000,10800.00000000,833.33333333,766.96691667,0,,
result3,2025-04-11,15681.94337053,13295.06299703,1917.05782855,469.82254495,27009.04960167,28581.63193897,116.61485392,29481.16787691,19990.50815472,6078.50390481,6259.26798883,0.03117010,OPTIMAL_CAUSAL_MPC_4X,0.00000000,0.00000000,1200.00000000,10800.00000000,833.33333333,493.15333333,0,,
result3,2025-04-12,15857.79806293,13454.56075822,2403.23730471,0.00000000,27179.17026189,28936.59867633,0.00000000,28833.62078473,16801.83447505,6259.26798883,6342.59835534,0.03246140,OPTIMAL_CAUSAL_MPC_4X,0.00000000,0.00000000,1520.21120429,10800.00000000,833.33333333,476.15393333,0,,
result3,2025-04-13,39283.27030880,33994.97423368,5288.29607512,0.00000000,57027.11741769,61504.16686661,0.00000000,38088.00753221,3041.04958691,6342.59835534,6532.21612772,0.03194400,OPTIMAL_CAUSAL_MPC_4X,0.00000000,0.00000000,1500.08159828,10800.00000000,833.33333333,748.98000000,0,,
result3,2025-04-14,36631.57180977,33058.24707436,2874.77591522,698.54882020,55678.34749315,58249.81874038,102.92269167,37991.95704722,2112.02333049,6532.21612772,6151.77184713,0.03127940,OPTIMAL_CAUSAL_MPC_4X,0.00000000,0.00000000,1200.00000000,10800.00000000,833.33333333,759.31666667,0,,
result3,2025-04-15,37343.29816370,33370.35284628,3245.59856045,727.34675698,55926.66308124,58710.13614365,124.34857814,36201.08495775,4762.02684928,6151.77184713,6160.38600963,0.03166590,OPTIMAL_CAUSAL_MPC_4X,0.00000000,0.00000000,1200.00000000,10800.00000000,833.33333333,751.07358333,0,,
result3,2025-04-16,40648.65095807,34013.99031974,6020.74070699,613.91993134,57234.69783333,62769.89688286,122.85405851,37950.89340409,3275.93488529,6160.38600963,5889.46380926,0.03146620,OPTIMAL_CAUSAL_MPC_4X,0.00000000,0.00000000,1200.00000000,10800.00000000,833.33333333,748.30733333,0,,
result3,2025-04-17,37971.23608990,34354.84290529,2803.25197176,813.14121285,57683.96418317,60032.48934876,117.67321098,36466.55747458,3209.65365833,5889.46380926,6016.67882370,0.02668380,OPTIMAL_CAUSAL_MPC_4X,0.00000000,0.00000000,1200.00000000,10800.00000000,833.33333333,750.87666667,0,,
result3,2025-04-18,15074.83161549,13105.19876449,1597.43246473,372.20038627,26807.20543850,28059.19530237,91.94836769,29653.99931048,18488.43395385,6016.67882370,6121.04886259,0.03069130,OPTIMAL_CAUSAL_MPC_4X,0.00000000,0.00000000,1200.00000000,10800.00000000,833.33333333,475.26000000,0,,
result3,2025-04-19,15624.81184382,12825.96205153,1648.60071053,1150.24908176,26224.88859133,27711.49094954,284.40425824,29606.72877910,17867.76354630,6121.04886259,6071.93702333,0.03104450,OPTIMAL_CAUSAL_MPC_4X,0.00000000,0.00000000,1200.00000000,10800.00000000,833.33333333,475.26865000,0,,
result3,2025-04-20,37864.60972049,33452.78389905,4411.82582144,0.00000000,56318.94570359,60091.70006362,0.00000000,38419.02945537,4085.82631821,6071.93702333,6087.21349213,0.03182270,OPTIMAL_CAUSAL_MPC_4X,0.00000000,0.00000000,1309.14042694,10800.00000000,833.33333333,721.54490000,0,,
result3,2025-04-21,36210.91243799,32717.51876869,3493.39366930,0.00000000,55201.22232302,57912.48554351,0.00000000,35771.85680488,5743.47819297,6087.21349213,5983.68166864,0.03149960,OPTIMAL_CAUSAL_MPC_4X,0.00000000,0.00000000,1246.59205247,10800.00000000,833.33333333,741.01655000,0,,
result3,2025-04-22,43795.19838736,30869.59126919,6243.39661803,6682.21050014,50995.99070806,58629.43175469,1214.79631807,35015.15798343,3043.97851723,5983.68166864,5739.23071296,0.03116740,OPTIMAL_CAUSAL_MPC_4X,0.00000000,0.00000000,1200.00000000,10800.00000000,833.33333333,736.15703333,0,,
result3,2025-04-23,36992.07307328,33490.25633536,3501.81673792,0.00000000,56966.29407678,59634.26795757,0.00000000,36311.33584913,3690.27837666,5739.23071296,6475.68519793,0.02855850,OPTIMAL_CAUSAL_MPC_4X,0.00000000,0.00000000,1451.16390608,10800.00000000,833.33333333,748.36945000,0,,
result3,2025-04-24,36324.92258847,32138.16020365,4186.76238482,0.00000000,53866.91240207,57054.23766478,0.00000000,34711.60684138,6704.64067441,6475.68519793,6089.28082333,0.02240510,OPTIMAL_CAUSAL_MPC_4X,0.00000000,0.00000000,1317.49627784,10800.00000000,833.33333333,745.50166667,0,,
result3,2025-04-25,15219.19845204,12023.68771801,3195.51073404,0.00000000,25234.10538117,27649.89409795,0.00000000,28970.35560164,21929.85164753,6089.28082333,6771.64855914,0.02209080,OPTIMAL_CAUSAL_MPC_4X,0.00000000,0.00000000,1491.03235252,10800.00000000,833.33333333,490.20833333,0,,
result3,2025-04-26,14668.50008768,11759.97719424,2646.55179856,261.97109488,24690.39373867,26655.14845939,59.25475683,30001.17203952,24349.15117298,6771.64855914,5853.08296167,0.02189000,OPTIMAL_CAUSAL_MPC_4X,0.00000000,0.00000000,1200.00000000,10800.00000000,833.33333333,484.13323333,0,,
result3,2025-04-27,37615.64682637,30778.07791450,4454.88552134,2382.68339053,51463.25974700,55759.29840896,455.40125106,36187.11802907,2875.69607810,5853.08296167,6367.40793472,0.02239580,OPTIMAL_CAUSAL_MPC_4X,0.00000000,0.00000000,1200.00000000,10800.00000000,833.33333333,733.86311667,0,,
result3,2025-04-28,45795.58892094,30846.46989803,10229.66668773,4719.45233518,51362.22878779,63708.37336136,939.17021376,35698.62437740,3649.48258989,6367.40793472,6055.23727999,0.02224090,OPTIMAL_CAUSAL_MPC_4X,0.00000000,0.00000000,1200.00000000,10800.00000000,833.33333333,730.89166667,0,,
result3,2025-04-29,38125.49076583,33476.42424785,3734.35319819,914.71331978,57078.25435165,60149.81948867,131.12289561,32498.38612780,9062.09857884,6055.23727999,6299.66208852,0.02128940,OPTIMAL_CAUSAL_MPC_4X,0.00000000,0.00000000,1200.00000000,10800.00000000,833.33333333,748.99166667,0,,
result3,2025-04-30,34693.14878484,30970.58595230,3037.25049090,685.31234164,51690.84020013,54742.59044191,138.18399324,34070.48419882,3274.92170317,6299.66208852,5931.98536352,0.02206280,OPTIMAL_CAUSAL_MPC_4X,0.00000000,0.00000000,1200.00000000,10800.00000000,833.33333333,746.83783333,0,,
result3,2025-05-01,48526.79863262,29953.80025115,6879.34586789,11693.65251358,49832.47129977,57153.39347066,2034.17907139,34022.54977449,2841.26155262,5931.98536352,5659.80685602,0.02143870,OPTIMAL_CAUSAL_MPC_4X,0.00000000,0.00000000,1200.00000000,10800.00000000,833.33333333,819.61481667,0,,
result3,2025-05-02,22712.90505042,12196.62708114,5046.62980632,5469.64816297,25470.73098247,30346.92820727,1153.06522325,29139.72312168,12873.66159383,5659.80685602,5784.57675957,0.02072880,OPTIMAL_CAUSAL_MPC_4X,0.00000000,0.00000000,1200.00000000,10800.00000000,833.33333333,546.41555000,0,,
result3,2025-05-03,18966.63841148,12749.36607572,3945.31150471,2271.96083106,26192.61121306,29667.98278986,492.22847540,29623.67985720,17319.93131574,5784.57675957,6157.85082000,0.02131060,OPTIMAL_CAUSAL_MPC_4X,0.00000000,0.00000000,1200.00000000,10800.00000000,833.33333333,572.50833333,0,,
result3,2025-05-04,40038.58525028,31739.99358227,4941.42162668,3357.17004133,52942.51234274,57490.20203139,561.96761210,33265.89208773,2483.24835503,6157.85082000,5936.91681123,0.02470910,OPTIMAL_CAUSAL_MPC_4X,0.00000000,0.00000000,1200.00000000,10800.00000000,833.33333333,803.87460000,0,,
result3,2025-05-05,41307.06682221,32605.83168478,7198.21265731,1503.02248011,55595.70448650,61886.93337106,229.43133244,39127.66898760,2661.51739458,5936.91681123,5979.23542333,0.02185990,OPTIMAL_CAUSAL_MPC_4X,0.00000000,0.00000000,1200.00000000,10800.00000000,833.33333333,813.57316667,0,,
result3,2025-05-06,45212.50447691,31457.77829882,7106.39655532,6648.32962277,52579.05567972,59998.45790385,1279.69180468,36405.73948205,3504.60011296,5979.23542333,5780.31487681,0.02142620,OPTIMAL_CAUSAL_MPC_4X,0.00000000,0.00000000,1200.00000000,10800.00000000,833.33333333,814.26916667,0,,
result3,2025-05-07,44526.54171494,30889.40740202,10943.26369928,2693.87061364,52165.21542347,62174.98052583,480.34185823,37252.89089930,2887.23893672,5780.31487681,6091.40478565,0.02173900,OPTIMAL_CAUSAL_MPC_4X,0.00000000,0.00000000,1200.00000000,10800.00000000,833.33333333,833.01166667,0,,
result3,2025-05-08,43331.35222825,34578.26290412,7112.02497519,1641.06434894,55836.95230409,63412.08446379,245.21001000,36455.27139658,3880.19951968,6091.40478565,5969.30630759,0.02258020,OPTIMAL_CAUSAL_MPC_4X,0.00000000,0.00000000,1200.00000000,10800.00000000,833.33333333,833.33333333,0,,
result3,2025-05-09,17095.23639423,14609.37815402,2009.77496843,476.08327178,28341.12849700,29860.18045793,120.22999393,29849.39561134,17814.36213995,5969.30630759,6384.67164142,0.02101390,OPTIMAL_CAUSAL_MPC_4X,0.00000000,0.00000000,1200.00000000,10800.00000000,833.33333333,560.79180000,0,,
result3,2025-05-10,16744.63486472,14515.66394843,2228.97091630,0.00000000,27931.94216672,29467.14010886,0.00000000,29405.91506708,14386.54996084,6384.67164142,6256.70072049,0.02018490,OPTIMAL_CAUSAL_MPC_4X,0.00000000,0.00000000,1468.51548752,10800.00000000,826.67001111,554.00495000,0,,
result3,2025-05-11,41633.55297950,35382.35663163,4461.28504959,1789.91129828,58377.23197465,62605.19194714,258.00271478,35585.36789260,3652.71670854,6256.70072049,5988.13246574,0.02173250,OPTIMAL_CAUSAL_MPC_4X,0.00000000,0.00000000,1200.00000000,10800.00000000,833.33333333,833.33333333,0,,
result3,2025-05-12,39458.90931998,35299.16626839,4159.74305159,0.00000000,58649.20957726,61732.77331257,0.00000000,31499.93215682,6036.78416096,5988.13246574,6448.84906701,0.02129000,OPTIMAL_CAUSAL_MPC_4X,0.00000000,0.00000000,1340.56972031,10800.00000000,833.33333333,819.36453333,0,,
result3,2025-05-13,40120.99495909,33897.53766920,6103.58838153,119.86890836,55361.86409226,61200.08857016,17.18304306,34726.60115904,4508.76425423,6448.84906701,6365.16444698,0.02143160,OPTIMAL_CAUSAL_MPC_4X,0.00000000,0.00000000,1200.00000000,10800.00000000,833.33333333,825.48123333,0,,
result3,2025-05-14,37714.24248132,35059.48575486,2654.75672646,0.00000000,57535.00620502,59517.90272521,0.00000000,34212.80127710,3211.23542377,6365.16444698,6064.62348870,0.02102360,OPTIMAL_CAUSAL_MPC_4X,0.00000000,0.00000000,1357.06724352,10800.00000000,833.33333333,823.00833333,0,,
result3,2025-05-15,39605.75446910,34770.40423658,4835.35023251,0.00000000,57517.91285680,61238.26952309,0.00000000,35179.25344563,4208.39180246,6064.62348870,6639.77072583,0.02191510,OPTIMAL_CAUSAL_MPC_4X,0.00000000,0.00000000,1678.35577079,10800.00000000,833.33333333,805.62166667,0,,
result3,2025-05-16,15336.76186108,13915.32805428,1421.43380680,0.00000000,26933.21588292,27926.04592692,0.00000000,29133.93111361,23151.30401748,6639.77072583,5635.19801426,0.02035990,OPTIMAL_CAUSAL_MPC_4X,0.00000000,0.00000000,1359.87188426,10800.00000000,833.33333333,566.11333333,0,,
result3,2025-05-17,17050.24437581,14133.49467649,2735.87286666,180.87683266,27740.49784383,29676.77499352,42.20039379,29515.13516756,15689.48621804,5635.19801426,6077.85949256,0.02033460,OPTIMAL_CAUSAL_MPC_4X,0.00000000,0.00000000,1200.00000000,10800.00000000,833.33333333,593.32743333,0,,
result3,2025-05-18,38355.93280515,35788.83147272,2531.78263410,35.31869833,59011.97429455,61095.86522556,5.23666667,35413.66204583,3614.35067873,6077.85949256,6166.23798148,0.02135610,OPTIMAL_CAUSAL_MPC_4X,0.00000000,0.00000000,1432.73209222,10800.00000000,833.33333333,833.33333333,0,,
result3,2025-05-19,38674.71182444,33583.68167785,2866.32157311,2224.70857348,55472.94356859,58086.64754995,345.16003717,33189.85160122,7417.93300995,6166.23798148,5833.88218019,0.02256470,OPTIMAL_CAUSAL_MPC_4X,0.00000000,0.00000000,1200.00000000,10800.00000000,833.33333333,833.33333333,0,,
result3,2025-05-20,41608.75223566,32590.03791488,6562.48690095,2456.22741983,53409.58417454,60522.16372554,356.32283394,34534.04684451,2512.22088615,5833.88218019,5690.51719167,0.02141010,OPTIMAL_CAUSAL_MPC_4X,0.00000000,0.00000000,1200.00000000,10800.00000000,833.33333333,831.57333333,0,,
result3,2025-05-21,39842.77025650,34392.17472391,4366.62118771,1083.97434488,57204.85110648,61016.07710995,193.69942217,32410.80387224,6125.42019104,5690.51719167,5817.01864981,0.02099110,OPTIMAL_CAUSAL_MPC_4X,0.00000000,0.00000000,1200.00000000,10800.00000000,833.33333333,811.00433333,0,,
result3,2025-05-22,38631.75056874,33435.61434217,2649.03639369,2547.09983287,54812.44987104,57714.36081842,365.45553889,33891.94547942,2914.14352233,5817.01864981,6245.25303130,0.02196920,OPTIMAL_CAUSAL_MPC_4X,0.00000000,0.00000000,1200.00000000,10800.00000000,833.33333333,833.33333333,0,,
result3,2025-05-23,17963.30352708,13435.65559264,2863.14327467,1664.50465976,26537.24554200,28856.52052382,385.28018593,29875.15603974,18966.29491667,6245.25303130,6580.31482160,0.02060850,OPTIMAL_CAUSAL_MPC_4X,0.00000000,0.00000000,1200.00000000,10800.00000000,833.33333333,551.31406667,0,,
result3,2025-05-24,15480.28062864,13989.27690685,1212.51013500,278.49358679,27085.48061372,28001.80171569,65.24354876,29912.49970008,21492.43301743,6580.31482160,6193.05643105,0.02078050,OPTIMAL_CAUSAL_MPC_4X,0.00000000,0.00000000,1200.00000000,10800.00000000,833.33333333,551.42843333,0,,
result3,2025-05-25,38303.02193632,32861.15232521,4743.27834787,698.59126324,54770.62496867,58437.26121893,136.27565139,32107.37034840,6517.08909220,6193.05643105,6197.85795958,0.02166490,OPTIMAL_CAUSAL_MPC_4X,0.00000000,0.00000000,1200.00000000,10800.00000000,833.33333333,810.78935000,0,,
result3,2025-05-26,48257.38230893,31254.17666947,9408.52961437,7594.67602509,50522.81624125,61994.60396429,1385.11997008,32305.29689598,4175.92115672,6197.85795958,6044.69786623,0.02101000,OPTIMAL_CAUSAL_MPC_4X,0.00000000,0.00000000,1200.00000000,10800.00000000,833.33333333,824.93333333,0,,
result3,2025-05-27,38212.36536897,34915.41754433,2848.82155732,448.12626732,58188.60288411,60392.10530590,82.02730950,32904.00602518,7599.84190928,6044.69786623,5992.29274963,0.02182520,OPTIMAL_CAUSAL_MPC_4X,0.00000000,0.00000000,1200.00000000,10800.00000000,833.33333333,819.27500000,0,,
result3,2025-05-28,41322.07625821,32663.77779129,6811.50971704,1846.78874989,53271.13486290,60040.72779242,354.30170529,34444.42958146,3860.22415116,5992.29274963,6284.87516585,0.02118780,OPTIMAL_CAUSAL_MPC_4X,0.00000000,0.00000000,1200.00000000,10800.00000000,833.33333333,825.78253333,0,,
result3,2025-05-29,40128.90021342,32880.59104968,7128.53146816,119.77769558,54245.29211657,61318.67032139,17.81743333,36530.91596835,3292.96079122,6284.87516585,6366.17332174,0.02146980,OPTIMAL_CAUSAL_MPC_4X,0.00000000,0.00000000,1368.07174549,10800.00000000,833.33333333,833.33333333,0,,
result3,2025-05-30,16382.31168908,13332.21966794,3050.09202115,0.00000000,26387.89448293,28456.73261487,0.00000000,29317.42692683,18586.64072963,6366.17332174,6563.60275704,0.02040440,OPTIMAL_CAUSAL_MPC_4X,0.00000000,0.00000000,1308.84236043,10800.00000000,833.33333333,532.51976667,0,,
result3,2025-05-31,17486.30358359,13437.51968999,2083.85701684,1964.92687676,26477.40275466,28332.09360038,462.85661928,30305.64207405,17006.52134076,6563.60275704,6317.37786278,0.02035650,OPTIMAL_CAUSAL_MPC_4X,0.00000000,0.00000000,1200.00000000,10800.00000000,833.33333333,551.28035000,0,,
result3,2025-06-01,60161.04925495,33161.05347113,20767.08006159,6232.91572223,54479.24031359,75656.76472279,1163.95634714,38452.84844160,834.50304894,6317.37786278,5875.88720875,0.02194900,OPTIMAL_CAUSAL_MPC_4X,0.00000000,0.00000000,1200.00000000,10118.81471969,833.33333333,833.33333333,0,,
result3,2025-06-02,59247.06452859,37070.80294734,14771.17663913,7405.08494211,62445.71958362,75494.94362896,1384.55926830,40574.37878689,1774.05464502,5875.88720875,6701.34032370,0.02297250,OPTIMAL_CAUSAL_MPC_4X,0.00000000,0.00000000,1200.00000000,10800.00000000,833.33333333,833.33333333,0,,
result3,2025-06-03,53289.65962457,35285.55662218,18004.10300239,0.00000000,58269.77400971,74202.01778236,0.00000000,40312.28891737,1229.17484918,6701.34032370,7253.18857171,0.02148040,OPTIMAL_CAUSAL_MPC_4X,0.00000000,0.00000000,1421.30963651,10800.00000000,833.33333333,825.61431250,0,,
result3,2025-06-04,56626.72668071,35407.08253380,15130.22258535,6089.42156156,59077.88577111,74076.32344678,1118.84233897,39436.23912942,1692.03155789,7253.18857171,5844.72235290,0.02171380,OPTIMAL_CAUSAL_MPC_4X,0.00000000,0.00000000,1200.00000000,10800.00000000,833.33333333,833.33333333,0,,
result3,2025-06-05,59106.96216731,37385.03410986,13906.31268062,7815.61537683,62389.81124032,76176.64912801,1457.66793919,41532.97818993,1040.55377104,5844.72235290,5469.61186949,0.02201820,OPTIMAL_CAUSAL_MPC_4X,0.00000000,0.00000000,1200.00000000,10800.00000000,833.33333333,833.33333333,0,,
result3,2025-06-06,31638.22933870,14085.09779296,11793.89334061,5759.23820513,27830.72435546,37534.44460455,1486.97908023,29324.88882389,2571.60618611,5469.61186949,6504.87130662,0.02561600,OPTIMAL_CAUSAL_MPC_4X,0.00000000,0.00000000,1200.00000000,10800.00000000,833.33333333,662.16833333,0,,
result3,2025-06-07,28836.72033190,14409.11226582,9869.54301388,4558.06505220,27977.28670104,36143.55975779,1056.56321425,30528.29116828,944.80248004,6504.87130662,7377.30826167,0.02336580,OPTIMAL_CAUSAL_MPC_4X,0.00000000,0.00000000,1200.00000000,10800.00000000,833.33333333,659.94108333,0,,
result3,2025-06-08,51544.02833452,48492.35077082,3051.67756370,0.00000000,77929.34545306,80057.11878802,0.00000000,29249.73178525,12449.98991977,7377.30826167,6725.49887259,0.02120670,OPTIMAL_CAUSAL_MPC_4X,0.00000000,0.00000000,1651.57757179,10800.00000000,833.33333333,828.45291111,0,,
result3,2025-06-09,53926.53235390,43652.98436028,8689.09417932,1584.45381430,70410.60139864,78098.71664268,233.85633333,40089.61059946,3538.11157561,6725.49887259,6141.86504491,0.02177770,OPTIMAL_CAUSAL_MPC_4X,0.00000000,0.00000000,1258.77838460,10800.00000000,833.33333333,833.33333333,0,,
result3,2025-06-10,52180.81882173,45983.41604152,5221.62278746,975.77999275,74510.58268283,79361.19170286,148.03295000,41137.06372921,3636.71245992,6141.86504491,5928.46574426,0.02119630,OPTIMAL_CAUSAL_MPC_4X,0.00000000,0.00000000,1200.00000000,10800.00000000,833.33333333,833.33333333,0,,
result3,2025-06-11,65225.48473401,46816.88392838,7886.42239820,10522.17840743,76526.40391579,85352.52706779,2149.89771567,43117.64995922,4098.51282409,5928.46574426,6575.44599741,0.02147980,OPTIMAL_CAUSAL_MPC_4X,0.00000000,0.00000000,1200.00000000,10800.00000000,833.33333333,833.33333333,0,,
result3,2025-06-12,52485.13510003,48965.12300709,3506.74028916,13.27180379,78614.90689118,81222.09958889,1.96867222,38286.49381491,4845.03054767,6575.44599741,6480.57524488,0.02116700,OPTIMAL_CAUSAL_MPC_4X,0.00000000,0.00000000,1473.96916488,10800.00000000,833.33333333,833.33333333,0,,
result3,2025-06-13,22309.98727130,20327.24722602,1982.74004528,0.00000000,35284.17264744,36672.97293429,0.00000000,30106.61399903,5216.29603137,6480.57524488,6431.30343236,0.02055490,OPTIMAL_CAUSAL_MPC_4X,0.00000000,0.00000000,1481.37390069,10800.00000000,833.33333333,637.93761667,0,,
result3,2025-06-14,21309.94498503,20095.01633430,1214.92865073,0.00000000,35236.67773171,36012.56188900,0.00000000,28679.32570539,7008.68480097,6431.30343236,6230.18969225,0.02142850,OPTIMAL_CAUSAL_MPC_4X,0.00000000,0.00000000,1522.83493818,10800.00000000,833.33333333,655.41496667,0,,
result3,2025-06-15,53175.19230065,45569.24578913,6856.84524449,749.10126702,73838.07947086,79787.33009926,110.29149167,41120.26293724,4577.91233101,6230.18969225,6497.61894731,0.02131020,OPTIMAL_CAUSAL_MPC_4X,0.00000000,0.00000000,1320.46853704,10800.00000000,833.33333333,833.33333333,0,,
result3,2025-06-16,54243.29458263,46787.56366410,4764.17797540,2691.55294313,75728.64615271,80517.07587214,524.60535933,42579.40275847,3559.75895201,6497.61894731,6290.07533796,0.02102590,OPTIMAL_CAUSAL_MPC_4X,0.00000000,0.00000000,1200.00000000,10800.00000000,833.33333333,833.33333333,0,,
result3,2025-06-17,54221.48209668,47416.00667505,5983.18473011,822.29069152,76926.06568856,82161.34254020,120.99380000,42285.75650014,3065.23335648,6290.07533796,6310.44955204,0.02156710,OPTIMAL_CAUSAL_MPC_4X,0.00000000,0.00000000,1411.47445000,10800.00000000,833.33333333,833.33333333,0,,
result3,2025-06-18,52790.18422792,50309.88388379,1734.48468585,745.81565827,80637.03019681,81935.96227455,110.57935000,35568.15115782,7298.41394417,6310.44955204,6285.79745704,0.03227630,OPTIMAL_CAUSAL_MPC_4X,0.00000000,0.00000000,1428.96133333,10800.00000000,833.33333333,833.33333333,0,,
result3,2025-06-19,51202.51005727,47525.60968507,2426.10318191,1250.79719029,76771.61414130,78969.76827265,185.69018333,40127.49610453,6767.48485099,6285.79745704,6014.80086333,0.03231870,OPTIMAL_CAUSAL_MPC_4X,0.00000000,0.00000000,1243.25472222,10800.00000000,833.33333333,833.33333333,0,,
result3,2025-06-20,21027.13045270,19476.00070284,1551.12974986,0.00000000,34142.50730900,35311.49593799,0.00000000,28596.89604359,9833.92117152,6014.80086333,6090.32794141,0.03055230,OPTIMAL_CAUSAL_MPC_4X,0.00000000,0.00000000,1478.85737271,10800.00000000,833.33333333,636.11500000,0,,
result3,2025-06-21,21868.53430748,19526.76689083,1469.36108116,872.40633549,34419.33529490,35721.83612115,211.81684993,30002.52570167,12630.03633015,6090.32794141,6701.32661607,0.02626690,OPTIMAL_CAUSAL_MPC_4X,0.00000000,0.00000000,1200.00000000,10800.00000000,833.33333333,667.49070000,0,,
result3,2025-06-22,49297.68103615,44042.92749708,3968.81513999,1285.93839908,71548.18910289,75073.20839806,205.55135000,37836.52854017,4232.10505790,6701.32661607,6110.03174500,0.03076620,OPTIMAL_CAUSAL_MPC_4X,0.00000000,0.00000000,1200.00000000,10800.00000000,833.33333333,833.33333333,0,,
result3,2025-06-23,48897.26640560,46032.62974636,2232.33198585,632.30467339,74867.62844613,76481.71268893,92.98718333,39944.88307906,5353.83109463,6110.03174500,5982.81521204,0.03134520,OPTIMAL_CAUSAL_MPC_4X,0.00000000,0.00000000,1402.74052093,10800.00000000,833.33333333,833.33333333,0,,
result3,2025-06-24,63232.60308434,46533.46372284,7864.85877806,8834.28058344,75188.67921076,84109.17018315,1813.74797747,42748.11798876,3094.53322751,5982.81521204,6242.72437833,0.03137560,OPTIMAL_CAUSAL_MPC_4X,0.00000000,0.00000000,1200.00000000,10800.00000000,833.33333333,833.33333333,0,,
result3,2025-06-25,49763.68500939,48376.65145931,990.21251453,396.82103556,78257.79556680,79040.44987601,58.57230000,38971.42953885,4749.25006383,6242.72437833,6004.26180833,0.03089580,OPTIMAL_CAUSAL_MPC_4X,0.00000000,0.00000000,1243.79028852,10800.00000000,833.33333333,833.33333333,0,,
result3,2025-06-26,49057.42238303,45930.10475839,2311.65995753,815.65766712,74790.85126241,76578.09866779,120.78190000,40649.45675771,4838.79962564,6004.26180833,5928.68944389,0.03191040,OPTIMAL_CAUSAL_MPC_4X,0.00000000,0.00000000,1236.78204499,10800.00000000,833.33333333,833.33333333,0,,
result3,2025-06-27,19582.65567977,18119.70173142,1221.66129521,241.29265313,32639.40847000,33507.73372670,60.25553043,30169.33210896,10197.54512788,5928.68944389,6302.35013528,0.02767150,OPTIMAL_CAUSAL_MPC_4X,0.00000000,0.00000000,1200.00000000,10800.00000000,833.33333333,641.48833333,0,,
result3,2025-06-28,20942.60929764,17910.76043709,3031.84886055,0.00000000,32658.91778342,34796.32081355,0.00000000,29444.15332905,9968.02697933,6302.35013528,6262.67593319,0.02091850,OPTIMAL_CAUSAL_MPC_4X,0.00000000,0.00000000,1580.47650931,10800.00000000,833.33333333,628.01028333,0,,
result3,2025-06-29,51315.25208880,44230.52902708,4574.77039856,2509.95266317,72116.15388009,76780.49750188,498.02069534,39985.86988663,3328.00801399,6262.67593319,6249.91462725,0.02217860,OPTIMAL_CAUSAL_MPC_4X,0.00000000,0.00000000,1200.00000000,10800.00000000,833.33333333,833.33333333,0,,
result3,2025-06-30,53743.63393457,44830.10656355,4173.22195105,4740.30541997,72920.48931857,77459.62972840,919.06363892,40625.63998323,3606.58749455,6249.91462725,5959.09620315,0.02221620,OPTIMAL_CAUSAL_MPC_4X,0.00000000,0.00000000,1200.00000000,10800.00000000,833.33333333,833.33333333,0,,
result3,2025-07-01,62400.34087654,48087.94451869,11418.15801280,2894.23834505,77941.87231941,86932.59436646,546.53388131,41173.16880193,3253.89611134,5959.09620315,6451.92790818,0.02164330,OPTIMAL_CAUSAL_MPC_4X,0.00000000,0.00000000,1200.00000000,10800.00000000,833.33333333,833.33333333,0,,
result3,2025-07-02,64490.95362467,42875.11284462,12265.01044344,9350.83033661,70348.64740745,80975.08169657,1741.01635849,37952.97847854,4160.10375766,6451.92790818,6377.71514975,0.02131250,OPTIMAL_CAUSAL_MPC_4X,0.00000000,0.00000000,1200.00000000,10800.00000000,833.33333333,833.33333333,0,,
result3,2025-07-03,65583.62737868,40459.89292109,24910.45728177,213.27717582,65641.00846903,87087.08305808,30.88338333,41433.78026730,2428.39708045,6377.71514975,6929.62909386,0.02151750,OPTIMAL_CAUSAL_MPC_4X,0.00000000,0.00000000,1496.64045049,10800.00000000,833.33333333,833.33333333,0,,
result3,2025-07-04,39441.86043104,16830.16991588,10741.90522348,11869.78529168,30492.43722569,42326.86567942,4076.13242333,30338.09644675,11087.88591272,6929.62909386,6098.48739284,0.02124070,OPTIMAL_CAUSAL_MPC_4X,0.00000000,0.00000000,1200.00000000,10800.00000000,833.33333333,779.20833333,0,,
result3,2025-07-05,40241.05837462,17104.44702176,12307.58792825,10829.02342461,31603.72067711,44161.35557147,3701.39440592,29731.31372860,11577.14001660,6098.48739284,6775.39617407,0.02096640,OPTIMAL_CAUSAL_MPC_4X,0.00000000,0.00000000,1200.00000000,10800.00000000,833.33333333,741.97653333,0,,
result3,2025-07-06,69967.60729057,41022.56909295,22861.14446184,6083.89373579,66451.84531870,87586.24268305,1121.59263814,42982.74824804,4192.81995422,6775.39617407,5857.76637772,0.02167140,OPTIMAL_CAUSAL_MPC_4X,0.00000000,0.00000000,1200.00000000,10800.00000000,833.33333333,833.33333333,0,,
result3,2025-07-07,69453.82031395,43213.21187524,11594.36832448,14646.24011423,70664.22759111,82110.88433505,2661.80032264,37894.80060126,4399.77642452,5857.76637772,6183.28270892,0.02132890,OPTIMAL_CAUSAL_MPC_4X,0.00000000,0.00000000,1200.00000000,10800.00000000,833.33333333,833.33333333,0,,
result3,2025-07-08,58889.07909401,49310.82826348,5935.14746841,3643.10336212,79143.66350432,84712.44318166,655.64871374,41188.45837875,5013.42249765,6183.28270892,5986.17706778,0.02136360,OPTIMAL_CAUSAL_MPC_4X,0.00000000,0.00000000,1200.00000000,10800.00000000,833.33333333,833.33333333,0,,
result3,2025-07-09,54147.34405810,49113.56988162,4096.40866385,937.36551264,78224.56273830,81970.89281748,138.81002300,39567.87456115,3583.35778610,5986.17706778,6162.42704556,0.02177940,OPTIMAL_CAUSAL_MPC_4X,0.00000000,0.00000000,1339.98264556,10800.00000000,833.33333333,833.33333333,0,,
result3,2025-07-10,55964.50037240,50541.22645003,3601.77882353,1821.49509884,80723.76201989,83761.57512543,286.59565167,39577.10559555,6826.15347921,6162.42704556,6089.31859704,0.02333990,OPTIMAL_CAUSAL_MPC_4X,0.00000000,0.00000000,1200.00000000,10800.00000000,833.33333333,833.33333333,0,,
result3,2025-07-11,29642.36905580,24316.01435022,2341.33613653,2985.01856905,41465.91662383,43771.88935078,729.99880029,29855.89286798,8082.08543011,6089.31859704,6126.50682481,0.03080720,OPTIMAL_CAUSAL_MPC_4X,0.00000000,0.00000000,1200.00000000,10800.00000000,833.33333333,740.92506667,0,,
result3,2025-07-12,27881.26188699,24559.12206822,2990.97894223,331.16087655,41985.61697117,44367.20757474,58.41285074,29703.77640102,10333.64646468,6126.50682481,5956.81108019,0.03034220,OPTIMAL_CAUSAL_MPC_4X,0.00000000,0.00000000,1200.00000000,10800.00000000,833.33333333,726.98783333,0,,
result3,2025-07-13,54595.41740795,51753.09876846,1510.33903313,1331.97960635,82516.87967573,83636.25790956,197.69900833,36752.23907698,10212.81102358,5956.81108019,6256.22192185,0.03087080,OPTIMAL_CAUSAL_MPC_4X,0.00000000,0.00000000,1500.79238287,10800.00000000,833.33333333,833.33333333,0,,
result3,2025-07-14,54484.86985898,47199.71005740,7006.88257691,278.27722466,75184.58016062,80918.74616988,41.30927500,35747.85231433,4917.43962566,6256.22192185,6699.76276804,0.03173760,OPTIMAL_CAUSAL_MPC_4X,0.00000000,0.00000000,1527.91639804,10800.00000000,833.33333333,833.33333333,0,,
result3,2025-07-15,51468.17280695,48192.08212992,2525.34310179,750.74757524,76320.58814901,78551.50054104,111.39516400,36010.41031343,2333.07038228,6699.76276804,6387.31780803,0.03109620,OPTIMAL_CAUSAL_MPC_4X,0.00000000,0.00000000,1416.49515766,10800.00000000,833.33333333,833.33333333,0,,
result3,2025-07-16,54168.73122505,48294.95454945,5240.84598429,632.93069130,77008.40628759,81221.93864805,93.77637083,36270.05433812,5149.86077993,6387.31780803,6518.20163759,0.03187590,OPTIMAL_CAUSAL_MPC_4X,0.00000000,0.00000000,1430.15824074,10800.00000000,833.33333333,833.33333333,0,,
result3,2025-07-17,53674.09355428,47733.37610624,5439.18728755,501.53016049,75408.63010947,79941.46990858,73.83019489,39799.16328791,3511.86640111,6518.20163759,6046.97288378,0.03233800,OPTIMAL_CAUSAL_MPC_4X,0.00000000,0.00000000,1458.88867934,10800.00000000,833.33333333,833.33333333,0,,
result3,2025-07-18,25968.43234236,24265.77912867,1702.65321370,0.00000000,41516.29202743,42661.98578828,0.00000000,29528.51804589,7920.91787141,6046.97288378,6416.15368367,0.03094180,OPTIMAL_CAUSAL_MPC_4X,0.00000000,0.00000000,1443.79489275,10800.00000000,833.33333333,742.04435000,0,,
result3,2025-07-19,27893.52821639,24169.81327881,3723.71493757,0.00000000,41238.80265286,43852.47165888,0.00000000,29605.57330089,13809.53967994,6416.15368367,6167.12339157,0.03156090,OPTIMAL_CAUSAL_MPC_4X,0.00000000,0.00000000,1337.71147213,10800.00000000,833.33333333,741.66913333,0,,
result3,2025-07-20,53684.76883362,47380.88879383,6092.93388313,210.94615667,74636.45960620,80152.09361190,30.76958333,37512.34667245,4029.58697866,6167.12339157,6262.41815058,0.03273950,OPTIMAL_CAUSAL_MPC_4X,0.00000000,0.00000000,1488.75544151,10800.00000000,833.33333333,833.33333333,0,,
result3,2025-07-21,55213.67284468,48267.38988584,6536.55715868,409.72580015,76604.43536243,82668.36133779,59.70761250,38566.41348259,4497.91858053,6262.41815058,6395.43843139,0.03191650,OPTIMAL_CAUSAL_MPC_4X,0.00000000,0.00000000,1542.42282342,10800.00000000,833.33333333,833.33333333,0,,
result3,2025-07-22,55519.62490510,48622.80419432,5928.82394175,967.99676903,77344.52972533,82711.08600616,143.15115000,38385.70291190,5135.59742093,6395.43843139,6144.96011463,0.03125200,OPTIMAL_CAUSAL_MPC_4X,0.00000000,0.00000000,1397.16292593,10800.00000000,833.33333333,833.33333333,0,,
result3,2025-07-23,56420.61102448,48384.64640839,6816.34529436,1219.61932172,77120.31757355,83145.89099851,180.72070645,40613.79853417,4800.37469668,6144.96011463,6009.85595000,0.03169230,OPTIMAL_CAUSAL_MPC_4X,0.00000000,0.00000000,1200.00000000,10800.00000000,833.33333333,833.33333333,0,,
result3,2025-07-24,55391.67785406,48871.46031850,5911.60221984,608.61531572,77594.44498008,82691.48362015,90.32873683,37643.14145767,4576.40733914,6009.85595000,6560.00976759,0.03171240,OPTIMAL_CAUSAL_MPC_4X,0.00000000,0.00000000,1495.48341352,10800.00000000,833.33333333,833.33333333,0,,
result3,2025-07-25,26692.19694041,23494.18489115,2123.62855357,1074.38349570,40106.11553733,41780.35294603,259.12633185,30664.61320165,12453.52141634,6560.00976759,6160.37651468,0.02587900,OPTIMAL_CAUSAL_MPC_4X,0.00000000,0.00000000,1200.00000000,10800.00000000,833.33333333,714.62075000,0,,
result3,2025-07-26,27181.95196366,24054.03851151,1804.59915928,1323.31429287,40924.35253146,42534.34511294,315.97968412,30587.27365936,10768.41802209,6160.37651468,6246.87112773,0.02252650,OPTIMAL_CAUSAL_MPC_4X,0.00000000,0.00000000,1200.00000000,10800.00000000,833.33333333,730.47403333,0,,
result3,2025-07-27,57723.14367402,48034.59381345,3711.53450737,5977.01535320,76831.35924575,81475.90808395,1137.25420112,40933.32895387,3568.94519383,6246.87112773,6171.35823434,0.02400890,OPTIMAL_CAUSAL_MPC_4X,0.00000000,0.00000000,1200.00000000,10800.00000000,833.33333333,833.33333333,0,,
result3,2025-07-28,58444.16360760,48666.87895545,8144.94378550,1632.34086665,77770.47052572,85317.17462577,336.17834791,40928.37072605,3058.39190916,6171.35823434,6178.95739367,0.02695560,OPTIMAL_CAUSAL_MPC_4X,0.00000000,0.00000000,1200.00000000,10800.00000000,833.33333333,833.33333333,0,,
result3,2025-07-29,55655.53030711,50452.11192105,3858.78662485,1344.63176121,80822.81871622,84382.33267959,198.42347017,40115.57725157,4036.12798069,6178.95739367,6245.25498130,0.02481730,OPTIMAL_CAUSAL_MPC_4X,0.00000000,0.00000000,1319.22176296,10800.00000000,833.33333333,833.33333333,0,,
result3,2025-07-30,55546.37555411,49788.26493592,4396.91054201,1361.20007618,79687.82699796,83686.90126921,276.68620204,39423.98214421,5294.79806763,6245.25498130,6396.51073517,0.02205220,OPTIMAL_CAUSAL_MPC_4X,0.00000000,0.00000000,1200.00000000,10800.00000000,833.33333333,833.33333333,0,,
result3,2025-07-31,55973.21676647,48587.12336981,5227.67942155,2158.41397511,77648.31226159,82662.11217195,324.27221650,40907.04674611,4074.96637907,6396.51073517,5992.31726889,0.02223530,OPTIMAL_CAUSAL_MPC_4X,0.00000000,0.00000000,1200.00000000,10800.00000000,833.33333333,833.33333333,0,,
result3,2025-08-01,26432.04616903,23387.70961114,3044.33655789,0.00000000,40173.39361579,42285.01000552,0.00000000,29541.11892590,17027.65849347,5992.31726889,6902.33540457,0.02253820,OPTIMAL_CAUSAL_MPC_4X,0.00000000,0.00000000,1270.76981948,10800.00000000,833.33333333,725.08333333,0,,
result3,2025-08-02,25545.44235169,22769.88008147,2775.56227022,0.00000000,38990.15188322,40978.94374896,0.00000000,30838.55135533,17325.96606719,6902.33540457,6388.25191410,0.02093230,OPTIMAL_CAUSAL_MPC_4X,0.00000000,0.00000000,1312.65562559,10800.00000000,833.33333333,720.14000000,0,,
result3,2025-08-03,50404.91908900,46234.52316767,2712.13021877,1458.26570256,73481.85340856,75506.08708116,216.28419861,33414.97284867,9541.50884605,6388.25191410,6003.57579992,0.02483170,OPTIMAL_CAUSAL_MPC_4X,0.00000000,0.00000000,1246.19524590,10800.00000000,833.33333333,833.33333333,0,,
result3,2025-08-04,49748.68029693,45598.89954102,3691.51743959,458.26331632,72459.15502018,75203.42856234,68.02512917,34661.79913730,5617.16736936,6003.57579992,6538.60647901,0.02474410,OPTIMAL_CAUSAL_MPC_4X,0.00000000,0.00000000,1463.16494136,10800.00000000,833.33333333,833.33333333,0,,
result3,2025-08-05,49464.15507619,45609.95437587,3545.35651601,308.84418432,72284.37351665,75005.93884015,45.79311667,34308.51867450,6536.73729065,6538.60647901,6252.47072296,0.02124510,OPTIMAL_CAUSAL_MPC_4X,0.00000000,0.00000000,1576.25552759,10800.00000000,833.33333333,833.33333333,0,,
result3,2025-08-06,51701.08493698,45867.98950487,5648.27990001,184.81553210,72893.25126106,77809.43907429,27.39589400,35245.41727537,6518.50074325,6252.47072296,5726.30762529,0.02195510,OPTIMAL_CAUSAL_MPC_4X,0.00000000,0.00000000,1218.59165548,10800.00000000,833.33333333,833.33333333,0,,
result3,2025-08-07,49480.03593716,47230.61819257,1855.85371020,393.56403439,74613.42960654,76009.78200962,58.32448417,35776.61011791,8600.31575704,5726.30762529,5993.71023210,0.02209760,OPTIMAL_CAUSAL_MPC_4X,0.00000000,0.00000000,1314.27732667,10800.00000000,833.33333333,833.33333333,0,,
result3,2025-08-08,25239.02556841,22794.38845868,2444.63710973,0.00000000,39320.18511344,41037.83847900,0.00000000,30268.95166389,21955.83380722,5993.71023210,6123.85894170,0.02065130,OPTIMAL_CAUSAL_MPC_4X,0.00000000,0.00000000,1330.22711429,10800.00000000,833.33333333,720.26551667,0,,
result3,2025-08-09,26483.71743554,22372.88654753,3385.26620691,725.56468110,38608.45489864,41117.09021096,180.22634877,30006.51559219,19029.05176485,6123.85894170,6140.20346111,0.02115810,OPTIMAL_CAUSAL_MPC_4X,0.00000000,0.00000000,1200.00000000,10800.00000000,833.33333333,700.32166667,0,,
result3,2025-08-10,49463.91116966,43624.44901675,5542.20941443,297.25273848,68239.32340147,73194.59067418,43.52487183,34617.56278171,3994.50702681,6140.20346111,6403.23345707,0.02145690,OPTIMAL_CAUSAL_MPC_4X,0.00000000,0.00000000,1522.66846833,10800.00000000,833.33333333,833.33333333,0,,
result3,2025-08-11,49462.28814398,43829.23342585,3346.18478467,2286.86993347,69008.01498255,72438.53054361,338.78569446,37380.98611352,4247.37818718,6403.23345707,6107.52782943,0.02184320,OPTIMAL_CAUSAL_MPC_4X,0.00000000,0.00000000,1200.00000000,10800.00000000,833.33333333,833.33333333,0,,
result3,2025-08-12,53776.91604585,42965.27759763,8860.23666457,1951.40178365,67816.57069093,76297.97250524,303.21117222,35799.63563234,4620.01770190,6107.52782943,6267.85195020,0.02071840,OPTIMAL_CAUSAL_MPC_4X,0.00000000,0.00000000,1200.00000000,10800.00000000,833.33333333,833.33333333,0,,
result3,2025-08-13,51456.04126030,44857.56944673,5424.88840447,1173.58340910,70703.37472052,75817.80274092,173.46498333,36122.84218929,5501.95082675,6267.85195020,6673.06258586,0.02112520,OPTIMAL_CAUSAL_MPC_4X,0.00000000,0.00000000,1420.72606173,10800.00000000,833.33333333,833.33333333,0,,
result3,2025-08-14,51585.47265872,42863.81682914,8013.32568426,708.33014532,67678.19666119,74710.21800086,103.32256111,38565.88324499,4868.34909754,6673.06258586,6539.55048511,0.02233130,OPTIMAL_CAUSAL_MPC_4X,0.00000000,0.00000000,1384.81496296,10800.00000000,833.33333333,833.33333333,0,,
result3,2025-08-15,26757.78440089,22168.29392518,2438.69735403,2150.79312167,38258.99599590,40515.51025235,517.07045188,30483.89101805,20940.78098951,6539.55048511,5750.22549259,0.02165170,OPTIMAL_CAUSAL_MPC_4X,0.00000000,0.00000000,1200.00000000,10800.00000000,833.33333333,707.02603333,0,,
result3,2025-08-16,28601.16677380,22506.16056873,2354.39089448,3740.61531059,39113.01456883,41469.88391891,644.47985407,29636.71218048,20961.26984306,5750.22549259,6221.12477000,0.02104670,OPTIMAL_CAUSAL_MPC_4X,0.00000000,0.00000000,1200.00000000,10800.00000000,833.33333333,731.89500000,0,,
result3,2025-08-17,47684.53506230,42878.70956012,3210.76954137,1595.05596081,66927.47545230,69945.66232461,236.67726961,37067.96686904,2889.23097487,6221.12477000,6221.04954320,0.02055820,OPTIMAL_CAUSAL_MPC_4X,0.00000000,0.00000000,1336.56965498,10800.00000000,833.33333333,833.33333333,0,,
result3,2025-08-18,49604.78040057,42915.87310365,5603.15676265,1085.75053427,67389.89957972,72485.41212726,159.83548611,38405.98585793,3604.93459978,6221.04954320,6678.37051296,0.02263780,OPTIMAL_CAUSAL_MPC_4X,0.00000000,0.00000000,1300.50346293,10800.00000000,833.33333333,833.33333333,0,,
result3,2025-08-19,48184.48616727,43955.27226380,2954.91733879,1274.29656468,68733.05197240,71410.69588758,188.86504833,35386.03750945,4098.34738257,6678.37051296,5954.50327783,0.02157240,OPTIMAL_CAUSAL_MPC_4X,0.00000000,0.00000000,1203.34572987,10800.00000000,833.33333333,833.33333333,0,,
result3,2025-08-20,56658.03830016,43689.14955026,5976.53072884,6992.35802106,68866.69438203,75888.38147547,1296.20093750,40633.48770697,602.42130743,5954.50327783,6326.43350514,0.02165900,OPTIMAL_CAUSAL_MPC_4X,0.00000000,0.00000000,1200.00000000,10800.00000000,833.33333333,833.33333333,0,,
result3,2025-08-21,50398.93400865,45689.74089462,3456.38017956,1252.81293447,72556.16453487,75602.36549689,182.44901426,34448.26931942,6436.02764095,6326.43350514,6030.60177944,0.02196080,OPTIMAL_CAUSAL_MPC_4X,0.00000000,0.00000000,1200.00000000,10800.00000000,833.33333333,833.33333333,0,,
result3,2025-08-22,27642.48593390,22263.25394108,3557.99217667,1821.23981614,38774.45047384,41658.61880895,365.80924924,30070.29710446,17218.54095145,6030.60177944,6083.85392290,0.02185350,OPTIMAL_CAUSAL_MPC_4X,0.00000000,0.00000000,1200.00000000,10800.00000000,833.33333333,751.17333333,0,,
result3,2025-08-23,26142.32543064,22705.68351371,3126.94949878,309.69241815,39092.48074389,41357.88035132,76.80552154,30034.07442468,15661.05895322,6083.85392290,6097.99917755,0.02123920,OPTIMAL_CAUSAL_MPC_4X,0.00000000,0.00000000,1200.00000000,10800.00000000,833.33333333,698.82833333,0,,
result3,2025-08-24,50963.27266389,44251.31255622,6327.59096681,384.36914086,69631.23690051,74902.62152764,56.89236306,38035.13165079,7203.84055097,6097.99917755,6070.40006049,0.02092220,OPTIMAL_CAUSAL_MPC_4X,0.00000000,0.00000000,1339.72910123,10800.00000000,833.33333333,833.33333333,0,,
result3,2025-08-25,55339.57750116,43550.94994374,10895.36566731,893.26189010,67808.74096138,78912.70311759,132.44893067,39315.02900594,3985.17570777,6070.40006049,6098.00094966,0.02142820,OPTIMAL_CAUSAL_MPC_4X,0.00000000,0.00000000,1227.37085363,10800.00000000,833.33333333,833.33333333,0,,
result3,2025-08-26,51290.36945825,45673.92450905,5427.26763221,189.17731699,72064.19218209,76226.61457883,27.25857778,37206.29932515,5815.23942499,6098.00094966,7080.35144012,0.02118530,OPTIMAL_CAUSAL_MPC_4X,0.00000000,0.00000000,1737.88724074,10800.00000000,833.33333333,833.33333333,0,,
result3,2025-08-27,52777.71646397,44848.97808442,7372.46033566,556.27804389,70329.98228839,76807.91758508,81.93973733,38106.31169099,5876.06416976,7080.35144012,6092.48811333,0.02143960,OPTIMAL_CAUSAL_MPC_4X,0.00000000,0.00000000,1207.34760278,10800.00000000,833.33333333,833.33333333,0,,
result3,2025-08-28,56100.86033591,45274.15904647,9553.42036236,1273.28092708,71263.99817290,79677.60603536,234.72409629,39603.40432633,4586.66767136,6092.48811333,6259.28961167,0.02094000,OPTIMAL_CAUSAL_MPC_4X,0.00000000,0.00000000,1200.00000000,10800.00000000,833.33333333,833.33333333,0,,
result3,2025-08-29,27207.02223924,23475.98949471,2927.98361417,803.04913037,39950.90649400,42385.60135452,209.68338999,31246.70791871,16552.03034105,6259.28961167,6257.58972073,0.02092780,OPTIMAL_CAUSAL_MPC_4X,0.00000000,0.00000000,1200.00000000,10800.00000000,833.33333333,729.15323333,0,,
result3,2025-08-30,26413.95674870,23215.38578106,3198.57096764,0.00000000,39766.86860451,42053.33415617,0.00000000,29143.76672293,20535.68333857,6257.58972073,6202.92827861,0.02113390,OPTIMAL_CAUSAL_MPC_4X,0.00000000,0.00000000,1361.64286333,10800.00000000,833.33333333,703.55113333,0,,
result3,2025-08-31,51525.08331185,43707.17697037,5175.33708549,2642.56925599,67652.75626388,73462.76891691,442.93879435,38560.84183079,2557.79246709,6202.92827861,6414.62808167,0.02083550,OPTIMAL_CAUSAL_MPC_4X,0.00000000,0.00000000,1200.00000000,10800.00000000,833.33333333,833.33333333,0,,
result3,2025-09-01,46815.83236566,45687.79106864,1128.04129702,0.00000000,72009.16177169,72873.04511283,0.00000000,32629.80922720,12970.32169230,6414.62808167,9334.11815537,0.02070180,OPTIMAL_CAUSAL_MPC_4X,0.00000000,0.00000000,2833.04407037,10800.00000000,833.33333333,761.90259233,0,,
result3,2025-09-02,43425.13228216,42759.01480149,666.11748066,0.00000000,65980.09524994,66737.31759771,0.00000000,34585.25214063,9267.14155542,9334.11815537,9114.83073389,0.02087720,OPTIMAL_CAUSAL_MPC_4X,0.00000000,0.00000000,1662.79131481,10800.00000000,833.33333333,768.44889683,0,,
result3,2025-09-03,45633.06730987,43325.11130670,2307.95600318,0.00000000,67108.43846902,69192.22512938,0.00000000,29455.19507507,10515.60198199,9114.83073389,9151.95996167,0.02131310,OPTIMAL_CAUSAL_MPC_4X,0.00000000,0.00000000,2835.69291167,10800.00000000,833.33333333,750.64132700,0,,
result3,2025-09-04,46987.92593728,44798.84888416,2189.07705311,0.00000000,69422.63366089,71248.43729150,0.00000000,31976.58276932,14073.80546184,9151.95996167,9043.77065056,0.02085250,OPTIMAL_CAUSAL_MPC_4X,0.00000000,0.00000000,2665.44597556,10800.00000000,833.33333333,755.08628317,0,,
result3,2025-09-05,22268.18004085,22268.18004085,0.00000000,0.00000000,37259.88384300,37259.88384300,0.00000000,29958.52988331,26908.10994369,9043.77065056,9428.59090792,0.02138900,OPTIMAL_CAUSAL_MPC_4X,0.00000000,0.00000000,3141.56500792,10800.00000000,833.33333333,588.75833333,0,,
result3,2025-09-06,22472.07256670,22039.28487126,432.78769544,0.00000000,36846.65875271,37191.42283847,0.00000000,31616.75811031,25749.26460341,9428.59090792,9833.01361209,0.02616190,OPTIMAL_CAUSAL_MPC_4X,0.00000000,0.00000000,3356.41777041,10800.00000000,833.33333333,588.41760000,0,,
result3,2025-09-07,45154.18472479,42535.07784548,2619.10687931,0.00000000,65287.36538257,67487.31745488,0.00000000,31763.81825082,9961.71025539,9833.01361209,9059.03762167,0.02054990,OPTIMAL_CAUSAL_MPC_4X,0.00000000,0.00000000,2658.92201852,10800.00000000,833.33333333,746.19474267,0,,
result3,2025-09-08,45444.11325739,34327.20233293,11116.91092447,0.00000000,54702.66565803,64917.19349055,0.00000000,34931.57919360,3979.51736451,9059.03762167,6922.48922502,0.02169680,OPTIMAL_CAUSAL_MPC_4X,0.00000000,0.00000000,1907.73533148,10800.00000000,833.33333333,805.86952361,0,,
result3,2025-09-09,42334.15134064,37176.86502845,5157.28631219,0.00000000,59933.44664133,63943.54066290,0.00000000,36484.81917747,7335.71989377,6922.48922502,6595.77251710,0.02256490,OPTIMAL_CAUSAL_MPC_4X,0.00000000,0.00000000,1571.42845370,10800.00000000,833.33333333,818.73535000,0,,
result3,2025-09-10,60355.95930726,36093.66511455,8795.57030298,15466.72388974,57023.80964357,68914.39456549,2861.93853020,36047.73427230,4358.82886468,6595.77251710,6048.29854500,0.02103930,OPTIMAL_CAUSAL_MPC_4X,0.00000000,0.00000000,1200.00000000,10800.00000000,833.33333333,821.74000000,0,,
result3,2025-09-11,41191.51617846,38205.27691004,2378.88286246,607.35640596,61796.44719393,63729.03909251,128.81199305,37573.66603110,6220.98715122,6048.29854500,6116.44421167,0.02143100,OPTIMAL_CAUSAL_MPC_4X,0.00000000,0.00000000,1200.00000000,10800.00000000,833.33333333,830.10803333,0,,
result3,2025-09-12,24186.31751372,16499.39325741,3449.04502361,4237.87923270,30411.76944433,33939.55972111,1037.59465634,29344.41307322,18944.91588056,6116.44421167,6481.09373694,0.02250640,OPTIMAL_CAUSAL_MPC_4X,0.00000000,0.00000000,1200.00000000,10800.00000000,833.33333333,583.22231667,0,,
result3,2025-09-13,20369.07938611,16518.03639944,3270.76203574,580.28095093,30626.22755975,33127.24914319,147.14771649,30235.83157312,21868.56607147,6481.09373694,6559.17966810,0.02222050,OPTIMAL_CAUSAL_MPC_4X,0.00000000,0.00000000,1200.00000000,10800.00000000,833.33333333,571.30683333,0,,
result3,2025-09-14,48289.92180413,35901.82016814,9084.41751842,3303.68411758,57473.38177503,67147.73109777,642.45368450,38687.42147560,3431.35702584,6559.17966810,6112.65144162,0.02129450,OPTIMAL_CAUSAL_MPC_4X,0.00000000,0.00000000,1200.00000000,10800.00000000,833.33333333,831.93166667,0,,
result3,2025-09-15,44523.00894163,38966.37259556,3706.57061902,1850.06572706,63411.11990180,66702.85447045,267.46318684,39601.27057090,7419.76432152,6112.65144162,6171.99939426,0.02154760,OPTIMAL_CAUSAL_MPC_4X,0.00000000,0.00000000,1200.00000000,10800.00000000,833.33333333,833.33333333,0,,
result3,2025-09-16,50679.34651568,37044.27358884,7092.90426023,6542.16866661,58816.47850175,67619.42338972,1204.45477862,37613.11216815,4521.65139444,6171.99939426,5827.76179963,0.02218510,OPTIMAL_CAUSAL_MPC_4X,0.00000000,0.00000000,1200.00000000,10800.00000000,833.33333333,833.33333333,0,,
result3,2025-09-17,46872.31444447,39066.68286938,4719.12135257,3086.51022252,63837.48868713,68419.22963978,591.50342465,39643.65974723,4296.90436981,5827.76179963,5828.48351222,0.02145570,OPTIMAL_CAUSAL_MPC_4X,0.00000000,0.00000000,1200.00000000,10800.00000000,833.33333333,833.33333333,0,,
result3,2025-09-18,47522.78096348,37893.69939646,7240.03160721,2389.04995982,61210.50221939,68488.73217937,463.70427040,39696.18416056,5205.96405501,5828.48351222,5989.08506412,0.02126350,OPTIMAL_CAUSAL_MPC_4X,0.00000000,0.00000000,1200.00000000,10800.00000000,833.33333333,833.18313333,0,,
result3,2025-09-19,21377.79834592,16974.77070756,2814.56182724,1588.46581112,31435.86071629,33895.44186177,401.58233556,30144.42783958,14330.79687815,5989.08506412,6289.70641838,0.02037380,OPTIMAL_CAUSAL_MPC_4X,0.00000000,0.00000000,1200.00000000,10800.00000000,833.33333333,545.18816667,0,,
result3,2025-09-20,23150.88231239,17043.90129797,2261.41930084,3845.56171358,31276.53014479,33782.06799934,903.78352710,30131.08485981,14985.43471208,6289.70641838,6277.90923463,0.02166330,OPTIMAL_CAUSAL_MPC_4X,0.00000000,0.00000000,1200.00000000,10800.00000000,833.33333333,572.08833333,0,,
result3,2025-09-21,44452.35715981,39987.84573625,3241.92782589,1222.58359767,64642.47295364,67339.37407952,192.28788683,36439.78598244,5331.29136304,6277.90923463,6172.75258759,0.02124150,OPTIMAL_CAUSAL_MPC_4X,0.00000000,0.00000000,1200.00000000,10800.00000000,833.33333333,806.41360000,0,,
result3,2025-09-22,49790.15199425,37608.22539739,7884.60281279,4297.32378407,60665.25733082,68414.59926810,812.94040459,38853.77718510,3460.37164261,6172.75258759,6435.84055878,0.02109020,OPTIMAL_CAUSAL_MPC_4X,0.00000000,0.00000000,1200.00000000,10800.00000000,833.33333333,833.33333333,0,,
result3,2025-09-23,49962.71039513,39596.62303209,6463.96313545,3902.12422758,63904.37442768,70415.56484422,733.24614956,39993.46025598,4260.62083502,6435.84055878,6275.07222667,0.02098390,OPTIMAL_CAUSAL_MPC_4X,0.00000000,0.00000000,1200.00000000,10800.00000000,833.33333333,833.33333333,0,,
result3,2025-09-24,51090.77815181,39871.21100802,3993.24942630,7226.31771749,64737.98603921,69425.61266253,1374.86824778,38856.32709648,4399.63920250,6275.07222667,6158.33466185,0.02220150,OPTIMAL_CAUSAL_MPC_4X,0.00000000,0.00000000,1200.00000000,10800.00000000,833.33333333,825.11693333,0,,
result3,2025-09-25,45415.66050514,39669.66456490,5017.28705720,728.70888304,63842.08973524,68442.32015095,144.58933711,39380.44039725,4203.22398531,6158.33466185,5926.84459259,0.02106090,OPTIMAL_CAUSAL_MPC_4X,0.00000000,0.00000000,1200.00000000,10800.00000000,833.33333333,833.33333333,0,,
result3,2025-09-26,19343.23525423,17539.81003146,1803.42522277,0.00000000,32253.03593517,33577.71415987,0.00000000,30097.55949462,12594.51718658,5926.84459259,6057.10541630,0.02088030,OPTIMAL_CAUSAL_MPC_4X,0.00000000,0.00000000,1243.03780774,10800.00000000,833.33333333,562.17666667,0,,
result3,2025-09-27,23751.65198852,17482.79669505,3046.42788415,3222.42740932,32073.37169300,35132.44746099,779.61096510,30058.52895700,14475.02799801,6057.10541630,5756.24522389,0.02086180,OPTIMAL_CAUSAL_MPC_4X,0.00000000,0.00000000,1200.00000000,10800.00000000,833.33333333,555.86510000,0,,
result3,2025-09-28,54506.55841919,40344.15215543,6115.77583974,8046.63042402,65153.01965905,73102.40676585,1552.31407215,40090.76120844,5203.86585009,5756.24522389,5959.85946625,0.02284520,OPTIMAL_CAUSAL_MPC_4X,0.00000000,0.00000000,1200.00000000,10800.00000000,833.33333333,833.33333333,0,,
result3,2025-09-29,50130.54202403,41183.04441008,4134.01639911,4813.48121484,66828.18722443,71321.08680085,876.45294320,40083.91441429,4307.80380594,5959.85946625,6005.80095852,0.02359520,OPTIMAL_CAUSAL_MPC_4X,0.00000000,0.00000000,1200.00000000,10800.00000000,833.33333333,833.33333333,0,,
result3,2025-09-30,56984.89039389,41440.98161509,7467.74602335,8076.16275544,66534.51476342,74886.41559590,1566.24988518,40505.74275639,5194.03037949,6005.80095852,6024.12861981,0.02123970,OPTIMAL_CAUSAL_MPC_4X,0.00000000,0.00000000,1200.00000000,10800.00000000,833.33333333,833.33333333,0,,
result3,2025-10-01,43554.72152073,41822.22346584,1732.49805489,0.00000000,67674.82954583,69111.63619293,0.00000000,34961.04658536,14182.89688857,6024.12861981,7630.27601667,0.02506370,OPTIMAL_CAUSAL_MPC_4X,0.00000000,0.00000000,2096.50994667,10800.00000000,833.33333333,816.47166667,0,,
result3,2025-10-02,42804.08809912,36927.07910039,3482.65612115,2394.35287758,58280.83204410,62189.62616410,464.65898229,37609.31305692,6188.10369394,7630.27601667,7954.86976611,0.02220950,OPTIMAL_CAUSAL_MPC_4X,0.00000000,0.00000000,1200.00000000,10800.00000000,833.33333333,828.91166667,0,,
result3,2025-10-03,19161.17040476,15993.46263001,2520.18081413,647.52696063,29512.07156183,31481.66055057,167.48484341,30843.60608309,20380.56620833,7954.86976611,8001.34054759,0.02268550,OPTIMAL_CAUSAL_MPC_4X,0.00000000,0.00000000,1200.00000000,10800.00000000,833.33333333,498.67565000,0,,
result3,2025-10-04,20236.93956948,17242.06639537,1794.17279724,1200.70037687,31128.95225250,32792.60857469,319.00453741,31014.44769776,16377.33422778,8001.34054759,8065.32571481,0.02140400,OPTIMAL_CAUSAL_MPC_4X,0.00000000,0.00000000,1200.00000000,10800.00000000,833.33333333,501.82000000,0,,
result3,2025-10-05,42592.15933461,39758.87944333,2833.27989128,0.00000000,63724.04636082,66092.87106206,0.00000000,35576.25754514,7991.96873559,8065.32571481,7693.68946296,0.02271310,OPTIMAL_CAUSAL_MPC_4X,0.00000000,0.00000000,1805.79274476,10800.00000000,833.33333333,814.76840000,0,,
result3,2025-10-06,43965.70761988,38920.81199256,4777.46818302,267.42744430,62032.97173443,66365.62648096,54.59002833,37559.78348432,4890.52063998,7693.68946296,7491.83111167,0.02547680,OPTIMAL_CAUSAL_MPC_4X,0.00000000,0.00000000,1200.00000000,10800.00000000,833.33333333,789.22921667,0,,
result3,2025-10-07,45316.10675430,40570.33226479,3067.32507581,1678.44941370,64800.01710000,67811.81297879,336.99501448,37430.66265791,5884.25632391,7491.83111167,7719.89922852,0.02202640,OPTIMAL_CAUSAL_MPC_4X,0.00000000,0.00000000,1200.00000000,10800.00000000,833.33333333,810.24680000,0,,
result3,2025-10-08,46496.72630927,34452.16514696,4666.47035464,7378.09080766,56338.90186829,62233.61119441,1322.35751392,37174.47825589,3502.94693201,7719.89922852,6060.60716722,0.02128870,OPTIMAL_CAUSAL_MPC_4X,0.00000000,0.00000000,1200.00000000,10800.00000000,833.33333333,821.66771667,0,,
result3,2025-10-09,44519.81554269,35233.57014390,4755.63911681,4530.60628198,58269.87367475,63320.44831839,838.41455246,39088.99098783,3491.58841953,6060.60716722,6026.03010190,0.02080370,OPTIMAL_CAUSAL_MPC_4X,0.00000000,0.00000000,1200.00000000,10800.00000000,833.33333333,820.16520000,0,,
result3,2025-10-10,20554.54894513,14709.08945191,2987.96945811,2857.49003511,29022.26820213,31983.59701557,726.04878016,29360.89070217,19317.15659226,6026.03010190,6268.11464279,0.02256470,OPTIMAL_CAUSAL_MPC_4X,0.00000000,0.00000000,1200.00000000,10800.00000000,833.33333333,471.35151667,0,,
result3,2025-10-11,18468.93675858,15391.14287156,2677.02403996,400.76984706,30120.17878099,32211.56403697,109.72257921,30062.69980472,14775.04554297,6268.11464279,6443.53571247,0.03044140,OPTIMAL_CAUSAL_MPC_4X,0.00000000,0.00000000,1200.00000000,10800.00000000,833.33333333,496.54833333,0,,
result3,2025-10-12,43193.07660126,37223.14137526,3965.65654455,2004.27868145,61275.84446441,65272.21243594,301.88614464,38991.16630429,3305.02009181,6443.53571247,5799.21694315,0.03127620,OPTIMAL_CAUSAL_MPC_4X,0.00000000,0.00000000,1200.00000000,10800.00000000,833.33333333,833.33333333,0,,
result3,2025-10-13,43488.15298084,37719.37189112,2727.09289339,3041.68819634,62378.95862640,65185.01002883,590.22833109,39950.94932724,3713.73219209,5799.21694315,6050.74306500,0.03131370,OPTIMAL_CAUSAL_MPC_4X,0.00000000,0.00000000,1200.00000000,10800.00000000,833.33333333,806.26166667,0,,
result3,2025-10-14,52994.20258423,36986.95913108,6522.78215234,9484.46130080,60932.54378797,68712.51942269,1784.98412678,39184.85136716,4026.64350175,6050.74306500,5848.34453961,0.02205020,OPTIMAL_CAUSAL_MPC_4X,0.00000000,0.00000000,1200.00000000,10800.00000000,833.33333333,814.69241667,0,,
result3,2025-10-15,47973.19743864,38081.58819403,6209.85843165,3681.75081296,62651.17752207,69294.35074827,729.52365084,39749.12579790,3072.73485170,5848.34453961,5978.09346444,0.02212240,OPTIMAL_CAUSAL_MPC_4X,0.00000000,0.00000000,1200.00000000,10800.00000000,833.33333333,808.00908333,0,,
result3,2025-10-16,52247.96104068,38622.12528200,6691.80025812,6934.03550056,63395.23756443,71052.18330568,1314.02633259,40698.29802274,3757.00846508,5978.09346444,6034.91224093,0.02116790,OPTIMAL_CAUSAL_MPC_4X,0.00000000,0.00000000,1200.00000000,10800.00000000,833.33333333,814.51963333,0,,
result3,2025-10-17,18789.14883740,15994.24458774,2139.11323220,655.79101746,30937.72747700,32749.73514833,143.42041500,29630.44857221,13724.24361046,6034.91224093,5945.33095852,0.02130080,OPTIMAL_CAUSAL_MPC_4X,0.00000000,0.00000000,1200.00000000,10800.00000000,833.33333333,489.10518333,0,,
result3,2025-10-18,19190.65282206,15925.29865783,2201.57005205,1063.78411218,30750.54805133,32708.74427485,269.71891902,29199.50163942,13286.45467274,5945.33095852,6227.44487833,0.02122670,OPTIMAL_CAUSAL_MPC_4X,0.00000000,0.00000000,1200.00000000,10800.00000000,833.33333333,466.40003333,0,,
result3,2025-10-19,52418.94199507,39217.18099497,5705.75990220,7496.00109790,64497.20336486,71145.17952860,1432.39165230,40478.03814081,3158.68747054,6227.44487833,6078.31465222,0.02096700,OPTIMAL_CAUSAL_MPC_4X,0.00000000,0.00000000,1200.00000000,10800.00000000,833.33333333,825.56083333,0,,
result3,2025-10-20,55247.45169187,39779.92137489,5737.10948831,9730.42082867,64889.86855677,72357.70304044,1921.99789752,39740.73048787,3977.90880654,6078.31465222,5844.35503389,0.02091870,OPTIMAL_CAUSAL_MPC_4X,0.00000000,0.00000000,1200.00000000,10800.00000000,833.33333333,819.67756667,0,,
result3,2025-10-21,50572.41676814,41078.14629446,7375.91304762,2118.35742606,67183.80704880,74642.00485063,440.28040807,40909.05881710,3660.53879883,5844.35503389,6070.16622000,0.02140540,OPTIMAL_CAUSAL_MPC_4X,0.00000000,0.00000000,1200.00000000,10800.00000000,833.33333333,831.97333333,0,,
result3,2025-10-22,54685.76717647,41478.91217620,4247.46308733,8959.39191294,68336.80220399,73708.41707890,1796.43138208,39534.50257772,4063.49866613,6070.16622000,6009.82389241,0.02113820,OPTIMAL_CAUSAL_MPC_4X,0.00000000,0.00000000,1200.00000000,10800.00000000,833.33333333,825.75395000,0,,
result3,2025-10-23,45112.84156914,42128.84182450,2983.99974463,0.00000000,68555.61935851,71040.35966602,0.00000000,40269.38084692,3341.75565590,6009.82389241,6102.26904077,0.02173750,OPTIMAL_CAUSAL_MPC_4X,0.00000000,0.00000000,1287.91055745,10800.00000000,833.33333333,818.05598333,0,,
result3,2025-10-24,21362.79922522,16051.95730336,2752.59756593,2558.24435594,30984.25078764,33729.31349368,617.01252405,29832.43207664,12098.87228390,6102.26904077,6181.51609520,0.02061890,OPTIMAL_CAUSAL_MPC_4X,0.00000000,0.00000000,1200.00000000,10800.00000000,833.33333333,509.03313333,0,,
result3,2025-10-25,20221.34598546,16198.59414238,2081.77064085,1940.98120223,31292.55378565,33331.64369335,387.43361653,30023.37513054,11000.68268889,6181.51609520,5961.20214850,0.02356580,OPTIMAL_CAUSAL_MPC_4X,0.00000000,0.00000000,1200.00000000,10800.00000000,833.33333333,485.56500000,0,,
result3,2025-10-26,48395.66413303,42383.21963787,4114.58608132,1897.85841385,69037.16584508,73033.68454499,387.20686667,40051.87926046,3540.56874787,5961.20214850,6709.80091691,0.02129970,OPTIMAL_CAUSAL_MPC_4X,0.00000000,0.00000000,1200.00000000,10800.00000000,833.33333333,830.16166667,0,,
result3,2025-10-27,47481.06578826,41759.63819465,5221.29045649,500.13713711,68020.53627065,72709.59076748,103.53672124,39731.27449458,5635.06493864,6709.80091691,6057.45468333,0.02166190,OPTIMAL_CAUSAL_MPC_4X,0.00000000,0.00000000,1200.00000000,10800.00000000,833.33333333,833.33333333,0,,
result3,2025-10-28,50734.12499898,42094.42015368,3935.25590960,4704.44893571,68728.23126075,73561.79723976,929.78518620,40227.55331152,3332.11422345,6057.45468333,6092.12571296,0.02104150,OPTIMAL_CAUSAL_MPC_4X,0.00000000,0.00000000,1200.00000000,10800.00000000,833.33333333,820.32666667,0,,
result3,2025-10-29,54266.37934452,42965.20300791,7243.39234737,4057.78398923,69838.42257329,77447.21148848,836.64417359,42122.38737378,3742.82198253,6092.12571296,6062.40715560,0.02190700,OPTIMAL_CAUSAL_MPC_4X,0.00000000,0.00000000,1200.00000000,10800.00000000,833.33333333,816.23045000,0,,
result3,2025-10-30,47369.91033853,43344.75905530,3922.75679929,102.39448394,70731.97809772,74076.77303842,21.49082419,40496.17251009,5120.70738061,6062.40715560,5979.21610961,0.02180000,OPTIMAL_CAUSAL_MPC_4X,0.00000000,0.00000000,1200.00000000,10800.00000000,833.33333333,833.33333333,0,,
result3,2025-10-31,20534.99232313,17120.30128426,2337.35414294,1077.33689594,32668.57159486,34798.22199571,214.19181940,30928.96126158,7576.70941944,5979.21610961,6050.14193332,0.02043370,OPTIMAL_CAUSAL_MPC_4X,0.00000000,0.00000000,1200.00000000,10800.00000000,833.33333333,487.62166667,0,,
result3,2025-11-01,21425.21085511,17035.02751302,2327.71215888,2062.47118321,32400.43062317,34778.58867047,489.31957002,30307.66851858,8682.84483618,6050.14193332,6422.43624287,0.02099740,OPTIMAL_CAUSAL_MPC_4X,0.00000000,0.00000000,1200.00000000,10800.00000000,833.33333333,477.17378333,0,,
result3,2025-11-02,57968.23416227,43172.44853815,5062.93378954,9732.85183457,70335.84157132,76751.11133447,1818.25860462,40591.61546359,4095.71135386,6422.43624287,6018.22074704,0.02167770,OPTIMAL_CAUSAL_MPC_4X,0.00000000,0.00000000,1200.00000000,10800.00000000,833.33333333,816.48911667,0,,
result3,2025-11-03,53058.64428923,43668.07610455,6880.02773461,2510.54045007,70851.72368357,77672.69934679,519.74652624,40953.89131499,3390.61946276,6018.22074704,6498.99931782,0.02222820,OPTIMAL_CAUSAL_MPC_4X,0.00000000,0.00000000,1200.00000000,10800.00000000,833.33333333,808.01500000,0,,
result3,2025-11-04,50957.54355165,43895.41031238,3279.33933359,3782.79390568,71489.38574848,74926.49425290,696.52371031,40409.20238097,3628.01913272,6498.99931782,5972.64439272,0.02077830,OPTIMAL_CAUSAL_MPC_4X,0.00000000,0.00000000,1200.00000000,10800.00000000,833.33333333,833.33333333,0,,
result3,2025-11-05,52583.13464093,44829.39908962,3868.84513128,3884.89042003,72738.65839989,77208.57630738,802.47591928,42306.16171032,2936.58210485,5972.64439272,6126.49020435,0.02191060,OPTIMAL_CAUSAL_MPC_4X,0.00000000,0.00000000,1200.00000000,10800.00000000,833.33333333,833.33333333,0,,
result3,2025-11-06,62775.28775474,43880.12419926,5694.68632270,13200.47723278,71222.40394892,79356.48064439,2647.37486632,40588.60862307,3948.18437236,6126.49020435,5903.28608130,0.02386110,OPTIMAL_CAUSAL_MPC_4X,0.00000000,0.00000000,1200.00000000,10800.00000000,833.33333333,823.83080000,0,,
result3,2025-11-07,23557.05992485,17338.18621271,2325.27941405,3893.59429809,33153.86207046,35649.11593850,751.62257027,31831.85607773,8701.07984735,5903.28608130,6192.99543818,0.02256390,OPTIMAL_CAUSAL_MPC_4X,0.00000000,0.00000000,1200.00000000,10800.00000000,833.33333333,491.60833333,0,,
result3,2025-11-08,20165.66828658,16953.26875545,2293.29526041,919.10427073,32693.03721431,34769.50058114,186.22313256,31630.22632130,7811.86791650,6192.99543818,6038.26614426,0.02235780,OPTIMAL_CAUSAL_MPC_4X,0.00000000,0.00000000,1200.00000000,10800.00000000,833.33333333,481.41166667,0,,
result3,2025-11-09,54170.23151461,45381.09178247,6126.98870858,2662.15102357,73555.95970029,79522.67972505,553.77321212,43411.55307306,3319.62480992,6038.26614426,6339.15237241,0.02244300,OPTIMAL_CAUSAL_MPC_4X,0.00000000,0.00000000,1200.00000000,10800.00000000,833.33333333,808.11833333,0,,
result3,2025-11-10,61465.07824498,45805.68485584,6865.58703523,8793.80635392,74498.91398716,82624.23180362,1724.67170988,42915.82048324,4523.66780219,6339.15237241,6074.83733895,0.02305320,OPTIMAL_CAUSAL_MPC_4X,0.00000000,0.00000000,1200.00000000,10800.00000000,833.33333333,826.68533333,0,,
result3,2025-11-11,55865.32105999,46398.01328963,5277.03550869,4190.27226167,74958.98278381,80580.77175961,867.51378973,42331.72058890,4467.70495813,6074.83733895,6185.83645123,0.02154690,OPTIMAL_CAUSAL_MPC_4X,0.00000000,0.00000000,1200.00000000,10800.00000000,833.33333333,833.33333333,0,,
result3,2025-11-12,54483.18997765,46226.73819863,4404.69867337,3851.75310565,74784.73296276,79395.13656375,730.29762145,43066.22879284,4159.99283967,6185.83645123,5942.88580815,0.02138390,OPTIMAL_CAUSAL_MPC_4X,0.00000000,0.00000000,1200.00000000,10800.00000000,833.33333333,833.33333333,0,,
result3,2025-11-13,52566.56446691,46941.38781632,5096.69434770,528.48230289,75642.98468234,80133.74153116,76.41778172,42567.24650317,2886.79009543,5942.88580815,6327.70701920,0.02710820,OPTIMAL_CAUSAL_MPC_4X,0.00000000,0.00000000,1200.00000000,10800.00000000,833.33333333,833.33333333,0,,
result3,2025-11-14,20067.82839241,17585.52021934,2134.13509298,348.17308009,33514.08324953,35370.31759553,76.71596917,32195.19316945,4685.84799241,6327.70701920,6032.48434500,0.02148610,OPTIMAL_CAUSAL_MPC_4X,0.00000000,0.00000000,1200.00000000,10800.00000000,833.33333333,474.04105000,0,,
result3,2025-11-15,24207.26130841,17589.44229556,1575.70079385,5042.11821900,33539.82912340,35878.41970139,991.08683269,32255.70778311,4340.27670878,6032.48434500,5972.45046648,0.02137140,OPTIMAL_CAUSAL_MPC_4X,0.00000000,0.00000000,1200.00000000,10800.00000000,833.33333333,486.88500000,0,,
result3,2025-11-16,58400.41349793,47945.94267703,6572.80855518,3881.66226571,77144.61865749,83483.90794067,815.74661253,43515.81620936,4014.34749221,5972.45046648,6442.10268765,0.02186320,OPTIMAL_CAUSAL_MPC_4X,0.00000000,0.00000000,1200.00000000,10800.00000000,833.33333333,832.31333333,0,,
result3,2025-11-17,51744.40429602,48771.97365361,2972.43064241,0.00000000,78037.79833280,80665.20027672,0.00000000,42859.48047910,3731.38694384,6442.10268765,6179.65018662,0.02098340,OPTIMAL_CAUSAL_MPC_4X,0.00000000,0.00000000,1230.81810782,10800.00000000,833.33333333,795.79333333,0,,
result3,2025-11-18,53909.60013390,47800.46845749,6093.12739318,16.00428323,76760.79674525,82361.74595557,3.52983750,43769.01711484,2927.81587519,6179.65018662,6128.20650625,0.02324650,OPTIMAL_CAUSAL_MPC_4X,0.00000000,0.00000000,1200.00000000,10800.00000000,833.33333333,817.56756667,0,,
result3,2025-11-19,58942.28979627,48050.53769339,5974.46808748,4917.28401540,77255.65817973,83640.23043091,992.18369653,43276.52390215,3990.66715439,6128.20650625,5865.16539130,0.02869860,OPTIMAL_CAUSAL_MPC_4X,0.00000000,0.00000000,1200.00000000,10800.00000000,833.33333333,833.33333333,0,,
result3,2025-11-20,53782.56033321,48896.70644461,4281.95650598,603.89738262,78403.39959970,82393.10189133,125.67745001,43685.66358422,2970.36731213,5865.16539130,5909.27977296,0.03108220,OPTIMAL_CAUSAL_MPC_4X,0.00000000,0.00000000,1200.00000000,10800.00000000,833.33333333,804.23333333,0,,
result3,2025-11-21,24219.86187598,18004.00227202,2100.32043940,4115.53916456,34077.03166273,36637.91628907,850.32357651,32171.28033904,4275.11211757,5909.27977296,6031.27817593,0.02455380,OPTIMAL_CAUSAL_MPC_4X,0.00000000,0.00000000,1200.00000000,10800.00000000,833.33333333,489.43083333,0,,
result3,2025-11-22,24287.52886027,18191.32470792,2984.82059565,3111.38355671,34616.96189388,37600.43790985,552.77546433,32550.89026565,3485.71671408,6031.27817593,6511.88086983,0.02088030,OPTIMAL_CAUSAL_MPC_4X,0.00000000,0.00000000,1200.00000000,10800.00000000,833.33333333,537.34375000,0,,
result3,2025-11-23,56926.32265890,49724.55962561,3260.06165986,3941.70137343,79181.44985332,82822.89925730,813.59810925,42571.79467678,3558.84906298,6511.88086983,6072.54508667,0.02142120,OPTIMAL_CAUSAL_MPC_4X,0.00000000,0.00000000,1200.00000000,10800.00000000,833.33333333,805.66000000,0,,
result3,2025-11-24,55083.49418826,48698.81800317,4442.70585577,1941.97032932,78146.62710809,82266.89815859,313.29480017,41735.11459380,4045.56353346,6072.54508667,5749.11497648,0.02133320,OPTIMAL_CAUSAL_MPC_4X,0.00000000,0.00000000,1200.00000000,10800.00000000,833.33333333,833.33333333,0,,
result3,2025-11-25,60821.30742638,49040.68590566,4220.07446293,7560.54705779,78949.88755783,84272.27952870,1491.89819537,43475.33822444,3425.22595468,5749.11497648,5864.43567741,0.02185890,OPTIMAL_CAUSAL_MPC_4X,0.00000000,0.00000000,1200.00000000,10800.00000000,833.33333333,808.33755000,0,,
result3,2025-11-26,55003.50078256,50386.00583100,4462.95495890,154.53999267,80542.72063128,84657.66364434,32.99316667,44299.86239313,2973.69166654,5864.43567741,6142.01254758,0.02154640,OPTIMAL_CAUSAL_MPC_4X,0.00000000,0.00000000,1226.93676498,10800.00000000,833.33333333,833.33333333,0,,
result3,2025-11-27,54478.26257700,50231.25568566,3814.71417134,432.29272001,80233.02240151,83575.95585176,61.96856651,43419.49251330,3280.22208865,6142.01254758,6098.76737333,0.02160230,OPTIMAL_CAUSAL_MPC_4X,0.00000000,0.00000000,1200.00000000,10800.00000000,833.33333333,815.24000000,0,,
result3,2025-11-28,23558.65452290,18481.15249289,2062.55621409,3014.94581592,35038.05634859,37289.71253362,541.08216862,33865.94588360,2851.19576202,6098.76737333,6060.84729735,0.02135190,OPTIMAL_CAUSAL_MPC_4X,0.00000000,0.00000000,1200.00000000,10800.00000000,833.33333333,511.01250000,0,,
result3,2025-11-29,24149.51966195,18740.56145366,5152.18684353,256.77136476,35618.25408501,41342.01384112,49.56976154,34455.63861064,2989.56449863,6060.84729735,5865.87912673,0.02103190,OPTIMAL_CAUSAL_MPC_4X,0.00000000,0.00000000,1200.00000000,10800.00000000,833.33333333,499.88833333,0,,
result3,2025-11-30,58392.59736639,51998.68817478,5072.25040046,1321.65879115,83017.27941158,87683.74490159,227.21889025,45680.84412836,2612.02781884,5865.87912673,5897.71726241,0.02561280,OPTIMAL_CAUSAL_MPC_4X,0.00000000,0.00000000,1200.00000000,10800.00000000,833.33333333,833.33333333,0,,
result3,2025-12-01,80644.40963143,51484.65179581,13213.00603421,15946.75180141,82259.07118721,96431.90260378,3288.63004953,43873.79875854,5128.51716651,5897.71726241,6298.85430685,0.02387880,OPTIMAL_CAUSAL_MPC_4X,0.00000000,0.00000000,1200.00000000,10800.00000000,833.33333333,833.33333333,0,,
result3,2025-12-02,80063.05451200,51318.92547576,15336.74797889,13407.38105736,81677.51526797,97721.18335561,2735.73703405,44824.24288784,4601.49581533,6298.85430685,6074.18335670,0.03239620,OPTIMAL_CAUSAL_MPC_4X,0.00000000,0.00000000,1200.00000000,10800.00000000,833.33333333,833.33333333,0,,
result3,2025-12-03,75656.26171811,52628.70488231,13026.38929122,10001.16754458,83672.93652086,96898.31160177,2047.95560544,44076.58550874,5156.69479748,6074.18335670,6025.96128083,0.02347610,OPTIMAL_CAUSAL_MPC_4X,0.00000000,0.00000000,1200.00000000,10800.00000000,833.33333333,833.33333333,0,,
result3,2025-12-04,81187.14148553,51838.62464034,13722.90186251,15625.61498268,82534.46334920,96968.29751731,3186.18621994,44783.09569356,5215.98896538,6025.96128083,6307.62931401,0.02331790,OPTIMAL_CAUSAL_MPC_4X,0.00000000,0.00000000,1200.00000000,10800.00000000,833.33333333,833.33333333,0,,
result3,2025-12-05,41801.76023348,18980.44299524,11874.10208216,10947.21515608,35733.15107914,49460.56424842,2016.18831667,32920.17318091,4496.89552308,6307.62931401,6505.05230383,0.02237590,OPTIMAL_CAUSAL_MPC_4X,0.00000000,0.00000000,1200.00000000,10800.00000000,833.33333333,541.41926667,0,,
result3,2025-12-06,39852.75079115,19627.51185567,12880.17435772,7345.06457777,37651.81481372,52023.31770651,1410.62698333,35501.55454637,4354.27022850,6505.05230383,6784.32941117,0.02215130,OPTIMAL_CAUSAL_MPC_4X,0.00000000,0.00000000,1200.00000000,10800.00000000,833.33333333,569.51183333,0,,
result3,2025-12-07,77924.49912079,53827.02254130,11033.61985991,13063.85671958,85152.63760594,96724.49241280,2687.76390409,43208.60952220,5206.26919820,6784.32941117,6110.43782602,0.02113420,OPTIMAL_CAUSAL_MPC_4X,0.00000000,0.00000000,1200.00000000,10800.00000000,833.33333333,833.33333333,0,,
result3,2025-12-08,62934.77286436,58149.87024349,4771.88775595,13.01486492,91671.56719023,96487.35464469,2.22800050,46260.72569268,3664.78071209,6110.43782602,6230.36494559,0.02119150,OPTIMAL_CAUSAL_MPC_4X,0.00000000,0.00000000,1230.69313364,10800.00000000,833.33333333,833.33333333,0,,
result3,2025-12-09,63343.29483870,59285.04992596,3454.38428357,603.86062917,93069.63245951,95959.66293448,104.16567639,46228.37978557,3673.22671387,6230.36494559,6275.89559969,0.02146170,OPTIMAL_CAUSAL_MPC_4X,0.00000000,0.00000000,1277.78373154,10800.00000000,833.33333333,833.33333333,0,,
result3,2025-12-10,63411.83199825,57954.10033256,4420.90154999,1036.83011570,91529.53934038,95619.71016320,241.32202576,45388.01161009,2623.48671751,6275.89559969,6119.14715864,0.02178730,OPTIMAL_CAUSAL_MPC_4X,0.00000000,0.00000000,1200.00000000,10800.00000000,833.33333333,813.83152683,0,,
result3,2025-12-11,60208.18565256,59012.38381991,997.03326464,198.76856802,92736.05535177,93608.61118727,34.22029233,44604.31658455,3005.40996371,6119.14715864,6078.64885673,0.02060040,OPTIMAL_CAUSAL_MPC_4X,0.00000000,0.00000000,1273.17846803,10800.00000000,833.33333333,833.33333333,0,,
result3,2025-12-12,29153.85270835,23152.31463750,5666.64193606,334.89613479,44815.65451726,51367.23953345,72.60956806,38898.74788015,3601.98550586,6078.64885673,6046.01512778,0.02090380,OPTIMAL_CAUSAL_MPC_4X,0.00000000,0.00000000,1200.00000000,10800.00000000,833.33333333,625.31245000,0,,
result3,2025-12-13,28259.86943232,24688.93332553,3267.09876632,303.83734048,47965.73677150,51315.24934132,61.85520179,39284.68317969,3359.01553305,6046.01512778,6080.09733056,0.02119980,OPTIMAL_CAUSAL_MPC_4X,0.00000000,0.00000000,1200.00000000,10800.00000000,833.33333333,633.90500000,0,,
result3,2025-12-14,64265.14553752,59728.30238332,3389.68109619,1147.16205801,93658.12764403,96875.74903842,243.04286311,45454.59441479,3365.03259378,6080.09733056,6040.39586833,0.02131040,OPTIMAL_CAUSAL_MPC_4X,0.00000000,0.00000000,1200.00000000,10800.00000000,833.33333333,825.34543333,0,,
result3,2025-12-15,67148.46102702,58864.98163612,3739.39634752,4544.08304338,92810.97084561,96972.49434946,932.65465983,45045.62775427,2784.67622852,6040.39586833,6030.05231606,0.02138760,OPTIMAL_CAUSAL_MPC_4X,0.00000000,0.00000000,1200.00000000,10800.00000000,833.33333333,833.33333333,0,,
result3,2025-12-16,66238.53989752,59599.20869380,4027.86287051,2611.46833322,93389.42928077,97426.37278440,554.92463675,45057.05562337,3387.63409332,6030.05231606,5920.34739889,0.02100440,OPTIMAL_CAUSAL_MPC_4X,0.00000000,0.00000000,1200.00000000,10800.00000000,833.33333333,833.33333333,0,,
result3,2025-12-17,63207.05727333,59179.84656950,2533.92526225,1493.28544158,93411.34620745,95856.56240155,265.90906465,46187.59363028,2712.38774220,5920.34739889,6024.83081722,0.02094500,OPTIMAL_CAUSAL_MPC_4X,0.00000000,0.00000000,1200.00000000,10800.00000000,833.33333333,833.33333333,0,,
result3,2025-12-18,69396.17724029,57925.22872137,4268.89831848,7202.05020043,91356.49480142,96360.52569307,1474.18062771,45695.90230763,4294.87171713,6024.83081722,5926.86917741,0.02155790,OPTIMAL_CAUSAL_MPC_4X,0.00000000,0.00000000,1200.00000000,10800.00000000,833.33333333,833.33333333,0,,
result3,2025-12-19,27296.86931152,23900.12794221,3396.74136931,0.00000000,46319.95942784,49326.09889556,0.00000000,39169.86387928,2080.40573600,5926.86917741,6153.67041560,0.02111050,OPTIMAL_CAUSAL_MPC_4X,0.00000000,0.00000000,1340.66966093,10800.00000000,833.33333333,626.09695000,0,,
result3,2025-12-20,28659.86976428,24284.35443313,2416.14829169,1959.36703946,47088.99206644,49493.33259552,399.09456758,38951.12925251,2439.81271273,6153.67041560,6262.64755858,0.02085370,OPTIMAL_CAUSAL_MPC_4X,0.00000000,0.00000000,1200.00000000,10800.00000000,833.33333333,619.58166667,0,,
result3,2025-12-21,66684.57163056,59430.62863758,4863.78927813,2390.15371485,93044.67518176,97694.74281837,453.84033702,44526.47325471,4177.57838396,6262.64755858,6066.89896370,0.02128630,OPTIMAL_CAUSAL_MPC_4X,0.00000000,0.00000000,1200.00000000,10800.00000000,833.33333333,833.33333333,0,,
result3,2025-12-22,66655.95702859,59347.65825161,2413.34454083,4894.95423614,93536.65512300,96508.11298734,893.50595453,45970.64176937,2857.49210943,6066.89896370,5953.82053704,0.02112750,OPTIMAL_CAUSAL_MPC_4X,0.00000000,0.00000000,1200.00000000,10800.00000000,833.33333333,833.33333333,0,,
result3,2025-12-23,61152.71985141,59514.51051912,1638.20933229,0.00000000,93587.45397100,94837.95272800,0.00000000,45364.92636297,2400.40079420,5953.82053704,6373.53470698,0.02155790,OPTIMAL_CAUSAL_MPC_4X,0.00000000,0.00000000,1379.72312540,10800.00000000,833.33333333,788.38526450,0,,
result3,2025-12-24,64090.37410489,58332.18562661,3687.04973274,2071.13874554,91987.93990686,95384.36623446,377.71408028,46158.61986583,2930.02323568,6373.53470698,6126.57397926,0.02131280,OPTIMAL_CAUSAL_MPC_4X,0.00000000,0.00000000,1200.00000000,10800.00000000,833.33333333,833.33333333,0,,
result3,2025-12-25,62947.89419091,58763.40099088,2813.57696452,1370.91623551,92212.55191626,94862.49480309,200.47158515,45793.41336517,2369.33796218,6126.57397926,5999.53703333,0.02082220,OPTIMAL_CAUSAL_MPC_4X,0.00000000,0.00000000,1200.00000000,10800.00000000,833.33333333,833.33333333,0,,
result3,2025-12-26,28850.90254597,24022.81404964,3760.25127979,1067.83721654,46359.89136439,50174.22024045,215.01873084,39125.56115082,2598.16420761,5999.53703333,6463.43047580,0.02093460,OPTIMAL_CAUSAL_MPC_4X,0.00000000,0.00000000,1200.00000000,10800.00000000,833.33333333,651.67833333,0,,
result3,2025-12-27,28011.83330803,24051.32970209,3960.50360594,0.00000000,46501.24402611,50174.74149075,0.00000000,38442.60631155,2911.52760889,6463.43047580,6351.80687375,0.02093270,OPTIMAL_CAUSAL_MPC_4X,0.00000000,0.00000000,1340.92171142,10800.00000000,833.33333333,648.74166667,0,,
result3,2025-12-28,61415.90742704,59527.61448286,1373.15448814,515.13845604,93312.64163314,94408.72469337,89.06118750,43973.38051628,2863.67041353,6351.80687375,6472.28179093,0.02203660,OPTIMAL_CAUSAL_MPC_4X,0.00000000,0.00000000,1436.49693582,10800.00000000,833.33333333,833.33333333,0,,
result3,2025-12-29,60992.82154960,58729.11060544,2263.71094416,0.00000000,92245.84939119,94211.30765132,0.00000000,44087.39821270,2535.66595238,6472.28179093,5993.55338648,0.02250810,OPTIMAL_CAUSAL_MPC_4X,0.00000000,0.00000000,1279.48805796,10800.00000000,833.33333333,797.78007783,0,,
result3,2025-12-30,65878.12986992,58220.79729131,2039.41240780,5617.92017081,92019.50000440,94862.19310880,1138.27716471,44726.79943981,3931.99344679,5993.55338648,6004.33160241,0.02404800,OPTIMAL_CAUSAL_MPC_4X,0.00000000,0.00000000,1200.00000000,10800.00000000,833.33333333,833.33333333,0,,
result3,2025-12-31,66592.82582547,58157.15512799,4496.47651293,3939.19418455,91504.03563677,96129.12326726,788.83746710,45504.54124929,2898.18926743,6004.33160241,5811.05504296,0.02304100,OPTIMAL_CAUSAL_MPC_4X,0.00000000,0.00000000,1200.00000000,10800.00000000,833.33333333,833.33333333,0,,
result4-2,2025-02-01,50179.10347713,50179.10347713,0.00000000,0.00000000,93103.50193052,93103.50193052,0.00000000,19571.53300026,51897.37501926,6000.00000000,10800.00000000,0.04543070,OPTIMAL_CVAR,0.00000000,0.00000000,5332.41068519,10800.00000000,833.33333333,483.74666667,0,cvar,True
result4-2,2025-02-02,61489.60982974,61489.60982974,0.00000000,0.00000000,88384.01382758,88384.01382758,0.00000000,43769.48834727,5433.14870300,10800.00000000,10800.00000000,0.09785520,OPTIMAL_CVAR,0.00000000,0.00000000,1504.98699556,10800.00000000,833.33333333,822.83135000,0,cvar,True
result4-2,2025-02-03,61104.97472956,61104.97472956,0.00000000,0.00000000,86415.18262187,86415.18262187,0.00000000,43966.85793756,1582.96059251,10800.00000000,10800.00000000,0.08383150,OPTIMAL_CVAR,0.00000000,0.00000000,1385.13649734,10800.00000000,833.33333333,735.18431667,0,cvar,True
result4-2,2025-02-04,64817.30566289,64817.30566289,0.00000000,0.00000000,90506.14915174,90506.14915174,0.00000000,44801.89367394,4608.32398735,10800.00000000,10800.00000000,0.08792670,OPTIMAL_CVAR,0.00000000,0.00000000,1885.69306265,10800.00000000,833.33333333,804.42500000,0,cvar,True
result4-2,2025-02-05,64000.97584493,64000.97584493,0.00000000,0.00000000,89758.99913678,89758.99913678,0.00000000,43604.04733956,4433.35171449,10800.00000000,10800.00000000,0.11644390,OPTIMAL_CVAR,0.00000000,0.00000000,1393.32831648,10800.00000000,833.33333333,794.01840000,0,cvar,True
result4-2,2025-02-06,63392.53294425,63269.15808060,0.00000000,123.37486365,89334.00579679,89351.61568312,17.60988633,43899.11701411,4472.36386276,10800.00000000,10800.00000000,0.11483650,OPTIMAL_CVAR,0.00000000,0.00000000,1590.84500369,10800.00000000,833.33333333,833.33333333,0,cvar,True
result4-2,2025-02-07,17547.63605328,17547.63605328,0.00000000,0.00000000,41470.25008904,41470.25008904,0.00000000,35215.48852490,5967.91693081,10800.00000000,10800.00000000,0.09204460,OPTIMAL_CVAR,0.00000000,0.00000000,1497.77935179,10800.00000000,833.33333333,536.03745000,0,cvar,True
result4-2,2025-02-08,43069.58333664,43069.58333664,0.00000000,0.00000000,83112.75104568,83112.75104568,0.00000000,17612.91685885,49686.71860350,10800.00000000,10800.00000000,0.05169390,OPTIMAL_CVAR,0.00000000,0.00000000,5554.82778630,10800.00000000,833.33333333,509.95528333,0,cvar,True
result4-2,2025-02-09,99182.39575766,99182.39575766,0.00000000,0.00000000,128273.50460508,128273.50460508,0.00000000,26850.47069753,45899.53094088,10800.00000000,10800.00000000,0.05310030,OPTIMAL_CVAR,0.00000000,0.00000000,5677.94322926,10800.00000000,833.33333333,626.80905000,0,cvar,True
result4-2,2025-02-10,57039.49334560,56588.01178922,0.00000000,451.48155638,83773.97138481,83860.52108866,86.54970386,42233.53362898,5158.40536357,10800.00000000,10741.80224838,0.06829700,OPTIMAL_CVAR,0.00000000,0.00000000,1200.00000000,10800.00000000,833.33333333,782.65535900,0,cvar,True
result4-2,2025-02-11,65457.34828399,52459.11039906,0.00000000,12998.23788493,77944.19163211,80006.88057417,2062.68894206,42276.31042112,349.09549405,10741.80224838,10741.14180598,0.07658700,OPTIMAL_CVAR,0.00000000,0.00000000,1200.00000000,10800.00000000,833.33333333,816.44536667,0,cvar,True
result4-2,2025-02-12,65794.89601100,52900.45588603,0.00000000,12894.44012497,78514.80373864,80633.84208601,2119.03834737,43219.71373762,879.96217511,10741.14180598,10691.13326556,0.07904780,OPTIMAL_CVAR,0.00000000,0.00000000,1200.00000000,10800.00000000,833.33333333,829.06502367,0,cvar,True
result4-2,2025-02-13,53705.54445989,53705.54445989,0.00000000,0.00000000,79952.38845443,79952.38845443,0.00000000,40366.23171486,4281.00789274,10691.13326556,10796.27647148,0.10288640,OPTIMAL_CVAR,0.00000000,0.00000000,1374.53252111,10800.00000000,833.33333333,759.44000000,0,cvar,True
result4-2,2025-02-14,16992.16352527,14638.50510355,0.00000000,2353.65842172,36024.52021972,36501.58884064,477.06862093,42399.31335685,2245.32741672,10796.27647148,10800.00000000,0.06541020,OPTIMAL_CVAR,0.00000000,0.00000000,1200.00000000,10800.00000000,833.33333333,559.76725000,0,cvar,True
result4-2,2025-02-15,16574.95287827,15055.77899548,0.00000000,1519.17388279,35696.92665570,36085.80417892,388.87752322,38717.67396196,2958.46696784,10800.00000000,10581.75411572,0.07552330,OPTIMAL_CVAR,0.00000000,0.00000000,1200.00000000,10800.00000000,833.33333333,547.31666667,0,cvar,True
result4-2,2025-02-16,95190.75894199,95190.75894199,0.00000000,0.00000000,125624.65695497,125624.65695497,0.00000000,27492.63144242,47144.27091256,10581.75411572,10800.00000000,0.05298890,OPTIMAL_CVAR,0.00000000,0.00000000,5806.35699463,10800.00000000,833.33333333,667.83500000,0,cvar,True
result4-2,2025-02-17,53935.65930557,53809.40515895,0.00000000,126.25414662,79625.30293943,79646.16028457,20.85734514,37442.56267422,4599.65615063,10800.00000000,10731.82957926,0.08670950,OPTIMAL_CVAR,0.00000000,0.00000000,1200.00000000,10800.00000000,833.33333333,798.44664767,0,cvar,True
result4-2,2025-02-18,59349.00720280,49605.91157182,0.00000000,9743.09563098,75142.96578129,76655.86133319,1512.89555190,42234.77998649,77.33718000,10731.82957926,10785.77881926,0.10019050,OPTIMAL_CVAR,0.00000000,0.00000000,1200.00000000,10785.77881926,833.33333333,833.33333333,0,cvar,True
result4-2,2025-02-19,61192.02868076,50064.84512394,0.00000000,11127.18355683,76279.51003370,78204.01421716,1924.50418347,46172.27581781,859.91728150,10785.77881926,10401.61242167,0.07831280,OPTIMAL_CVAR,0.00000000,0.00000000,1200.00000000,10785.77881926,833.33333333,823.92833333,0,cvar,True
result4-2,2025-02-20,51377.01618872,50503.81674979,0.00000000,873.19943893,75573.05529952,75747.04227903,173.98697951,44638.71105279,139.92679762,10401.61242167,10329.36345722,0.08965800,OPTIMAL_CVAR,0.00000000,0.00000000,1200.00000000,10800.00000000,833.33333333,815.55166667,0,cvar,True
result4-2,2025-02-21,14931.42258465,14599.51960509,0.00000000,331.90297956,34849.81377703,34922.34014576,72.52636873,38755.75340694,5348.51379961,10329.36345722,10274.34026771,0.07203460,OPTIMAL_CVAR,0.00000000,0.00000000,1200.00000000,10800.00000000,833.33333333,538.61000000,0,cvar,True
result4-2,2025-02-22,16947.29060755,14666.16097035,0.00000000,2281.12963720,34835.78258447,35317.50156080,481.71897633,41114.03105113,3264.31325000,10274.34026771,10166.33144771,0.06434140,OPTIMAL_CVAR,0.00000000,0.00000000,1200.00000000,10800.00000000,833.33333333,530.30500000,0,cvar,True
result4-2,2025-02-23,53570.91374095,53570.91374095,0.00000000,0.00000000,80240.86023968,80240.86023968,0.00000000,43993.64713800,4101.42181000,10166.33144771,10155.74002252,0.09814120,OPTIMAL_CVAR,0.00000000,0.00000000,1294.64941481,10800.00000000,833.33333333,807.28596667,0,cvar,True
result4-2,2025-02-24,55403.04981935,50377.38409080,0.00000000,5025.66572855,76446.97600023,77205.48090981,758.50490958,37929.19072697,5132.66754411,10155.74002252,10043.38174899,0.07735170,OPTIMAL_CVAR,0.00000000,0.00000000,1200.00000000,10800.00000000,833.33333333,833.33333333,0,cvar,True
result4-2,2025-02-25,48077.54130125,47909.28560995,0.00000000,168.25569130,73799.38020738,73832.26060738,32.88040000,38844.44373994,4127.46038643,10043.38174899,9848.18676954,0.05748680,OPTIMAL_CVAR,0.00000000,0.00000000,1306.50569093,10800.00000000,833.33333333,833.33333333,0,cvar,True
result4-2,2025-02-26,65035.19339236,46224.69326327,0.00000000,18810.50012909,70167.01032116,73053.06746719,2886.05714604,37398.72865381,128.51181643,9848.18676954,10033.08251584,0.08948370,OPTIMAL_CVAR,0.00000000,0.00000000,1200.00000000,10391.72700352,833.33333333,819.29500000,0,cvar,True
result4-2,2025-02-27,49376.82833295,47157.19748763,0.00000000,2219.63084532,74173.61208119,74596.07547185,422.46339065,43699.17919414,3033.24990973,10033.08251584,10052.22297059,0.12196050,OPTIMAL_CVAR,0.00000000,0.00000000,1200.00000000,10800.00000000,833.33333333,829.85208333,0,cvar,True
result4-2,2025-02-28,14077.58776136,13753.70531694,0.00000000,323.88244442,34326.82114103,34402.63982959,75.81868857,40968.84658049,6782.22040042,10052.22297059,10079.60296559,0.07101310,OPTIMAL_CVAR,0.00000000,0.00000000,1200.00000000,10800.00000000,833.33333333,520.97380000,0,cvar,True
result4-2,2025-03-01,14301.06408791,14208.18259642,0.00000000,92.88149149,34859.86295503,34882.96716076,23.10420573,37889.00706666,7192.92475745,10079.60296559,10133.88022559,0.06893280,OPTIMAL_CVAR,0.00000000,0.00000000,1200.00000000,10800.00000000,833.33333333,478.94683333,0,cvar,True
result4-2,2025-03-02,61683.36330116,52101.75007498,0.00000000,9581.61322617,78561.44654073,80107.40824906,1545.96170833,51438.66912035,2474.54147510,10133.88022559,10008.10574633,0.05296400,OPTIMAL_CVAR,0.00000000,0.00000000,1200.00000000,10800.00000000,833.33333333,786.69216667,0,cvar,True
result4-2,2025-03-03,52890.16680466,51990.13799532,0.00000000,900.02880934,79048.55846346,79220.09750397,171.53904050,46934.19214138,2363.52886242,10008.10574633,9920.24870633,0.10747000,OPTIMAL_CVAR,0.00000000,0.00000000,1200.00000000,10800.00000000,833.33333333,795.55208333,0,cvar,True
result4-2,2025-03-04,51058.65339794,51055.54691144,0.00000000,3.10648650,77697.65537942,77698.28011276,0.62473333,49671.04256914,3352.25067695,9920.24870633,9852.35777929,0.05704150,OPTIMAL_CVAR,0.00000000,0.00000000,1210.53208463,10800.00000000,833.33333333,833.33333333,0,cvar,True
result4-2,2025-03-05,48188.57527332,47259.77395111,0.00000000,928.80132221,73923.52949913,74064.84374596,141.31424683,42299.14809187,3476.57731081,9852.35777929,9870.00764596,0.07071800,OPTIMAL_CVAR,0.00000000,0.00000000,1200.00000000,10800.00000000,833.33333333,833.33333333,0,cvar,True
result4-2,2025-03-06,47803.07103518,45072.61799625,0.00000000,2730.45303894,70433.81677235,70841.60683643,407.79006408,44224.06023359,417.97493051,9870.00764596,9709.79560373,0.09693210,OPTIMAL_CVAR,0.00000000,0.00000000,1200.00000000,10800.00000000,833.33333333,777.54333333,0,cvar,True
result4-2,2025-03-07,13098.29704879,13098.29704879,0.00000000,0.00000000,32703.59352903,32703.59352903,0.00000000,37757.60152371,7717.14651604,9709.79560373,9811.01115299,0.06736200,OPTIMAL_CVAR,0.00000000,0.00000000,1291.30758426,10800.00000000,833.33333333,463.29706667,0,cvar,True
result4-2,2025-03-08,19511.66608091,12557.71486116,0.00000000,6953.95121975,30570.90377741,32528.32527641,1957.42149900,39984.31133630,8967.74257387,9811.01115299,10112.87393773,0.05738820,OPTIMAL_CVAR,0.00000000,0.00000000,1200.00000000,10800.00000000,833.33333333,464.62766667,0,cvar,True
result4-2,2025-03-09,45642.41412245,44308.16665040,0.00000000,1334.24747205,69830.81061949,70090.36317999,259.55256050,51741.75839306,1277.29781193,10112.87393773,10161.22609384,0.10352830,OPTIMAL_CVAR,0.00000000,0.00000000,1200.00000000,10800.00000000,833.33333333,780.83166667,0,cvar,True
result4-2,2025-03-10,83331.87890584,42183.07103633,0.00000000,41148.80786951,65348.09462656,71962.72347558,6614.62884901,34643.10302484,193.28045000,10161.22609384,10252.53330333,0.08393430,OPTIMAL_CVAR,0.00000000,0.00000000,1200.00000000,10784.13017130,833.33333333,822.23288333,0,cvar,True
result4-2,2025-03-11,44404.16768870,44115.80603234,0.00000000,288.36165636,69628.43639946,69672.07796682,43.64156737,40498.58722100,1372.54416320,10252.53330333,10362.52307253,0.07800630,OPTIMAL_CVAR,0.00000000,0.00000000,1200.00000000,10800.00000000,833.33333333,788.23151667,0,cvar,True
result4-2,2025-03-12,47258.47114364,41847.84476138,0.00000000,5410.62638226,66335.89543774,67265.76171862,929.86628088,46930.11748175,101.50246667,10362.52307253,10163.78371012,0.08808540,OPTIMAL_CVAR,0.00000000,0.00000000,1200.00000000,10521.68611476,833.33333333,795.64000000,0,cvar,True
result4-2,2025-03-13,55856.65175294,45019.44537955,0.00000000,10837.20637339,71208.71342451,73097.29396152,1888.58053701,44692.76048072,887.83742202,10163.78371012,10135.96328512,0.06175960,OPTIMAL_CVAR,0.00000000,0.00000000,1200.00000000,10800.00000000,833.33333333,829.37666667,0,cvar,True
result4-2,2025-03-14,13094.88390541,12353.06854294,0.00000000,741.81536247,30909.61633571,31149.91953854,240.30320283,39610.58984486,10868.67671790,10135.96328512,10230.28351012,0.05702950,OPTIMAL_CVAR,0.00000000,0.00000000,1200.00000000,10800.00000000,833.33333333,496.71500000,0,cvar,True
result4-2,2025-03-15,14576.08465633,12966.43551542,0.00000000,1609.64914091,31531.56718481,31956.00003758,424.43285278,42205.97205480,6836.21777078,10230.28351012,9994.17500512,0.06698680,OPTIMAL_CVAR,0.00000000,0.00000000,1200.00000000,10800.00000000,833.33333333,494.00738333,0,cvar,True
result4-2,2025-03-16,47211.39175449,47203.31065449,0.00000000,8.08110000,74594.10585537,74595.74585537,1.64000000,48408.87083364,6043.73638727,9994.17500512,10114.20652153,0.09785500,OPTIMAL_CVAR,0.00000000,0.00000000,1281.71057558,10800.00000000,833.33333333,833.33333333,0,cvar,True
result4-2,2025-03-17,45831.67419359,45831.67419359,0.00000000,0.00000000,74994.49213439,74994.49213439,0.00000000,37800.12129591,12800.07934560,10114.20652153,10484.56552550,0.08203580,OPTIMAL_CVAR,0.00000000,0.00000000,1423.55677842,10800.00000000,833.33333333,775.62738200,0,cvar,True
result4-2,2025-03-18,71833.88041154,36798.93143768,0.00000000,35034.94897385,58959.06330303,64713.01198838,5753.94868535,34932.51347502,89.35486667,10484.56552550,10314.37507350,0.07899610,OPTIMAL_CVAR,0.00000000,0.00000000,1200.00000000,10781.50003222,833.33333333,801.53041667,0,cvar,True
result4-2,2025-03-19,42291.10669619,42291.10669619,0.00000000,0.00000000,69565.86549294,69565.86549294,0.00000000,41289.48627928,5558.34105199,10314.37507350,10523.32803492,0.06297630,OPTIMAL_CVAR,0.00000000,0.00000000,1321.33417327,10800.00000000,833.33333333,823.44500000,0,cvar,True
result4-2,2025-03-20,45735.57683185,45043.82205453,0.00000000,691.75477731,72305.22264735,72439.01383169,133.79118434,41240.20181661,5919.52688970,10523.32803492,10504.66810806,0.07464590,OPTIMAL_CVAR,0.00000000,0.00000000,1200.00000000,10800.00000000,833.33333333,794.35711350,0,cvar,True
result4-2,2025-03-21,13318.64749360,11713.80083698,0.00000000,1604.84665663,30361.94318336,30879.24878679,517.30560343,39863.21173564,14799.39127334,10504.66810806,10365.75760496,0.05971640,OPTIMAL_CVAR,0.00000000,0.00000000,1200.00000000,10800.00000000,833.33333333,494.82500000,0,cvar,True
result4-2,2025-03-22,12473.25917276,12473.25917276,0.00000000,0.00000000,31132.67412749,31132.67412749,0.00000000,41584.83130494,10499.55178016,10365.75760496,10754.56981796,0.06264630,OPTIMAL_CVAR,0.00000000,0.00000000,1264.33145173,10800.00000000,833.33333333,468.61526667,0,cvar,True
result4-2,2025-03-23,44079.37712761,43710.83952823,0.00000000,368.53759937,71122.76495400,71181.22123116,58.45627716,43297.07177426,7821.32544334,10754.56981796,10800.00000000,0.08431400,OPTIMAL_CVAR,0.00000000,0.00000000,1200.00000000,10800.00000000,833.33333333,808.43860417,0,cvar,True
result4-2,2025-03-24,41689.86996228,40358.08400409,0.00000000,1331.78595819,66373.47848412,66589.71772966,216.23924554,42197.69573446,4406.76664569,10800.00000000,10553.49975090,0.07784480,OPTIMAL_CVAR,0.00000000,0.00000000,1200.00000000,10800.00000000,833.33333333,805.68500000,0,cvar,True
result4-2,2025-03-25,43214.81914916,41476.55727221,0.00000000,1738.26187695,67909.36237417,68227.05178281,317.68940865,44218.05576388,2729.24434760,10553.49975090,10458.98593170,0.08380160,OPTIMAL_CVAR,0.00000000,0.00000000,1200.00000000,10800.00000000,833.33333333,800.19250000,0,cvar,True
result4-2,2025-03-26,41513.79160742,41129.51508886,0.00000000,384.27651856,68033.76007665,68108.16628919,74.40621254,38092.63534372,8613.98320854,10458.98593170,10361.40057171,0.09552480,OPTIMAL_CVAR,0.00000000,0.00000000,1200.00000000,10800.00000000,833.33333333,765.81093250,0,cvar,True
result4-2,2025-03-27,40563.13164066,39707.99413198,0.00000000,855.13750868,64538.26498662,64710.72238749,172.45740088,35981.03520136,2297.46402205,10361.40057171,10280.20620460,0.09085720,OPTIMAL_CVAR,0.00000000,0.00000000,1200.00000000,10800.00000000,833.33333333,752.76764550,0,cvar,True
result4-2,2025-03-28,11941.21785182,11737.02918648,0.00000000,204.18866535,30177.70351819,30234.28114782,56.57762963,39290.44022629,15068.70233102,10280.20620460,10500.71166446,0.06173910,OPTIMAL_CVAR,0.00000000,0.00000000,1200.00000000,10800.00000000,833.33333333,483.87333333,0,cvar,True
result4-2,2025-03-29,13882.96099839,11487.96043144,0.00000000,2395.00056695,29887.62697647,30374.12606324,486.49908677,39915.74939629,18526.91737919,10500.71166446,10450.38205946,0.05875470,OPTIMAL_CVAR,0.00000000,0.00000000,1200.00000000,10800.00000000,833.33333333,482.24500000,0,cvar,True
result4-2,2025-03-30,43145.88360695,35248.52937725,0.00000000,7897.35422970,58389.22674464,59686.28985464,1297.06311001,40835.13691215,107.17149517,10450.38205946,10397.02459298,0.09017070,OPTIMAL_CVAR,0.00000000,0.00000000,1200.00000000,10659.12324007,833.33333333,758.58880767,0,cvar,True
result4-2,2025-03-31,38921.77840337,37512.98244710,0.00000000,1408.79595627,61787.55599616,62003.40466979,215.84867363,38805.08498164,866.77865432,10397.02459298,10509.42013557,0.07538260,OPTIMAL_CVAR,0.00000000,0.00000000,1200.00000000,10800.00000000,833.33333333,796.04708333,0,cvar,True
result4-2,2025-04-01,41536.83437544,41409.16019794,0.00000000,127.67417750,66944.04775255,66975.90258725,31.85483471,39261.82938216,2607.71476876,10509.42013557,10547.55964874,0.08459610,OPTIMAL_CVAR,0.00000000,0.00000000,1200.00000000,10800.00000000,833.33333333,772.03645000,0,cvar,True
result4-2,2025-04-02,46182.83792947,39042.53450149,0.00000000,7140.30342798,64602.04690321,65866.48382330,1264.43692009,44696.01577721,617.62817100,10547.55964874,10669.90890374,0.06727080,OPTIMAL_CVAR,0.00000000,0.00000000,1200.00000000,10669.90890374,833.33333333,788.41291667,0,cvar,True
result4-2,2025-04-03,40808.03016026,40808.03016026,0.00000000,0.00000000,67237.70209439,67237.70209439,0.00000000,40343.89090854,7079.17184360,10669.90890374,10730.24818075,0.08232880,OPTIMAL_CVAR,0.00000000,0.00000000,1296.17260327,10800.00000000,833.33333333,779.54625000,0,cvar,True
result4-2,2025-04-04,11179.43072783,11179.43072783,0.00000000,0.00000000,29316.11585524,29316.11585524,0.00000000,40085.27137136,18608.10098911,10730.24818075,10800.00000000,0.06030700,OPTIMAL_CVAR,0.00000000,0.00000000,1256.34373487,10800.00000000,833.33333333,503.50333333,0,cvar,True
result4-2,2025-04-05,11800.44530942,11533.20982787,0.00000000,267.23548155,29153.58344218,29206.40199768,52.81855550,38538.66463768,13251.08455607,10800.00000000,10664.96120463,0.06025190,OPTIMAL_CVAR,0.00000000,0.00000000,1200.00000000,10800.00000000,833.33333333,483.91773333,0,cvar,True
result4-2,2025-04-06,37215.83546360,36976.32901110,0.00000000,239.50645249,60931.09607098,60991.10856801,60.01249703,41019.62102789,2237.28915495,10664.96120463,10702.98737111,0.09417730,OPTIMAL_CVAR,0.00000000,0.00000000,1200.00000000,10800.00000000,833.33333333,772.53166667,0,cvar,True
result4-2,2025-04-07,38352.25009679,38352.25009679,0.00000000,0.00000000,63995.56442189,63995.56442189,0.00000000,38276.50614010,6737.99533610,10702.98737111,10699.84402435,0.09171040,OPTIMAL_CVAR,0.00000000,0.00000000,1391.99937766,10800.00000000,833.33333333,735.01901667,0,cvar,True
result4-2,2025-04-08,41172.35382569,38151.71952674,0.00000000,3020.63429896,65332.66667517,65800.13315488,467.46647970,38179.11130214,7531.80972366,10699.84402435,10606.70725598,0.07498680,OPTIMAL_CVAR,0.00000000,0.00000000,1200.00000000,10800.00000000,833.33333333,746.50500000,0,cvar,True
result4-2,2025-04-09,40695.15620759,38932.74419796,0.00000000,1762.41200963,64621.18801701,64902.21745063,281.02943362,38489.59948277,1891.77327923,10606.70725598,10441.58342727,0.08844790,OPTIMAL_CVAR,0.00000000,0.00000000,1200.00000000,10800.00000000,833.33333333,749.65525000,0,cvar,True
result4-2,2025-04-10,39515.02023951,38992.27532124,0.00000000,522.74491827,64235.86837854,64341.29273561,105.42435706,41870.64144343,5591.02943878,10441.58342727,10335.36125727,0.09499810,OPTIMAL_CVAR,0.00000000,0.00000000,1200.00000000,10800.00000000,833.33333333,759.60161667,0,cvar,True
result4-2,2025-04-11,10813.10327836,10812.01877107,0.00000000,1.08450729,28546.85236296,28547.12786336,0.27550039,39441.62390433,19239.04645265,10335.36125727,10185.68459610,0.05920800,OPTIMAL_CVAR,0.00000000,0.00000000,1200.00000000,10800.00000000,833.33333333,493.15333333,0,cvar,True
result4-2,2025-04-12,11405.84852075,11405.84852075,0.00000000,0.00000000,29029.45622563,29029.45622563,0.00000000,40644.45845748,15400.46435660,10185.68459610,10524.84436306,0.05803020,OPTIMAL_CVAR,0.00000000,0.00000000,1486.02111412,10800.00000000,833.33333333,476.15393333,0,cvar,True
result4-2,2025-04-13,37782.23901834,35441.82780699,0.00000000,2340.41121135,58736.80063312,59128.20964952,391.40901641,42265.30956048,482.45778856,10524.84436306,10457.17391696,0.08129190,OPTIMAL_CVAR,0.00000000,0.00000000,1200.00000000,10800.00000000,833.33333333,748.98000000,0,cvar,True
result4-2,2025-04-14,35030.38995206,35030.38995206,0.00000000,0.00000000,59393.86427741,59393.86427741,0.00000000,45037.02012947,1987.12836755,10457.17391696,10609.07425821,0.08715120,OPTIMAL_CVAR,0.00000000,0.00000000,1337.29556125,10800.00000000,833.33333333,759.31666667,0,cvar,True
result4-2,2025-04-15,36158.23659139,36158.23659139,0.00000000,0.00000000,61857.21532803,61857.21532803,0.00000000,37164.08220526,7626.71359181,10609.07425821,10800.00000000,0.08426900,OPTIMAL_CVAR,0.00000000,0.00000000,1385.73972640,10800.00000000,833.33333333,751.07358333,0,cvar,True
result4-2,2025-04-16,37034.98922355,36799.86882590,0.00000000,235.12039765,61274.89779512,61328.68868167,53.79088655,44642.09930160,862.90951217,10800.00000000,10800.00000000,0.07675370,OPTIMAL_CVAR,0.00000000,0.00000000,1200.00000000,10800.00000000,833.33333333,733.18886667,0,cvar,True
result4-2,2025-04-17,37453.68342733,37453.68342733,0.00000000,0.00000000,63607.29777864,63607.29777864,0.00000000,39276.92108814,6615.96371220,10800.00000000,10800.00000000,0.06498330,OPTIMAL_CVAR,0.00000000,0.00000000,1304.68042790,10800.00000000,833.33333333,750.87666667,0,cvar,True
result4-2,2025-04-18,10685.10562253,10685.10562253,0.00000000,0.00000000,28556.80888094,28556.80888094,0.00000000,39738.83732583,18031.21153633,10800.00000000,10800.00000000,0.06006650,OPTIMAL_CVAR,0.00000000,0.00000000,1405.29875564,10800.00000000,833.33333333,475.26000000,0,cvar,True
result4-2,2025-04-19,11041.21147830,10634.39142898,0.00000000,406.82004932,28019.98736811,28146.98804909,127.00068098,39581.72612852,17207.32097344,10800.00000000,10800.00000000,0.06018950,OPTIMAL_CVAR,0.00000000,0.00000000,1200.00000000,10800.00000000,833.33333333,475.26865000,0,cvar,True
result4-2,2025-04-20,34348.72560523,34348.72560523,0.00000000,0.00000000,57365.11325394,57365.11325394,0.00000000,42174.40676800,980.22069883,10800.00000000,10800.00000000,0.09070540,OPTIMAL_CVAR,0.00000000,0.00000000,1412.94501435,10800.00000000,833.33333333,721.54490000,0,cvar,True
result4-2,2025-04-21,34181.93935251,34181.93935251,0.00000000,0.00000000,58333.31772043,58333.31772043,0.00000000,38235.79280469,5802.70532998,10800.00000000,10800.00000000,0.08155360,OPTIMAL_CVAR,0.00000000,0.00000000,1471.27096758,10800.00000000,833.33333333,741.01655000,0,cvar,True
result4-2,2025-04-22,42498.31637851,33039.73888179,0.00000000,9458.57749672,54815.15959326,56374.94942915,1559.78983588,40023.81239845,123.60253300,10800.00000000,10696.45081286,0.07247650,OPTIMAL_CVAR,0.00000000,0.00000000,1200.00000000,10800.00000000,833.33333333,750.78666667,0,cvar,True
result4-2,2025-04-23,36894.08597595,36894.08597595,0.00000000,0.00000000,63100.25815545,63100.25815545,0.00000000,41600.50242366,7230.46077727,10696.45081286,10800.00000000,0.08122340,OPTIMAL_CVAR,0.00000000,0.00000000,1393.74684813,10800.00000000,833.33333333,746.91333333,0,cvar,True
result4-2,2025-04-24,35431.85244407,35431.85244407,0.00000000,0.00000000,60870.06233060,60870.06233060,0.00000000,42994.46738504,9266.72424764,10800.00000000,10800.00000000,0.09918970,OPTIMAL_CVAR,0.00000000,0.00000000,1264.07004763,10800.00000000,833.33333333,745.50166667,0,cvar,True
result4-2,2025-04-25,9812.70842897,9812.70842897,0.00000000,0.00000000,27504.80648394,27504.80648394,0.00000000,40478.78191466,21429.21404533,10800.00000000,10625.11466866,0.05350160,OPTIMAL_CVAR,0.00000000,0.00000000,1224.64024969,10800.00000000,833.33333333,490.20833333,0,cvar,True
result4-2,2025-04-26,12301.78085386,9970.68668728,0.00000000,2331.09416658,26563.57598945,27108.33854439,544.76255494,38245.10147906,23231.91338784,10625.11466866,10415.50898866,0.05178390,OPTIMAL_CVAR,0.00000000,0.00000000,1200.00000000,10800.00000000,833.33333333,484.13323333,0,cvar,True
result4-2,2025-04-27,35812.53875459,31752.19973407,0.00000000,4060.33902052,53429.93147574,54110.36410389,680.43262814,43014.84324074,1117.93084921,10415.50898866,10318.56517388,0.09032140,OPTIMAL_CVAR,0.00000000,0.00000000,1200.00000000,10800.00000000,833.33333333,733.86311667,0,cvar,True
result4-2,2025-04-28,63208.36292433,33365.54902055,0.00000000,29842.81390377,55808.54594215,60543.89711423,4735.35117208,34517.59608963,240.11187778,10318.56517388,10377.31360598,0.08591150,OPTIMAL_CVAR,0.00000000,0.00000000,1200.00000000,10660.68252968,833.33333333,730.89166667,0,cvar,True
result4-2,2025-04-29,36427.17665787,34571.54279111,0.00000000,1855.63386676,59797.21397226,60077.60622635,280.39225409,36526.24882343,8697.40601551,10377.31360598,10490.67931598,0.09623610,OPTIMAL_CVAR,0.00000000,0.00000000,1200.00000000,10800.00000000,833.33333333,748.99166667,0,cvar,True
result4-2,2025-04-30,32523.45227076,32523.45227076,0.00000000,0.00000000,55615.49137161,55615.49137161,0.00000000,41413.61948357,2903.15116783,10490.67931598,10599.48017300,0.07881250,OPTIMAL_CVAR,0.00000000,0.00000000,1288.85782602,10800.00000000,833.33333333,746.83783333,0,cvar,True
result4-2,2025-05-01,49946.55240621,32958.43277612,0.00000000,16988.11963010,54536.15762410,57275.55986039,2739.40223630,38863.82370656,2875.13160556,10599.48017300,9905.06517800,0.08117280,OPTIMAL_CVAR,0.00000000,0.00000000,1200.00000000,10800.00000000,833.33333333,819.61481667,0,cvar,True
result4-2,2025-05-02,23994.61662584,10915.87108097,0.00000000,13078.74554488,27258.85689456,29844.91325574,2586.05636118,40474.76733278,11892.98758333,9905.06517800,9314.67646855,0.06061950,OPTIMAL_CVAR,0.00000000,0.00000000,1200.00000000,10800.00000000,833.33333333,546.41555000,0,cvar,True
result4-2,2025-05-03,18222.67827511,10881.80694917,0.00000000,7340.87132593,27533.77656573,29159.24960952,1625.47304379,39056.25809363,16499.54601667,9314.67646855,9005.67301231,0.05261980,OPTIMAL_CVAR,0.00000000,0.00000000,1200.00000000,10800.00000000,833.33333333,572.50833333,0,cvar,True
result4-2,2025-05-04,41827.20695352,34714.75802141,0.00000000,7112.44893211,55701.73372265,56908.78787034,1207.05414769,39574.14436621,1494.36490336,9005.67301231,8528.60093861,0.07846750,OPTIMAL_CVAR,0.00000000,0.00000000,1200.00000000,10800.00000000,825.01833333,833.33333333,0,cvar,True
result4-2,2025-05-05,37732.48847233,37732.48847233,0.00000000,0.00000000,60441.28293577,60441.28293577,0.00000000,42276.48269786,1145.19401458,8528.60093861,8309.61034237,0.06776980,OPTIMAL_CVAR,0.00000000,0.00000000,1397.13453765,10800.00000000,833.33333333,815.62778333,0,cvar,True
result4-2,2025-05-06,41841.95071007,37844.00091712,0.00000000,3997.94979295,60211.90798268,60949.25351078,737.34552810,41399.22889947,5400.01962004,8309.61034237,6633.72743552,0.06405710,OPTIMAL_CVAR,0.00000000,0.00000000,1200.00000000,10800.00000000,833.33333333,814.26916667,0,cvar,True
result4-2,2025-05-07,49670.20253952,37372.69645373,0.00000000,12297.50608578,61404.96037730,63301.07628989,1896.11591259,39606.16709547,4423.52299231,6633.72743552,6283.94885273,0.08843740,OPTIMAL_CVAR,0.00000000,0.00000000,1200.00000000,10800.00000000,833.33333333,812.30166667,0,cvar,True
result4-2,2025-05-08,39440.15318445,39008.23995977,0.00000000,431.91322468,60219.59523420,60281.48516754,61.88993333,35013.07326061,372.37543890,6283.94885273,6693.40287790,0.08083630,OPTIMAL_CVAR,0.00000000,0.00000000,1719.03429640,10800.00000000,833.33333333,833.33333333,0,cvar,True
result4-2,2025-05-09,14275.77034315,14275.77034315,0.00000000,0.00000000,32513.11801676,32513.11801676,0.00000000,34083.04975635,18519.42847363,6693.40287790,8620.57522838,0.08563150,OPTIMAL_CVAR,0.00000000,0.00000000,1720.81623859,10800.00000000,833.33333333,560.79180000,0,cvar,True
result4-2,2025-05-10,14471.66114358,14471.66114358,0.00000000,0.00000000,31468.11059070,31468.11059070,0.00000000,35751.82202420,13622.12322993,8620.57522838,10603.51910369,0.05104710,OPTIMAL_CVAR,0.00000000,0.00000000,1493.17771749,10800.00000000,833.33333333,554.00495000,0,cvar,True
result4-2,2025-05-11,39035.41351796,38851.82525629,0.00000000,183.58826167,61448.05058679,61475.61225346,27.56166667,41741.18946427,1414.46598141,10603.51910369,10800.00000000,0.07159140,OPTIMAL_CVAR,0.00000000,0.00000000,1640.80132822,10800.00000000,833.33333333,833.33333333,0,cvar,True
result4-2,2025-05-12,39610.10603236,39610.10603236,0.00000000,0.00000000,63010.70292876,63010.70292876,0.00000000,32153.68131796,7704.25938028,10800.00000000,10800.00000000,0.06435350,OPTIMAL_CVAR,0.00000000,0.00000000,1926.01309351,10800.00000000,833.33333333,819.36453333,0,cvar,True
result4-2,2025-05-13,40875.13731215,40875.13731215,0.00000000,0.00000000,65176.82884781,65176.82884781,0.00000000,36528.02775933,8213.18222796,10800.00000000,10800.00000000,0.07022740,OPTIMAL_CVAR,0.00000000,0.00000000,1882.61459706,10800.00000000,833.33333333,816.64193333,0,cvar,True
result4-2,2025-05-14,41278.48122137,41278.48122137,0.00000000,0.00000000,66209.28114142,66209.28114142,0.00000000,39222.23159133,9077.88152806,10800.00000000,10800.00000000,0.05957660,OPTIMAL_CVAR,0.00000000,0.00000000,2241.75856178,10800.00000000,833.33333333,816.89833333,0,cvar,True
result4-2,2025-05-15,40780.87129824,40780.87129824,0.00000000,0.00000000,67329.06977578,67329.06977578,0.00000000,40985.02143450,10261.71642474,10800.00000000,10800.00000000,0.07081550,OPTIMAL_CVAR,0.00000000,0.00000000,1410.84689047,10800.00000000,833.33333333,792.80755000,0,cvar,True
result4-2,2025-05-16,14309.71100120,14309.71100120,0.00000000,0.00000000,31848.23502683,31848.23502683,0.00000000,35326.02990892,25424.47121024,10800.00000000,10800.00000000,0.04824260,OPTIMAL_CVAR,0.00000000,0.00000000,2266.02237262,10800.00000000,833.33333333,566.11333333,0,cvar,True
result4-2,2025-05-17,14103.94238897,14103.94238897,0.00000000,0.00000000,31294.17549954,31294.17549954,0.00000000,38971.29031315,16754.46748831,10800.00000000,10800.00000000,0.07330590,OPTIMAL_CVAR,0.00000000,0.00000000,1387.24426774,10800.00000000,833.33333333,593.32743333,0,cvar,True
result4-2,2025-05-18,38749.71618804,38749.71618804,0.00000000,0.00000000,61449.02915385,61449.02915385,0.00000000,35368.80877356,4060.11317155,10800.00000000,10800.00000000,0.09223650,OPTIMAL_CVAR,0.00000000,0.00000000,3315.23023970,10800.00000000,833.33333333,792.55666667,0,cvar,True
result4-2,2025-05-19,35875.19438360,35324.36492277,0.00000000,550.82946083,57616.37635756,57695.61285756,79.23650000,39346.48114692,6050.10270650,10800.00000000,10800.00000000,0.09767920,OPTIMAL_CVAR,0.00000000,0.00000000,1448.41966956,10800.00000000,833.33333333,833.33333333,0,cvar,True
result4-2,2025-05-20,38132.97793123,37687.90427214,0.00000000,445.07365908,62980.74975553,63052.26377312,71.51401759,39209.49756280,4668.38505410,10800.00000000,10539.12851463,0.10529780,OPTIMAL_CVAR,0.00000000,0.00000000,1200.00000000,10800.00000000,833.33333333,822.52078333,0,cvar,True
result4-2,2025-05-21,40464.15851509,40464.15851509,0.00000000,0.00000000,64423.81244080,64423.81244080,0.00000000,39028.43045462,8704.85988672,10539.12851463,10800.00000000,0.10213540,OPTIMAL_CVAR,0.00000000,0.00000000,2383.20767741,10800.00000000,833.33333333,788.30268333,0,cvar,True
result4-2,2025-05-22,37684.71647325,37684.71647325,0.00000000,0.00000000,60105.58674520,60105.58674520,0.00000000,37340.55050304,5369.22963264,10800.00000000,10800.00000000,0.10116630,OPTIMAL_CVAR,0.00000000,0.00000000,2544.99820268,10800.00000000,833.33333333,792.77270000,0,cvar,True
result4-2,2025-05-23,13206.32914780,12601.20626815,0.00000000,605.12287965,29437.55620041,29639.06880105,201.51260064,40222.12800958,18995.90758522,10800.00000000,10800.00000000,0.07317100,OPTIMAL_CVAR,0.00000000,0.00000000,1200.00000000,10800.00000000,833.33333333,551.31406667,0,cvar,True
result4-2,2025-05-24,13944.14392375,13944.14392375,0.00000000,0.00000000,31552.72403916,31552.72403916,0.00000000,39673.03829391,23633.64957525,10800.00000000,10800.00000000,0.05524950,OPTIMAL_CVAR,0.00000000,0.00000000,1214.48417093,10800.00000000,833.33333333,551.42843333,0,cvar,True
result4-2,2025-05-25,36578.04087288,34816.09750067,0.00000000,1761.94337221,56652.39218483,56942.89207574,290.49989091,40103.38769024,4188.13401332,10800.00000000,10800.00000000,0.09655940,OPTIMAL_CVAR,0.00000000,0.00000000,1200.00000000,10800.00000000,833.33333333,810.78935000,0,cvar,True
result4-2,2025-05-26,54131.70692968,35442.00373175,0.00000000,18689.70319793,56264.15277231,59226.49894121,2962.34616890,37195.53867252,855.46057623,10800.00000000,10686.07191852,0.07168450,OPTIMAL_CVAR,0.00000000,0.00000000,1200.00000000,10800.00000000,833.33333333,807.25199267,0,cvar,True
result4-2,2025-05-27,40696.66897408,40696.66897408,0.00000000,0.00000000,67152.17874711,67152.17874711,0.00000000,41887.44498884,13251.48819045,10686.07191852,10800.00000000,0.05877080,OPTIMAL_CVAR,0.00000000,0.00000000,1926.31632444,10800.00000000,833.33333333,796.28721667,0,cvar,True
result4-2,2025-05-28,37597.99248308,37597.99248308,0.00000000,0.00000000,58943.02385161,58943.02385161,0.00000000,37797.07131961,2701.55138104,10800.00000000,10800.00000000,0.08132630,OPTIMAL_CVAR,0.00000000,0.00000000,1212.40685419,10800.00000000,833.33333333,822.90560000,0,cvar,True
result4-2,2025-05-29,63384.07988584,33475.29289527,0.00000000,29908.78699056,53716.12373911,58467.43616742,4751.31242831,38820.40019278,282.24303393,10800.00000000,10800.00000000,0.10521810,OPTIMAL_CVAR,0.00000000,0.00000000,1200.00000000,10800.00000000,833.33333333,808.53833333,0,cvar,True
result4-2,2025-05-30,14096.70922144,14096.70922144,0.00000000,0.00000000,30987.01898050,30987.01898050,0.00000000,36861.37558990,20521.35954694,10800.00000000,10800.00000000,0.07404330,OPTIMAL_CVAR,0.00000000,0.00000000,1669.25173718,10800.00000000,833.33333333,532.51976667,0,cvar,True
result4-2,2025-05-31,12652.79283397,11658.34863701,0.00000000,994.44419696,28895.21207739,29219.14384368,323.93176629,39840.52141135,16647.80811238,10800.00000000,10800.00000000,0.07664820,OPTIMAL_CVAR,0.00000000,0.00000000,1200.00000000,10800.00000000,833.33333333,571.76063333,0,cvar,True
result4-2,2025-06-01,113907.58756234,42757.88459926,0.00000000,71149.70296308,62238.90823989,73466.18543806,11227.27719818,34817.15632050,0.00000000,10800.00000000,9378.66685500,0.09272490,OPTIMAL_CVAR,0.00000000,0.00000000,1200.00000000,10800.00000000,815.69630833,833.33333333,0,cvar,True
result4-2,2025-06-02,106356.02573196,40541.55749022,0.00000000,65814.46824174,61137.06965923,71169.31525342,10032.24559419,34129.60726182,227.31099150,9378.66685500,8090.07843824,0.11901570,OPTIMAL_CVAR,0.00000000,0.00000000,1200.00000000,9378.66685500,833.33333333,775.44382418,0,cvar,True
result4-2,2025-06-03,67212.25972251,48092.95249365,0.00000000,19119.30722886,70674.39328042,73534.74649763,2860.35321721,46207.31426954,438.26421667,8090.07843824,8144.00024324,0.05306640,OPTIMAL_CVAR,0.00000000,0.00000000,1200.00000000,10732.71189552,833.33333333,833.33333333,0,cvar,True
result4-2,2025-06-04,54473.87801948,50753.85904997,0.00000000,3720.01896951,74294.46734340,74837.21983304,542.75248965,40756.59690316,981.71105509,8144.00024324,8075.55324232,0.10952500,OPTIMAL_CVAR,0.00000000,0.00000000,1200.00000000,10254.40632352,833.33333333,833.33333333,0,cvar,True
result4-2,2025-06-05,53537.44027600,52673.46130027,0.00000000,863.97897572,75868.25858967,75992.54814651,124.28955683,42183.41013203,441.94600291,8075.55324232,8048.59565602,0.09586100,OPTIMAL_CVAR,0.00000000,0.00000000,1344.34124958,10800.00000000,833.33333333,833.33333333,0,cvar,True
result4-2,2025-06-06,22500.22381954,18883.56831095,0.00000000,3616.65550859,37171.56827559,37781.07399341,609.50571782,37841.94139346,3021.50479336,8048.59565602,7980.43438565,0.07051550,OPTIMAL_CVAR,0.00000000,0.00000000,1200.00000000,10800.00000000,833.33333333,662.16833333,0,cvar,True
result4-2,2025-06-07,21337.87764455,20107.04910038,0.00000000,1230.82854417,41028.92461394,41223.98677168,195.06215773,34926.02823698,6440.24482212,7980.43438565,7971.34479232,0.06403090,OPTIMAL_CVAR,0.00000000,0.00000000,1200.00000000,10800.00000000,833.33333333,659.94108333,0,cvar,True
result4-2,2025-06-08,69992.21006700,69992.21006700,0.00000000,0.00000000,101153.14218156,101153.14218156,0.00000000,34284.41337335,29556.27531557,7971.34479232,10800.00000000,0.08579880,OPTIMAL_CVAR,0.00000000,0.00000000,3054.51326192,10800.00000000,833.33333333,736.09900000,0,cvar,True
result4-2,2025-06-09,63582.30873333,63582.30873333,0.00000000,0.00000000,89692.06871925,89692.06871925,0.00000000,42828.20830390,14263.57721368,10800.00000000,10800.00000000,0.11266850,OPTIMAL_CVAR,0.00000000,0.00000000,2639.09254614,10800.00000000,833.33333333,758.68666667,0,cvar,True
result4-2,2025-06-10,62788.62970862,62788.62970862,0.00000000,0.00000000,88625.60871251,88625.60871251,0.00000000,39602.34718567,12850.01201217,10800.00000000,10800.00000000,0.09942610,OPTIMAL_CVAR,0.00000000,0.00000000,2822.63753185,10800.00000000,833.33333333,824.03210000,0,cvar,True
result4-2,2025-06-11,63713.06923572,63713.06923572,0.00000000,0.00000000,90120.61242114,90120.61242114,0.00000000,44167.33810363,9399.81569580,10800.00000000,10800.00000000,0.09050450,OPTIMAL_CVAR,0.00000000,0.00000000,1361.05504665,10800.00000000,833.33333333,727.03761667,0,cvar,True
result4-2,2025-06-12,66540.19680113,66540.19680113,0.00000000,0.00000000,93330.31341726,93330.31341726,0.00000000,36971.66380794,16996.91860077,10800.00000000,10800.00000000,0.11536090,OPTIMAL_CVAR,0.00000000,0.00000000,3256.57049207,10800.00000000,833.33333333,737.34805000,0,cvar,True
result4-2,2025-06-13,25644.97341040,25644.97341040,0.00000000,0.00000000,48007.81273743,48007.81273743,0.00000000,36650.49664158,15815.20933473,10800.00000000,10800.00000000,0.08379010,OPTIMAL_CVAR,0.00000000,0.00000000,3027.40797926,10800.00000000,833.33333333,637.93761667,0,cvar,True
result4-2,2025-06-14,28237.36758034,28237.36758034,0.00000000,0.00000000,54747.47282003,54747.47282003,0.00000000,27047.38673477,25714.90162826,10800.00000000,10800.00000000,0.06892200,OPTIMAL_CVAR,0.00000000,0.00000000,2824.97500389,10800.00000000,833.33333333,655.41496667,0,cvar,True
result4-2,2025-06-15,66698.70650760,66698.70650760,0.00000000,0.00000000,95321.51383983,95321.51383983,0.00000000,39616.34596071,20535.91755482,10800.00000000,10800.00000000,0.05423150,OPTIMAL_CVAR,0.00000000,0.00000000,3217.52268519,10800.00000000,833.33333333,763.95910000,0,cvar,True
result4-2,2025-06-16,63936.92937831,63936.92937831,0.00000000,0.00000000,89852.48609525,89852.48609525,0.00000000,37864.84784366,13183.67024527,10800.00000000,10800.00000000,0.07650870,OPTIMAL_CVAR,0.00000000,0.00000000,3108.76777582,10800.00000000,833.33333333,766.14166667,0,cvar,True
result4-2,2025-06-17,64566.67633781,64566.67633781,0.00000000,0.00000000,90338.22987308,90338.22987308,0.00000000,34946.70509379,12032.78000015,10800.00000000,10800.00000000,0.09931790,OPTIMAL_CVAR,0.00000000,0.00000000,2796.78225050,10800.00000000,833.33333333,737.06290000,0,cvar,True
result4-2,2025-06-18,71780.86274629,71780.86274629,0.00000000,0.00000000,100123.10918850,100123.10918850,0.00000000,34423.67896581,25581.18292745,10800.00000000,10800.00000000,0.10949420,OPTIMAL_CVAR,0.00000000,0.00000000,2903.80367857,10800.00000000,833.33333333,746.75666667,0,cvar,True
result4-2,2025-06-19,63060.00502031,63060.00502031,0.00000000,0.00000000,89647.62080343,89647.62080343,0.00000000,33122.02914075,17911.21851683,10800.00000000,10800.00000000,0.08851130,OPTIMAL_CVAR,0.00000000,0.00000000,2866.67241778,10800.00000000,833.33333333,772.71201667,0,cvar,True
result4-2,2025-06-20,24120.69375545,24120.69375545,0.00000000,0.00000000,45235.77149509,45235.77149509,0.00000000,34539.05428144,19209.54406306,10800.00000000,10800.00000000,0.08421660,OPTIMAL_CVAR,0.00000000,0.00000000,3270.23005842,10800.00000000,833.33333333,636.11500000,0,cvar,True
result4-2,2025-06-21,24780.88847807,24780.88847807,0.00000000,0.00000000,49059.40781966,49059.40781966,0.00000000,30573.87907380,26515.25469921,10800.00000000,10800.00000000,0.04911890,OPTIMAL_CVAR,0.00000000,0.00000000,3355.59582192,10800.00000000,833.33333333,667.49070000,0,cvar,True
result4-2,2025-06-22,54169.74132909,54169.74132909,0.00000000,0.00000000,78314.38322162,78314.38322162,0.00000000,46843.32568890,5939.78693881,10800.00000000,10800.00000000,0.05375590,OPTIMAL_CVAR,0.00000000,0.00000000,1306.32226387,10800.00000000,833.33333333,796.03666667,0,cvar,True
result4-2,2025-06-23,62066.54965160,62066.54965160,0.00000000,0.00000000,89255.05653663,89255.05653663,0.00000000,39782.12089300,18017.74679648,10800.00000000,10800.00000000,0.09678650,OPTIMAL_CVAR,0.00000000,0.00000000,2933.41972971,10800.00000000,833.33333333,745.14515000,0,cvar,True
result4-2,2025-06-24,64165.34198448,62151.00480078,0.00000000,2014.33718369,85614.66565359,85979.30617768,364.64052409,42236.14617913,5276.88532324,10800.00000000,10800.00000000,0.08431420,OPTIMAL_CVAR,0.00000000,0.00000000,1200.00000000,10800.00000000,833.33333333,754.42391667,0,cvar,True
result4-2,2025-06-25,64289.87978567,64289.87978567,0.00000000,0.00000000,91384.25138491,91384.25138491,0.00000000,37728.31790711,16986.39885672,10800.00000000,10800.00000000,0.08701870,OPTIMAL_CVAR,0.00000000,0.00000000,2684.49811407,10800.00000000,833.33333333,779.04816667,0,cvar,True
result4-2,2025-06-26,58745.30205598,58745.30205598,0.00000000,0.00000000,83639.35276729,83639.35276729,0.00000000,43953.50013483,11478.06560488,10800.00000000,10800.00000000,0.05309150,OPTIMAL_CVAR,0.00000000,0.00000000,3233.81580459,10800.00000000,833.33333333,775.59291667,0,cvar,True
result4-2,2025-06-27,21826.18741087,21826.18741087,0.00000000,0.00000000,42593.10880377,42593.10880377,0.00000000,34976.05907121,19149.94292410,10800.00000000,10800.00000000,0.06663420,OPTIMAL_CVAR,0.00000000,0.00000000,2686.47007544,10800.00000000,833.33333333,641.48833333,0,cvar,True
result4-2,2025-06-28,22746.15701713,22746.15701713,0.00000000,0.00000000,44852.71987329,44852.71987329,0.00000000,29509.82111806,19978.07772765,10800.00000000,10800.00000000,0.05593240,OPTIMAL_CVAR,0.00000000,0.00000000,2949.96273148,10800.00000000,833.33333333,628.01028333,0,cvar,True
result4-2,2025-06-29,65106.49004494,65106.49004494,0.00000000,0.00000000,93295.83990555,93295.83990555,0.00000000,37921.30643140,20047.38174683,10800.00000000,10800.00000000,0.05568690,OPTIMAL_CVAR,0.00000000,0.00000000,2750.45729500,10800.00000000,833.33333333,776.46370000,0,cvar,True
result4-2,2025-06-30,60480.68507013,60480.68507013,0.00000000,0.00000000,86345.60991333,86345.60991333,0.00000000,37229.97754473,12559.80674022,10800.00000000,10800.00000000,0.09421840,OPTIMAL_CVAR,0.00000000,0.00000000,3030.94378998,10800.00000000,833.33333333,750.26451667,0,cvar,True
result4-2,2025-07-01,70425.78546548,69040.14834830,0.00000000,1385.63711717,91160.30593469,91333.10895812,172.80302343,42735.43590389,8307.12110725,10800.00000000,10471.58916000,0.07772480,OPTIMAL_CVAR,0.00000000,0.00000000,1200.00000000,10800.00000000,833.33333333,833.33333333,0,cvar,True
result4-2,2025-07-02,62635.07862493,60761.67754614,0.00000000,1873.40107880,79738.49278530,79959.59601130,221.10322600,44313.07958922,2539.78376595,10471.58916000,10334.22689248,0.07367120,OPTIMAL_CVAR,0.00000000,0.00000000,1227.59477248,10800.00000000,833.33333333,833.33333333,0,cvar,True
result4-2,2025-07-03,91212.73265058,60802.54708132,0.00000000,30410.18556926,79610.56881800,83872.45784741,4261.88902941,39555.57749855,54.97605879,10334.22689248,10238.51802767,0.06743410,OPTIMAL_CVAR,0.00000000,0.00000000,1200.00000000,10334.22689248,833.33333333,833.33333333,0,cvar,True
result4-2,2025-07-04,34874.49768609,22931.09469064,0.00000000,11943.40299545,39741.26295444,42952.27085904,3211.00790460,38942.63796430,10383.97376800,10238.51802767,9835.82158706,0.05542540,OPTIMAL_CVAR,0.00000000,0.00000000,1200.00000000,10800.00000000,833.33333333,779.20833333,0,cvar,True
result4-2,2025-07-05,35357.84074162,23276.64205635,0.00000000,12081.19868527,41441.90734079,44861.28592082,3419.37858004,39770.99844448,12047.62428982,9835.82158706,9683.70664706,0.05418480,OPTIMAL_CVAR,0.00000000,0.00000000,1200.00000000,10800.00000000,833.33333333,741.97653333,0,cvar,True
result4-2,2025-07-06,73490.35153218,66442.74931976,0.00000000,7047.60221242,88724.64397664,89567.77822706,843.13425042,50773.83411861,4636.98490218,9683.70664706,9489.59599706,0.08296740,OPTIMAL_CVAR,0.00000000,0.00000000,1200.00000000,10800.00000000,833.33333333,833.33333333,0,cvar,True
result4-2,2025-07-07,66989.41324105,62332.27845313,0.00000000,4657.13478792,82109.70978822,82894.54461178,784.83482357,41390.55710296,5347.14561884,9489.59599706,9281.49739706,0.06722770,OPTIMAL_CVAR,0.00000000,0.00000000,1200.00000000,10800.00000000,833.33333333,833.33333333,0,cvar,True
result4-2,2025-07-08,63642.04276823,63642.04276823,0.00000000,0.00000000,81068.28373430,81068.28373430,0.00000000,41686.65994422,359.87653250,9281.49739706,10046.79803356,0.08454190,OPTIMAL_CVAR,0.00000000,0.00000000,2082.95286261,10343.11664057,833.33333333,790.29463333,0,cvar,True
result4-2,2025-07-09,69856.42059543,69856.42059543,0.00000000,0.00000000,91658.60433514,91658.60433514,0.00000000,37732.69372712,12889.94818712,10046.79803356,10800.00000000,0.10468740,OPTIMAL_CVAR,0.00000000,0.00000000,3005.91441185,10800.00000000,833.33333333,794.07726250,0,cvar,True
result4-2,2025-07-10,70538.51104676,70538.51104676,0.00000000,0.00000000,94091.47203617,94091.47203617,0.00000000,38634.58487334,17182.28449486,10800.00000000,10800.00000000,0.08872030,OPTIMAL_CVAR,0.00000000,0.00000000,2187.42571579,10800.00000000,833.33333333,807.06980817,0,cvar,True
result4-2,2025-07-11,32202.87476371,30692.18450938,0.00000000,1510.69025432,49850.80944774,50295.68372839,444.87428065,42586.99015273,13306.44904855,10800.00000000,10800.00000000,0.05448620,OPTIMAL_CVAR,0.00000000,0.00000000,1200.00000000,10800.00000000,833.33333333,740.92506667,0,cvar,True
result4-2,2025-07-12,32761.92654892,32761.92654892,0.00000000,0.00000000,54144.17556838,54144.17556838,0.00000000,32840.00232966,19612.63917282,10800.00000000,10800.00000000,0.06299050,OPTIMAL_CVAR,0.00000000,0.00000000,2817.40860963,10800.00000000,833.33333333,716.19871667,0,cvar,True
result4-2,2025-07-13,76105.07442646,76105.07442646,0.00000000,0.00000000,104121.70446674,104121.70446674,0.00000000,36237.89643147,31050.00598830,10800.00000000,10800.00000000,0.07655010,OPTIMAL_CVAR,0.00000000,0.00000000,3074.44051443,10800.00000000,833.33333333,761.53507050,0,cvar,True
result4-2,2025-07-14,61326.02007080,58576.14184851,0.00000000,2749.87822228,79932.38331624,80326.82513496,394.44181872,40829.91223106,4259.72582443,10800.00000000,10773.25947000,0.09910440,OPTIMAL_CVAR,0.00000000,0.00000000,1200.00000000,10800.00000000,833.33333333,833.33333333,0,cvar,True
result4-2,2025-07-15,62324.78011612,62324.78011612,0.00000000,0.00000000,82082.14564819,82082.14564819,0.00000000,43406.27492618,4750.04247371,10773.25947000,10800.00000000,0.07642630,OPTIMAL_CVAR,0.00000000,0.00000000,2847.31457019,10800.00000000,833.33333333,803.45515133,0,cvar,True
result4-2,2025-07-16,72632.53204669,72632.53204669,0.00000000,0.00000000,96039.50879011,96039.50879011,0.00000000,37478.97788356,19970.68805988,10800.00000000,10800.00000000,0.07867970,OPTIMAL_CVAR,0.00000000,0.00000000,2574.66966481,10800.00000000,833.33333333,817.88636483,0,cvar,True
result4-2,2025-07-17,61277.21610639,60875.89774226,0.00000000,401.31836412,82299.18030508,82347.43472174,48.25441667,45051.77258854,4967.55109998,10800.00000000,10729.88860162,0.08536960,OPTIMAL_CVAR,0.00000000,0.00000000,1426.52560962,10800.00000000,833.33333333,833.33333333,0,cvar,True
result4-2,2025-07-18,31100.46280137,31100.46280137,0.00000000,0.00000000,52920.07724763,52920.07724763,0.00000000,35627.98179873,17836.15121456,10729.88860162,10800.00000000,0.07425700,OPTIMAL_CVAR,0.00000000,0.00000000,2894.36246352,10800.00000000,833.33333333,738.77500000,0,cvar,True
result4-2,2025-07-19,32438.98527491,32438.98527491,0.00000000,0.00000000,56049.49994487,56049.49994487,0.00000000,32952.40876348,25407.58826224,10800.00000000,10800.00000000,0.07126860,OPTIMAL_CVAR,0.00000000,0.00000000,2589.48683278,10800.00000000,833.33333333,729.07925433,0,cvar,True
result4-2,2025-07-20,66633.19573619,66633.19573619,0.00000000,0.00000000,89049.92742174,89049.92742174,0.00000000,40855.58652958,12671.24122683,10800.00000000,10800.00000000,0.08143910,OPTIMAL_CVAR,0.00000000,0.00000000,2618.00487296,10800.00000000,833.33333333,764.36161667,0,cvar,True
result4-2,2025-07-21,64542.88304495,64542.88304495,0.00000000,0.00000000,83987.21641584,83987.21641584,0.00000000,44476.53579729,5328.65944071,10800.00000000,10800.00000000,0.05481310,OPTIMAL_CVAR,0.00000000,0.00000000,2356.01707589,10800.00000000,833.33333333,737.65846667,0,cvar,True
result4-2,2025-07-22,71844.40065119,71844.40065119,0.00000000,0.00000000,95957.62332281,95957.62332281,0.00000000,36446.91826107,18336.55910967,10800.00000000,10800.00000000,0.08137170,OPTIMAL_CVAR,0.00000000,0.00000000,2419.63274444,10800.00000000,833.33333333,795.98934983,0,cvar,True
result4-2,2025-07-23,60253.10417448,58899.87094424,0.00000000,1353.23323025,79667.65690663,79878.98887135,211.33196472,51853.41223869,257.75397095,10800.00000000,10761.29809066,0.10458940,OPTIMAL_CVAR,0.00000000,0.00000000,1200.00000000,10800.00000000,833.33333333,833.33333333,0,cvar,True
result4-2,2025-07-24,63705.95031498,63705.95031498,0.00000000,0.00000000,83793.48010279,83793.48010279,0.00000000,40011.73927205,5938.39268925,10761.29809066,10800.00000000,0.07997610,OPTIMAL_CVAR,0.00000000,0.00000000,2167.64827145,10800.00000000,833.33333333,776.63347367,0,cvar,True
result4-2,2025-07-25,30577.00137300,30577.00137300,0.00000000,0.00000000,51646.59797450,51646.59797450,0.00000000,35384.60743872,21426.87210211,10800.00000000,10800.00000000,0.07404210,OPTIMAL_CVAR,0.00000000,0.00000000,2833.14671074,10800.00000000,833.33333333,714.62075000,0,cvar,True
result4-2,2025-07-26,30847.47618451,30847.47618451,0.00000000,0.00000000,52150.05940501,52150.05940501,0.00000000,36167.29881987,19884.40055891,10800.00000000,10800.00000000,0.06360400,OPTIMAL_CVAR,0.00000000,0.00000000,2582.54602130,10800.00000000,833.33333333,730.47403333,0,cvar,True
result4-2,2025-07-27,73364.55743951,73364.55743951,0.00000000,0.00000000,98523.44457152,98523.44457152,0.00000000,42743.58773658,20351.35882127,10800.00000000,10800.00000000,0.05594090,OPTIMAL_CVAR,0.00000000,0.00000000,2659.50666796,10800.00000000,833.33333333,828.33500000,0,cvar,True
result4-2,2025-07-28,68910.92308745,68910.92308745,0.00000000,0.00000000,90855.20058405,90855.20058405,0.00000000,38601.55327048,8848.22659857,10800.00000000,10800.00000000,0.07011490,OPTIMAL_CVAR,0.00000000,0.00000000,2327.95478852,10800.00000000,833.33333333,816.64975000,0,cvar,True
result4-2,2025-07-29,65195.35832262,65195.35832262,0.00000000,0.00000000,85504.56924974,85504.56924974,0.00000000,41261.86380944,5103.96743024,10800.00000000,10800.00000000,0.08060950,OPTIMAL_CVAR,0.00000000,0.00000000,2518.80930174,10800.00000000,833.33333333,798.99257983,0,cvar,True
result4-2,2025-07-30,65779.04126186,65779.04126186,0.00000000,0.00000000,86586.24555704,86586.24555704,0.00000000,42794.76836596,7990.72300454,10800.00000000,10800.00000000,0.06533510,OPTIMAL_CVAR,0.00000000,0.00000000,3075.27559093,10800.00000000,833.33333333,746.72000000,0,cvar,True
result4-2,2025-07-31,69281.44067469,69281.44067469,0.00000000,0.00000000,91706.25582563,91706.25582563,0.00000000,39657.57643326,12848.30954663,10800.00000000,10800.00000000,0.08279740,OPTIMAL_CVAR,0.00000000,0.00000000,2725.59696204,10800.00000000,833.33333333,743.09103333,0,cvar,True
result4-2,2025-08-01,29502.76863374,29502.76863374,0.00000000,0.00000000,50087.16274939,50087.16274939,0.00000000,33993.84432040,25267.38848555,10800.00000000,10800.00000000,0.06023340,OPTIMAL_CVAR,0.00000000,0.00000000,2711.60319918,10800.00000000,833.33333333,725.08333333,0,cvar,True
result4-2,2025-08-02,28794.89634099,28794.89634099,0.00000000,0.00000000,49058.38439377,49058.38439377,0.00000000,37155.17806689,24231.09214954,10800.00000000,10800.00000000,0.05548420,OPTIMAL_CVAR,0.00000000,0.00000000,2660.27642537,10800.00000000,833.33333333,720.14000000,0,cvar,True
result4-2,2025-08-03,68380.52319624,68380.52319624,0.00000000,0.00000000,95419.87590736,95419.87590736,0.00000000,35340.91684944,28870.57592325,10800.00000000,10800.00000000,0.06153700,OPTIMAL_CVAR,0.00000000,0.00000000,2225.47474889,10800.00000000,833.33333333,767.61924633,0,cvar,True
result4-2,2025-08-04,58317.26139537,58317.26139537,0.00000000,0.00000000,77973.26355156,77973.26355156,0.00000000,44689.20950665,7866.47597858,10800.00000000,10800.00000000,0.05541270,OPTIMAL_CVAR,0.00000000,0.00000000,1791.76617712,10800.00000000,833.33333333,827.59246683,0,cvar,True
result4-2,2025-08-05,66584.79703649,66584.79703649,0.00000000,0.00000000,91552.78849239,91552.78849239,0.00000000,35125.68463600,22713.25219506,10800.00000000,10800.00000000,0.07179780,OPTIMAL_CVAR,0.00000000,0.00000000,2808.75097852,10800.00000000,833.33333333,795.79943717,0,cvar,True
result4-2,2025-08-06,59319.52262407,56781.25429387,0.00000000,2538.26833020,77489.04837911,77814.36049465,325.31211555,41168.98622386,5633.87500338,10800.00000000,10543.06038000,0.08521010,OPTIMAL_CVAR,0.00000000,0.00000000,1200.00000000,10800.00000000,833.33333333,805.28912483,0,cvar,True
result4-2,2025-08-07,60954.28658116,60954.28658116,0.00000000,0.00000000,81135.60142146,81135.60142146,0.00000000,36459.84313419,13664.81975627,10543.06038000,10800.00000000,0.09012440,OPTIMAL_CVAR,0.00000000,0.00000000,2996.02707093,10800.00000000,833.33333333,739.73756333,0,cvar,True
result4-2,2025-08-08,27443.58384687,27443.58384687,0.00000000,0.00000000,47931.78498268,47931.78498268,0.00000000,34857.55876314,28497.53297854,10800.00000000,10800.00000000,0.05398040,OPTIMAL_CVAR,0.00000000,0.00000000,2653.69505259,10800.00000000,833.33333333,720.26551667,0,cvar,True
result4-2,2025-08-09,27767.38366044,27767.38366044,0.00000000,0.00000000,46312.16637507,46312.16637507,0.00000000,40650.01678833,23123.10854093,10800.00000000,10800.00000000,0.05227010,OPTIMAL_CVAR,0.00000000,0.00000000,1600.68584353,10800.00000000,833.33333333,700.32166667,0,cvar,True
result4-2,2025-08-10,53507.71857018,52950.65786828,0.00000000,557.06070190,71324.66774033,71393.13265825,68.46491792,48033.18347500,1046.35622689,10800.00000000,10800.00000000,0.09363960,OPTIMAL_CVAR,0.00000000,0.00000000,1200.00000000,10800.00000000,833.33333333,811.86043167,0,cvar,True
result4-2,2025-08-11,59375.10793451,59375.10793451,0.00000000,0.00000000,81029.94070554,81029.94070554,0.00000000,40967.05172046,12168.27862807,10800.00000000,10800.00000000,0.06953120,OPTIMAL_CVAR,0.00000000,0.00000000,2518.13641222,10800.00000000,833.33333333,832.84340983,0,cvar,True
result4-2,2025-08-12,62583.13947246,62530.34113912,0.00000000,52.79833333,84634.76667014,84641.35000347,6.58333333,45537.80761789,12100.59450408,10800.00000000,10800.00000000,0.06300180,OPTIMAL_CVAR,0.00000000,0.00000000,2294.93616074,10800.00000000,833.33333333,833.33333333,0,cvar,True
result4-2,2025-08-13,65268.80540869,65268.80540869,0.00000000,0.00000000,89574.02532316,89574.02532316,0.00000000,36381.35683033,19634.00841583,10800.00000000,10800.00000000,0.07052060,OPTIMAL_CVAR,0.00000000,0.00000000,2265.24479000,10800.00000000,833.33333333,769.50061250,0,cvar,True
result4-2,2025-08-14,60578.66211332,60578.66211332,0.00000000,0.00000000,81755.61419871,81755.61419871,0.00000000,41361.10552620,11487.54970710,10800.00000000,10800.00000000,0.06754390,OPTIMAL_CVAR,0.00000000,0.00000000,2080.12657926,10800.00000000,833.33333333,782.13066550,0,cvar,True
result4-2,2025-08-15,25105.46846329,22609.79890470,0.00000000,2495.66955859,40387.03356382,41075.58874038,688.55517656,43552.22930677,19518.20319390,10800.00000000,10624.91034000,0.07137260,OPTIMAL_CVAR,0.00000000,0.00000000,1200.00000000,10800.00000000,833.33333333,707.02603333,0,cvar,True
result4-2,2025-08-16,29366.69637344,29366.69637344,0.00000000,0.00000000,50298.76892440,50298.76892440,0.00000000,32055.20012817,29830.45573323,10624.91034000,10800.00000000,0.05142170,OPTIMAL_CVAR,0.00000000,0.00000000,2627.72141148,10800.00000000,833.33333333,731.89500000,0,cvar,True
result4-2,2025-08-17,62142.25558947,55922.37738261,0.00000000,6219.87820687,72086.75685275,73236.98207654,1150.22522379,43582.41251037,5496.63908033,10800.00000000,10800.00000000,0.06184640,OPTIMAL_CVAR,0.00000000,0.00000000,1200.00000000,10800.00000000,833.33333333,821.45421833,0,cvar,True
result4-2,2025-08-18,59721.56257620,59721.56257620,0.00000000,0.00000000,81021.12855649,81021.12855649,0.00000000,39270.38127173,12504.70772346,10800.00000000,10800.00000000,0.08767900,OPTIMAL_CVAR,0.00000000,0.00000000,2157.25618944,10800.00000000,833.33333333,815.10041833,0,cvar,True
result4-2,2025-08-19,53218.70126143,52550.51626981,0.00000000,668.18499162,71139.11265928,71217.34769578,78.23503650,41904.68850533,2500.85294080,10800.00000000,10800.00000000,0.10734200,OPTIMAL_CVAR,0.00000000,0.00000000,1336.72735518,10800.00000000,833.33333333,833.33333333,0,cvar,True
result4-2,2025-08-20,67921.68826388,54474.79637214,0.00000000,13446.89189173,73356.98545511,75505.21621317,2148.23075806,46384.02304790,300.78279494,10800.00000000,10482.94959846,0.10988900,OPTIMAL_CVAR,0.00000000,0.00000000,1200.00000000,10800.00000000,833.33333333,833.33333333,0,cvar,True
result4-2,2025-08-21,63711.68008562,63711.68008562,0.00000000,0.00000000,85734.36896443,85734.36896443,0.00000000,32352.69198807,16178.51280127,10482.94959846,10800.00000000,0.07561740,OPTIMAL_CVAR,0.00000000,0.00000000,2979.56884093,10800.00000000,833.33333333,737.13070583,0,cvar,True
result4-2,2025-08-22,27057.00898665,27057.00898665,0.00000000,0.00000000,46776.58127953,46776.58127953,0.00000000,35590.75047944,21809.96624909,10800.00000000,10800.00000000,0.06142400,OPTIMAL_CVAR,0.00000000,0.00000000,2209.40021926,10800.00000000,833.33333333,751.17333333,0,cvar,True
result4-2,2025-08-23,29276.03921283,29276.03921283,0.00000000,0.00000000,51288.15237479,51288.15237479,0.00000000,35347.06604921,25047.68072791,10800.00000000,10800.00000000,0.08322630,OPTIMAL_CVAR,0.00000000,0.00000000,2884.26017426,10800.00000000,833.33333333,693.40333333,0,cvar,True
result4-2,2025-08-24,65655.48910336,65655.48910336,0.00000000,0.00000000,91534.11434817,91534.11434817,0.00000000,42354.21755306,23354.50202777,10800.00000000,10800.00000000,0.07219930,OPTIMAL_CVAR,0.00000000,0.00000000,2890.38237648,10800.00000000,833.33333333,793.67724817,0,cvar,True
result4-2,2025-08-25,60941.99463959,60941.99463959,0.00000000,0.00000000,80426.66759044,80426.66759044,0.00000000,43795.86170007,5056.22492570,10800.00000000,10800.00000000,0.08158180,OPTIMAL_CVAR,0.00000000,0.00000000,1990.39056856,10800.00000000,833.33333333,814.33050367,0,cvar,True
result4-2,2025-08-26,61635.16606917,61635.16606917,0.00000000,0.00000000,82059.72799806,82059.72799806,0.00000000,38168.51574112,12524.26984079,10800.00000000,10800.00000000,0.06757540,OPTIMAL_CVAR,0.00000000,0.00000000,2654.25374074,10800.00000000,833.33333333,749.91153333,0,cvar,True
result4-2,2025-08-27,62575.95417696,62575.95417696,0.00000000,0.00000000,84774.81517754,84774.81517754,0.00000000,39831.58797530,12679.44989357,10800.00000000,10800.00000000,0.06131180,OPTIMAL_CVAR,0.00000000,0.00000000,2467.08026778,10800.00000000,833.33333333,766.63871350,0,cvar,True
result4-2,2025-08-28,57403.84738824,55213.06824965,0.00000000,2190.77913859,75652.63726177,75951.64386993,299.00660815,42952.15896158,797.81672635,10800.00000000,10676.56000407,0.08585960,OPTIMAL_CVAR,0.00000000,0.00000000,1200.00000000,10800.00000000,833.33333333,833.33333333,0,cvar,True
result4-2,2025-08-29,28743.57715190,28743.57715190,0.00000000,0.00000000,49041.25893529,49041.25893529,0.00000000,38188.35593308,22354.55813227,10676.56000407,10800.00000000,0.07270880,OPTIMAL_CVAR,0.00000000,0.00000000,3068.40718364,10800.00000000,833.33333333,729.15323333,0,cvar,True
result4-2,2025-08-30,28807.21779769,28807.21779769,0.00000000,0.00000000,48585.41607879,48585.41607879,0.00000000,39681.22942078,25907.26332284,10800.00000000,10800.00000000,0.07011720,OPTIMAL_CVAR,0.00000000,0.00000000,2567.21833037,10800.00000000,833.33333333,697.18801667,0,cvar,True
result4-2,2025-08-31,63991.46451349,63991.46451349,0.00000000,0.00000000,88375.52731356,88375.52731356,0.00000000,35330.32733867,18020.19583556,10800.00000000,10800.00000000,0.07582740,OPTIMAL_CVAR,0.00000000,0.00000000,2358.26519019,10800.00000000,833.33333333,789.28958333,0,cvar,True
result4-2,2025-09-01,82057.38957003,82057.38957003,0.00000000,0.00000000,120504.07744437,120504.07744437,0.00000000,16018.20043569,65248.47435702,10800.00000000,10800.00000000,0.05466150,OPTIMAL_CVAR,0.00000000,0.00000000,6073.83188519,10800.00000000,833.33333333,540.41331667,0,cvar,True
result4-2,2025-09-02,54210.54885256,36207.66207892,0.00000000,18002.88677364,56444.68739928,59673.07728776,3228.38988847,53390.47102614,163.78217700,10800.00000000,10646.16475944,0.08400420,OPTIMAL_CVAR,0.00000000,0.00000000,1200.00000000,10800.00000000,833.33333333,833.33333333,0,cvar,True
result4-2,2025-09-03,51381.30757787,38992.91136428,0.00000000,12388.39621359,59647.20515369,61637.85642300,1990.65126931,40345.04776452,1912.60956015,10646.16475944,10588.25893944,0.08783310,OPTIMAL_CVAR,0.00000000,0.00000000,1200.00000000,10800.00000000,833.33333333,821.72781617,0,cvar,True
result4-2,2025-09-04,41117.76955832,40756.99794105,0.00000000,360.77161727,62513.49797771,62574.98440587,61.48642817,45525.47437270,3815.65528968,10588.25893944,10643.41000833,0.09865020,OPTIMAL_CVAR,0.00000000,0.00000000,1211.22274389,10800.00000000,833.33333333,833.33333333,0,cvar,True
result4-2,2025-09-05,15251.14290726,15251.14290726,0.00000000,0.00000000,33677.16629415,33677.16629415,0.00000000,38485.16103437,22935.22992111,10643.41000833,10520.52702056,0.07961090,OPTIMAL_CVAR,0.00000000,0.00000000,1218.39548722,10800.00000000,833.33333333,588.75833333,0,cvar,True
result4-2,2025-09-06,26014.82224900,26014.82224900,0.00000000,0.00000000,51488.39741535,51488.39741535,0.00000000,27773.27936705,40573.95766964,10520.52702056,10800.00000000,0.05294640,OPTIMAL_CVAR,0.00000000,0.00000000,5414.21781919,10800.00000000,833.33333333,572.22136667,0,cvar,True
result4-2,2025-09-07,40526.07878912,38909.97801544,0.00000000,1616.10077367,60545.03763045,60813.31087660,268.27324615,48318.88948858,1160.84612338,10800.00000000,10417.21769685,0.05501540,OPTIMAL_CVAR,0.00000000,0.00000000,1200.00000000,10800.00000000,833.33333333,833.33333333,0,cvar,True
result4-2,2025-09-08,103385.79808279,31340.95851813,0.00000000,72044.83956466,50000.22421900,61784.03206519,11783.80784619,35910.75375614,0.00000000,10417.21769685,9028.36990185,0.06635630,OPTIMAL_CVAR,0.00000000,0.00000000,1200.00000000,10459.62061981,817.03383333,761.28375000,0,cvar,True
result4-2,2025-09-09,43627.91442370,42975.97657519,0.00000000,651.93784851,66892.51545675,66994.33584658,101.82038983,43365.31955788,9330.03325837,9028.36990185,9037.72931630,0.06923520,OPTIMAL_CVAR,0.00000000,0.00000000,1200.00000000,10800.00000000,833.33333333,833.33333333,0,cvar,True
result4-2,2025-09-10,81337.60349985,38639.54659498,0.00000000,42698.05690487,58254.79271391,65331.52433211,7076.73161821,36035.29951906,163.25493333,9037.72931630,9107.67550889,0.06322340,OPTIMAL_CVAR,0.00000000,0.00000000,1200.00000000,10331.16273500,833.33333333,833.33333333,0,cvar,True
result4-2,2025-09-11,47790.47218889,43801.01372797,0.00000000,3989.45846092,69520.35452770,70186.06811198,665.71358427,40322.61894422,12538.60878588,9107.67550889,9025.83579389,0.06521290,OPTIMAL_CVAR,0.00000000,0.00000000,1200.00000000,10800.00000000,833.33333333,833.33333333,0,cvar,True
result4-2,2025-09-12,15980.62653372,14784.47472515,0.00000000,1196.15180857,32630.39734896,33021.14625063,390.74890167,37083.19718071,17688.36190042,9025.83579389,8913.63273141,0.06208440,OPTIMAL_CVAR,0.00000000,0.00000000,1200.00000000,10800.00000000,833.33333333,583.22231667,0,cvar,True
result4-2,2025-09-13,41705.44867692,9026.98179560,0.00000000,32678.46688132,23594.08859819,30971.53645286,7377.44785467,35485.89704652,20597.94530000,8913.63273141,7547.53598864,0.05520620,OPTIMAL_CVAR,0.00000000,0.00000000,1200.00000000,10800.00000000,833.33333333,534.39746667,0,cvar,True
result4-2,2025-09-14,72569.63264971,36194.60765322,0.00000000,36375.02499649,53597.37098896,59233.56508592,5636.19409696,33220.32439277,17.22886667,7547.53598864,3153.05216904,0.07263080,OPTIMAL_CVAR,0.00000000,0.00000000,1200.00000000,8711.11929722,833.33333333,833.33333333,0,cvar,True
result4-2,2025-09-15,47248.71941810,45966.29079505,0.00000000,1282.42862305,71355.26506007,71552.49250641,197.22744633,36099.76761685,12514.88953218,3153.05216904,3335.15221893,0.07659580,OPTIMAL_CVAR,0.00000000,0.00000000,1200.00000000,10800.00000000,833.33333333,817.51708333,0,cvar,True
result4-2,2025-09-16,43953.92516854,43921.25935019,0.00000000,32.66581835,65183.73014201,65188.58462534,4.85448333,38399.75483073,1982.60665268,3335.15221893,3016.68724274,0.08786210,OPTIMAL_CVAR,0.00000000,0.00000000,1280.25282222,10800.00000000,833.33333333,833.33333333,0,cvar,True
result4-2,2025-09-17,44753.96047965,44753.96047965,0.00000000,0.00000000,69176.06858512,69176.06858512,0.00000000,42216.71723691,4764.31560021,3016.68724274,3036.84408922,0.07073240,OPTIMAL_CVAR,0.00000000,0.00000000,1255.52283259,10800.00000000,833.33333333,813.41036667,0,cvar,True
result4-2,2025-09-18,45508.44653314,44731.29197447,0.00000000,777.15455867,68994.73934095,69133.45373435,138.71439340,38653.43085851,6148.07844285,3036.84408922,3008.46902996,0.10601800,OPTIMAL_CVAR,0.00000000,0.00000000,1200.00000000,10800.00000000,833.33333333,833.33333333,0,cvar,True
result4-2,2025-09-19,15324.23975414,14849.58289604,0.00000000,474.65685810,32542.52277710,32683.67732796,141.15455087,32700.47617952,12963.12640000,3008.46902996,3196.05737015,0.06708160,OPTIMAL_CVAR,0.00000000,0.00000000,1200.00000000,10800.00000000,833.33333333,545.18816667,0,cvar,True
result4-2,2025-09-20,17627.14822473,14621.47660405,0.00000000,3005.67162068,32862.16066116,33704.53250483,842.37184367,34310.28387739,13979.28721449,3196.05737015,3676.89347097,0.05932010,OPTIMAL_CVAR,0.00000000,0.00000000,1200.00000000,10800.00000000,833.33333333,558.50600000,0,cvar,True
result4-2,2025-09-21,46893.87398721,46628.01141503,0.00000000,265.86257218,71405.65016697,71460.46187955,54.81171258,38903.23693986,8606.79194986,3676.89347097,4161.99080949,0.08551860,OPTIMAL_CVAR,0.00000000,0.00000000,1200.00000000,10800.00000000,833.33333333,827.01193333,0,cvar,True
result4-2,2025-09-22,47794.60098530,44818.24210355,0.00000000,2976.35888175,68350.65357406,68864.85036638,514.19679232,37023.10881149,4554.02107041,4161.99080949,3971.34323320,0.07133760,OPTIMAL_CVAR,0.00000000,0.00000000,1200.00000000,10800.00000000,833.33333333,800.42000000,0,cvar,True
result4-2,2025-09-23,69220.48057491,41155.15937296,0.00000000,28065.32120194,61721.57952332,66045.87654590,4324.29702258,34961.52121646,50.02923333,3971.34323320,4181.74345475,0.09054390,OPTIMAL_CVAR,0.00000000,0.00000000,1200.00000000,10714.63902202,833.33333333,811.47666667,0,cvar,True
result4-2,2025-09-24,46047.06427030,45666.27962366,0.00000000,380.78464664,69948.52415551,70027.50817068,78.98401517,39866.75235128,4298.31989652,4181.74345475,4665.47145392,0.08606840,OPTIMAL_CVAR,0.00000000,0.00000000,1200.00000000,10800.00000000,833.33333333,824.07500000,0,cvar,True
result4-2,2025-09-25,47503.65163951,47397.39499368,0.00000000,106.25664583,71573.15630358,71588.52797025,15.37166667,37733.34567702,7238.96154043,4665.47145392,4718.92537077,0.07417670,OPTIMAL_CVAR,0.00000000,0.00000000,1429.25184640,10800.00000000,833.33333333,833.33333333,0,cvar,True
result4-2,2025-09-26,15080.70760152,15080.70760152,0.00000000,0.00000000,34081.81693761,34081.81693761,0.00000000,31414.30331788,12881.56293736,4718.92537077,4928.45946802,0.06973030,OPTIMAL_CVAR,0.00000000,0.00000000,1444.51349741,10800.00000000,833.33333333,562.17666667,0,cvar,True
result4-2,2025-09-27,17783.78456073,15462.55226087,0.00000000,2321.23229986,33404.89220294,34020.17889473,615.28669179,32060.16686837,12887.22097591,4928.45946802,4894.49561000,0.06066170,OPTIMAL_CVAR,0.00000000,0.00000000,1200.00000000,10800.00000000,833.33333333,555.86510000,0,cvar,True
result4-2,2025-09-28,66166.73050803,43160.72721122,0.00000000,23006.00329681,63434.70183313,67225.73658193,3791.03474880,37305.35090151,83.63460000,4894.49561000,4631.48401241,0.07889370,OPTIMAL_CVAR,0.00000000,0.00000000,1200.00000000,8502.53841951,833.33333333,815.90625000,0,cvar,True
result4-2,2025-09-29,49380.49434762,49313.63802475,0.00000000,66.85632287,74186.14785894,74197.44720894,11.29935000,36764.76490810,7556.90021826,4631.48401241,4652.97341495,0.08332670,OPTIMAL_CVAR,0.00000000,0.00000000,1205.20990218,10800.00000000,833.33333333,833.33333333,0,cvar,True
result4-2,2025-09-30,49261.93217302,47544.81813724,0.00000000,1717.11403578,71579.42895029,71892.49672427,313.06777398,41814.60607871,1616.74182261,4652.97341495,5119.75390906,0.05615380,OPTIMAL_CVAR,0.00000000,0.00000000,1200.00000000,10800.00000000,833.33333333,833.33333333,0,cvar,True
result4-2,2025-10-01,45434.38530365,45434.38530365,0.00000000,0.00000000,73109.88184491,73109.88184491,0.00000000,36118.92420085,17456.30893245,5119.75390906,7332.54135242,0.09689300,OPTIMAL_CVAR,0.00000000,0.00000000,2687.00992095,10800.00000000,833.33333333,786.35516667,0,cvar,True
result4-2,2025-10-02,42393.17184365,42393.17184365,0.00000000,0.00000000,67323.64957492,67323.64957492,0.00000000,37396.92281627,9073.55898722,7332.54135242,9940.61423436,0.08976570,OPTIMAL_CVAR,0.00000000,0.00000000,2891.11100111,10800.00000000,833.33333333,828.91166667,0,cvar,True
result4-2,2025-10-03,13866.85757768,13866.85757768,0.00000000,0.00000000,33421.44291814,33421.44291814,0.00000000,36051.09018551,20965.28285715,9940.61423436,10800.00000000,0.05522130,OPTIMAL_CVAR,0.00000000,0.00000000,1311.86908981,10800.00000000,833.33333333,498.67565000,0,cvar,True
result4-2,2025-10-04,15773.87602086,15773.87602086,0.00000000,0.00000000,35636.73026475,35636.73026475,0.00000000,37679.38094071,18585.45369951,10800.00000000,10800.00000000,0.05950630,OPTIMAL_CVAR,0.00000000,0.00000000,1403.99903957,10800.00000000,833.33333333,501.82000000,0,cvar,True
result4-2,2025-10-05,43717.95061142,43717.95061142,0.00000000,0.00000000,69108.94383282,69108.94383282,0.00000000,36443.74433601,10547.39634414,10800.00000000,10800.00000000,0.07999630,OPTIMAL_CVAR,0.00000000,0.00000000,2839.52608235,10800.00000000,833.33333333,814.76840000,0,cvar,True
result4-2,2025-10-06,43924.62135114,43924.62135114,0.00000000,0.00000000,67910.92713264,67910.92713264,0.00000000,37225.84624013,6270.13236572,10800.00000000,10800.00000000,0.08599290,OPTIMAL_CVAR,0.00000000,0.00000000,2394.94957334,10800.00000000,833.33333333,781.16640467,0,cvar,True
result4-2,2025-10-07,47334.87308111,47334.87308111,0.00000000,0.00000000,74280.37022280,74280.37022280,0.00000000,36728.75637057,12653.30241042,10800.00000000,10800.00000000,0.09809150,OPTIMAL_CVAR,0.00000000,0.00000000,3162.96533356,10800.00000000,833.33333333,810.24680000,0,cvar,True
result4-2,2025-10-08,38867.74663306,38326.64907875,0.00000000,541.09755431,61266.25534267,61369.82325587,103.56791320,44532.29586119,291.66088333,10800.00000000,10724.58918000,0.07336000,OPTIMAL_CVAR,0.00000000,0.00000000,1200.00000000,10800.00000000,833.33333333,821.66771667,0,cvar,True
result4-2,2025-10-09,44992.04780415,39071.11118355,0.00000000,5920.93662060,63862.44516792,64764.14590139,901.70073347,42338.91345361,4531.08622513,10724.58918000,10753.41007500,0.06882460,OPTIMAL_CVAR,0.00000000,0.00000000,1200.00000000,10800.00000000,833.33333333,820.16520000,0,cvar,True
result4-2,2025-10-10,14368.38422945,12602.78713881,0.00000000,1765.59709063,31262.85472263,31762.12019468,499.26547206,38604.57798320,18644.78420672,10753.41007500,10473.17260957,0.06509620,OPTIMAL_CVAR,0.00000000,0.00000000,1200.00000000,10800.00000000,833.33333333,481.72751711,0,cvar,True
result4-2,2025-10-11,13670.94553657,13489.81052952,0.00000000,181.13500705,32892.20041769,32931.50577152,39.30535383,40656.38645444,14386.31249684,10473.17260957,10645.20528457,0.07136810,OPTIMAL_CVAR,0.00000000,0.00000000,1200.00000000,10800.00000000,833.33333333,496.54833333,0,cvar,True
result4-2,2025-10-12,41593.23494169,40601.23132939,0.00000000,992.00361230,64743.63727696,64911.22838013,167.59110316,38997.82555986,2677.63250985,10645.20528457,10268.06713957,0.10765290,OPTIMAL_CVAR,0.00000000,0.00000000,1200.00000000,10800.00000000,833.33333333,833.33333333,0,cvar,True
result4-2,2025-10-13,39878.31163045,39878.31163045,0.00000000,0.00000000,63732.14659416,63732.14659416,0.00000000,40572.64420514,2490.48346476,10268.06713957,10223.07956859,0.10249190,OPTIMAL_CVAR,0.00000000,0.00000000,1338.18937236,10800.00000000,833.33333333,806.26166667,0,cvar,True
result4-2,2025-10-14,43695.98961312,41286.24509212,0.00000000,2409.74452099,66190.18659110,66626.61427185,436.42768076,41278.02177713,1502.00073328,10223.07956859,10240.91032656,0.07883830,OPTIMAL_CVAR,0.00000000,0.00000000,1200.00000000,10800.00000000,833.33333333,810.30261667,0,cvar,True
result4-2,2025-10-15,44118.38226438,44118.38226438,0.00000000,0.00000000,70065.66121429,70065.66121429,0.00000000,39725.41906523,3996.60587708,10240.91032656,10219.75351070,0.07639130,OPTIMAL_CVAR,0.00000000,0.00000000,1283.82730871,10800.00000000,833.33333333,790.58955000,0,cvar,True
result4-2,2025-10-16,50631.10966513,43354.99331234,0.00000000,7276.11635279,69087.03065499,70208.18604365,1121.15538866,45410.91811454,2366.14818609,10219.75351070,10329.03020010,0.09383730,OPTIMAL_CVAR,0.00000000,0.00000000,1200.00000000,10800.00000000,833.33333333,795.16833333,0,cvar,True
result4-2,2025-10-17,13944.64683882,13944.64683882,0.00000000,0.00000000,33629.33963218,33629.33963218,0.00000000,36057.02681312,13904.81702537,10329.03020010,10264.00245603,0.07073520,OPTIMAL_CVAR,0.00000000,0.00000000,1292.61147093,10800.00000000,833.33333333,486.10231667,0,cvar,True
result4-2,2025-10-18,14106.44269614,13643.51951015,0.00000000,462.92318599,32638.21114908,32780.64763458,142.43648550,38724.41582629,12223.95519759,10264.00245603,10681.41384008,0.07850200,OPTIMAL_CVAR,0.00000000,0.00000000,1200.00000000,10800.00000000,833.33333333,477.17333333,0,cvar,True
result4-2,2025-10-19,48391.13109815,45411.17089403,0.00000000,2979.96020413,71268.25680857,71743.09862819,474.84181962,46868.53841645,2819.54328437,10681.41384008,10800.00000000,0.08567760,OPTIMAL_CVAR,0.00000000,0.00000000,1200.00000000,10800.00000000,833.33333333,825.56083333,0,cvar,True
result4-2,2025-10-20,48927.88151426,45005.53347041,0.00000000,3922.34804385,70182.63427989,70918.86272122,736.22844133,43121.43262601,1951.52112862,10800.00000000,10800.00000000,0.08660010,OPTIMAL_CVAR,0.00000000,0.00000000,1200.00000000,10800.00000000,833.33333333,813.78785000,0,cvar,True
result4-2,2025-10-21,69513.18263761,42670.27599268,0.00000000,26842.90664494,65991.32736154,70176.76349990,4185.43613836,34021.47041685,311.89041996,10800.00000000,10630.03814000,0.08970410,OPTIMAL_CVAR,0.00000000,0.00000000,1200.00000000,10800.00000000,833.33333333,831.97333333,0,cvar,True
result4-2,2025-10-22,49847.42660256,46247.73258412,0.00000000,3599.69401844,72266.14328411,72947.98276749,681.83948338,43522.56387445,2741.19328231,10630.03814000,10713.72636502,0.10504780,OPTIMAL_CVAR,0.00000000,0.00000000,1200.00000000,10800.00000000,833.33333333,823.60186667,0,cvar,True
result4-2,2025-10-23,47631.23882727,47631.23882727,0.00000000,0.00000000,73572.46615317,73572.46615317,0.00000000,38846.28279786,6029.38554273,10713.72636502,10800.00000000,0.08547350,OPTIMAL_CVAR,0.00000000,0.00000000,1490.32765199,10800.00000000,833.33333333,811.10051667,0,cvar,True
result4-2,2025-10-24,14708.59410022,13773.77157336,0.00000000,934.82252687,33675.45206797,33881.24307623,205.79100826,40149.19098963,11332.94237623,10800.00000000,10713.21454545,0.06725750,OPTIMAL_CVAR,0.00000000,0.00000000,1200.00000000,10800.00000000,833.33333333,509.03313333,0,cvar,True
result4-2,2025-10-25,14835.16523776,14083.63148618,0.00000000,751.53375158,34361.02867544,34534.81437552,173.78570008,40556.29779549,10987.43084303,10713.21454545,10604.27252619,0.06498570,OPTIMAL_CVAR,0.00000000,0.00000000,1200.00000000,10800.00000000,833.33333333,485.56500000,0,cvar,True
result4-2,2025-10-26,47100.02989390,47100.02989390,0.00000000,0.00000000,71534.93888092,71534.93888092,0.00000000,38044.51310132,2802.35783546,10604.27252619,10800.00000000,0.09955530,OPTIMAL_CVAR,0.00000000,0.00000000,1749.10337027,10800.00000000,833.33333333,794.98981667,0,cvar,True
result4-2,2025-10-27,47473.61063698,46641.32380528,0.00000000,832.28683170,72002.42246355,72139.04902266,136.62655911,41491.21312056,4287.26107870,10800.00000000,10743.46270500,0.09102880,OPTIMAL_CVAR,0.00000000,0.00000000,1200.00000000,10800.00000000,833.33333333,833.33333333,0,cvar,True
result4-2,2025-10-28,48056.16448202,47878.38741902,0.00000000,177.77706300,74128.31138249,74166.03070585,37.71932336,44047.29427296,3513.63494902,10743.46270500,10800.00000000,0.10046320,OPTIMAL_CVAR,0.00000000,0.00000000,1200.00000000,10800.00000000,833.33333333,813.16880000,0,cvar,True
result4-2,2025-10-29,49452.46591714,49452.46591714,0.00000000,0.00000000,75538.03009119,75538.03009119,0.00000000,46228.30802158,1373.07797400,10800.00000000,10800.00000000,0.10480610,OPTIMAL_CVAR,0.00000000,0.00000000,1268.42867315,10800.00000000,833.33333333,816.23045000,0,cvar,True
result4-2,2025-10-30,49280.56828470,49280.56828470,0.00000000,0.00000000,74797.13925437,74797.13925437,0.00000000,39864.03280388,5824.69937634,10800.00000000,10800.00000000,0.08549880,OPTIMAL_CVAR,0.00000000,0.00000000,1456.92950705,10800.00000000,833.33333333,824.56011667,0,cvar,True
result4-2,2025-10-31,15212.42528448,15212.42528448,0.00000000,0.00000000,35770.36458597,35770.36458597,0.00000000,37939.75510887,7883.44629240,10800.00000000,10800.00000000,0.06779240,OPTIMAL_CVAR,0.00000000,0.00000000,1579.89814774,10800.00000000,833.33333333,487.62166667,0,cvar,True
result4-2,2025-11-01,15462.20762285,14396.75635486,0.00000000,1065.45126799,34762.77029340,35041.25559957,278.48530617,39828.79474729,8316.29396072,10800.00000000,10800.00000000,0.06854250,OPTIMAL_CVAR,0.00000000,0.00000000,1200.00000000,10800.00000000,833.33333333,477.17378333,0,cvar,True
result4-2,2025-11-02,50426.18099828,50426.18099828,0.00000000,0.00000000,77201.48177683,77201.48177683,0.00000000,45899.05491252,3586.96500737,10800.00000000,10800.00000000,0.06745650,OPTIMAL_CVAR,0.00000000,0.00000000,1239.51985785,10800.00000000,833.33333333,792.30165000,0,cvar,True
result4-2,2025-11-03,52322.58736043,52322.58736043,0.00000000,0.00000000,78098.03060737,78098.03060737,0.00000000,38401.54696421,4561.99870901,10800.00000000,10800.00000000,0.10309100,OPTIMAL_CVAR,0.00000000,0.00000000,1669.49744391,10800.00000000,833.33333333,773.47500000,0,cvar,True
result4-2,2025-11-04,50521.24706473,49720.22236783,0.00000000,801.02469691,75786.20358349,75907.55213652,121.34855303,45215.19918732,3581.13322717,10800.00000000,10800.00000000,0.09667170,OPTIMAL_CVAR,0.00000000,0.00000000,1200.00000000,10800.00000000,833.33333333,833.33333333,0,cvar,True
result4-2,2025-11-05,51341.22873680,51325.36144553,0.00000000,15.86729127,76299.54177034,76302.76945367,3.22768333,42887.35076042,2122.76229061,10800.00000000,10800.00000000,0.10051430,OPTIMAL_CVAR,0.00000000,0.00000000,1584.31171831,10800.00000000,833.33333333,833.33333333,0,cvar,True
result4-2,2025-11-06,58814.66442215,50202.53384529,0.00000000,8612.13057686,74616.49123810,76188.60085521,1572.10961711,43112.61993273,467.54054326,10800.00000000,10624.87407884,0.09815830,OPTIMAL_CVAR,0.00000000,0.00000000,1200.00000000,10800.00000000,833.33333333,790.25833333,0,cvar,True
result4-2,2025-11-07,14854.69395446,14854.69395446,0.00000000,0.00000000,35588.19561731,35588.19561731,0.00000000,41417.79786214,7886.88493367,10624.87407884,10660.19347649,0.07527100,OPTIMAL_CVAR,0.00000000,0.00000000,1249.39617102,10800.00000000,833.33333333,491.60833333,0,cvar,True
result4-2,2025-11-08,14589.79718065,14589.79718065,0.00000000,0.00000000,35055.64468948,35055.64468948,0.00000000,38966.65234389,7251.05877491,10660.19347649,10582.72220373,0.06522360,OPTIMAL_CVAR,0.00000000,0.00000000,1201.06830724,10800.00000000,833.33333333,481.41166667,0,cvar,True
result4-2,2025-11-09,52000.04547435,52000.04547435,0.00000000,0.00000000,77198.02266399,77198.02266399,0.00000000,44238.33945054,991.32452547,10582.72220373,10800.00000000,0.07788050,OPTIMAL_CVAR,0.00000000,0.00000000,1648.96669522,10800.00000000,833.33333333,788.85588333,0,cvar,True
result4-2,2025-11-10,55822.88410510,54066.01819729,0.00000000,1756.86590782,79268.97067050,79556.40470601,287.43403551,46641.46689874,801.89601996,10800.00000000,10800.00000000,0.09476610,OPTIMAL_CVAR,0.00000000,0.00000000,1200.00000000,10800.00000000,833.33333333,815.34195000,0,cvar,True
result4-2,2025-11-11,54772.45779783,54772.45779783,0.00000000,0.00000000,79947.41083848,79947.41083848,0.00000000,42528.81350491,3924.04058290,10800.00000000,10800.00000000,0.11040710,OPTIMAL_CVAR,0.00000000,0.00000000,1587.89588889,10800.00000000,833.33333333,744.72055000,0,cvar,True
result4-2,2025-11-12,56058.43749257,56058.43749257,0.00000000,0.00000000,82670.85892030,82670.85892030,0.00000000,43437.41786660,7155.14222298,10800.00000000,10800.00000000,0.08191770,OPTIMAL_CVAR,0.00000000,0.00000000,1407.25791167,10800.00000000,833.33333333,769.94333333,0,cvar,True
result4-2,2025-11-13,56358.56995632,54536.43219931,0.00000000,1822.13775701,79799.69391085,80079.78303034,280.08911950,41504.46988888,3327.08890766,10800.00000000,10800.00000000,0.07285200,OPTIMAL_CVAR,0.00000000,0.00000000,1200.00000000,10800.00000000,833.33333333,819.48657917,0,cvar,True
result4-2,2025-11-14,15252.51511956,15252.51511956,0.00000000,0.00000000,37191.93354586,37191.93354586,0.00000000,38363.68571703,5566.35101590,10800.00000000,10800.00000000,0.06288750,OPTIMAL_CVAR,0.00000000,0.00000000,1280.65881700,10800.00000000,833.33333333,474.04105000,0,cvar,True
result4-2,2025-11-15,16683.63626446,15209.42794018,0.00000000,1474.20832428,35492.18251411,35798.46768044,306.28516633,40774.65763601,3350.70946563,10800.00000000,10755.41227711,0.06957710,OPTIMAL_CVAR,0.00000000,0.00000000,1200.00000000,10800.00000000,833.33333333,486.88500000,0,cvar,True
result4-2,2025-11-16,56894.44939933,56894.44939933,0.00000000,0.00000000,82940.09761221,82940.09761221,0.00000000,41637.59106816,4090.41499454,10755.41227711,10800.00000000,0.06363120,OPTIMAL_CVAR,0.00000000,0.00000000,1337.24790519,10800.00000000,833.33333333,767.42666667,0,cvar,True
result4-2,2025-11-17,53640.25237551,53640.25237551,0.00000000,0.00000000,79109.53253994,79109.53253994,0.00000000,47788.97724994,1397.25573286,10800.00000000,10800.00000000,0.09466290,OPTIMAL_CVAR,0.00000000,0.00000000,1282.86114052,10800.00000000,833.33333333,767.99416667,0,cvar,True
result4-2,2025-11-18,57532.85095475,57532.85095475,0.00000000,0.00000000,82072.32811687,82072.32811687,0.00000000,43166.15361344,2650.52258931,10800.00000000,10800.00000000,0.10255710,OPTIMAL_CVAR,0.00000000,0.00000000,1640.73690221,10800.00000000,833.33333333,742.31055567,0,cvar,True
result4-2,2025-11-19,56714.97306532,56714.97306532,0.00000000,0.00000000,81255.50445570,81255.50445570,0.00000000,46608.57547601,1006.23069001,10800.00000000,10788.28454415,0.09259670,OPTIMAL_CVAR,0.00000000,0.00000000,1277.94908940,10800.00000000,833.33333333,796.65198333,0,cvar,True
result4-2,2025-11-20,57260.61072815,57260.61072815,0.00000000,0.00000000,83525.26085253,83525.26085253,0.00000000,43152.17092665,4190.74819124,10788.28454415,10800.00000000,0.09106720,OPTIMAL_CVAR,0.00000000,0.00000000,1340.64161870,10800.00000000,833.33333333,768.77583333,0,cvar,True
result4-2,2025-11-21,18789.41489823,16326.67359110,0.00000000,2462.74130713,37355.25328979,37873.92625612,518.67296633,37894.63593950,5031.65222895,10800.00000000,10800.00000000,0.07226080,OPTIMAL_CVAR,0.00000000,0.00000000,1200.00000000,10800.00000000,833.33333333,489.43083333,0,cvar,True
result4-2,2025-11-22,16192.07011490,16192.07011490,0.00000000,0.00000000,36901.09567742,36901.09567742,0.00000000,39316.59081087,2554.11025262,10800.00000000,10800.00000000,0.06632230,OPTIMAL_CVAR,0.00000000,0.00000000,1337.43651822,10800.00000000,833.33333333,537.34375000,0,cvar,True
result4-2,2025-11-23,66334.17292961,54732.23738959,0.00000000,11601.93554001,77722.62088752,79565.52972304,1842.90883552,41179.71710172,83.77823400,10800.00000000,10726.51648500,0.09295930,OPTIMAL_CVAR,0.00000000,0.00000000,1200.00000000,10800.00000000,833.33333333,800.56750000,0,cvar,True
result4-2,2025-11-24,56667.91805203,56667.91805203,0.00000000,0.00000000,82251.10631377,82251.10631377,0.00000000,45211.51723929,3536.09419915,10726.51648500,10532.55290444,0.08668220,OPTIMAL_CVAR,0.00000000,0.00000000,1202.61966944,10800.00000000,833.33333333,825.69500000,0,cvar,True
result4-2,2025-11-25,56515.03590513,56515.03590513,0.00000000,0.00000000,82544.27379331,82544.27379331,0.00000000,47607.30406205,1358.95709434,10532.55290444,10551.86402037,0.08848240,OPTIMAL_CVAR,0.00000000,0.00000000,1257.05329722,10800.00000000,833.33333333,802.31011667,0,cvar,True
result4-2,2025-11-26,59234.82013472,59234.82013472,0.00000000,0.00000000,84002.62457940,84002.62457940,0.00000000,39628.44157524,2838.30097638,10551.86402037,10800.00000000,0.09711330,OPTIMAL_CVAR,0.00000000,0.00000000,1765.11286315,10800.00000000,833.33333333,769.13891133,0,cvar,True
result4-2,2025-11-27,58549.65630694,58549.65630694,0.00000000,0.00000000,83711.74109891,83711.74109891,0.00000000,41229.41567538,3602.89865379,10800.00000000,10800.00000000,0.11602080,OPTIMAL_CVAR,0.00000000,0.00000000,1556.15693796,10800.00000000,833.33333333,803.38928333,0,cvar,True
result4-2,2025-11-28,15565.84692796,15542.19463801,0.00000000,23.65228995,37047.31214875,37052.03175165,4.71960290,39174.88306381,2018.51265904,10800.00000000,10800.00000000,0.06573990,OPTIMAL_CVAR,0.00000000,0.00000000,1200.00000000,10800.00000000,833.33333333,511.01250000,0,cvar,True
result4-2,2025-11-29,23955.67594717,15702.78322195,0.00000000,8252.89272521,37132.04706734,38672.80709537,1540.76002803,35334.09599165,277.18468066,10800.00000000,10555.71869512,0.06677650,OPTIMAL_CVAR,0.00000000,0.00000000,1200.00000000,10800.00000000,833.33333333,503.59333333,0,cvar,True
result4-2,2025-11-30,62716.55852642,62716.55852642,0.00000000,0.00000000,88904.41447091,88904.41447091,0.00000000,47335.99542530,3473.51505676,10555.71869512,10774.02420492,0.05621340,OPTIMAL_CVAR,0.00000000,0.00000000,1374.27648332,10800.00000000,833.33333333,804.08769783,0,cvar,True
result4-2,2025-12-01,116327.78109003,60979.82085617,0.00000000,55347.96023387,82969.94844753,91098.48664915,8128.53820162,44975.96806807,265.23421917,10774.02420492,10586.07629825,0.07651070,OPTIMAL_CVAR,0.00000000,0.00000000,1200.00000000,10774.02420492,833.33333333,833.33333333,0,cvar,True
result4-2,2025-12-02,130580.07212057,61003.35427727,0.00000000,69576.71784330,82740.36502207,92778.33316445,10037.96814237,38974.73416541,118.27754964,10586.07629825,10516.66805485,0.08775360,OPTIMAL_CVAR,0.00000000,0.00000000,1200.00000000,10586.07629825,833.33333333,833.33333333,0,cvar,True
result4-2,2025-12-03,69974.28329204,69682.68711863,0.00000000,291.59617342,92574.57152312,92640.11097830,65.53945518,45032.35223733,965.21644086,10516.66805485,10300.46654485,0.07931240,OPTIMAL_CVAR,0.00000000,0.00000000,1200.00000000,10800.00000000,833.33333333,802.25273150,0,cvar,True
result4-2,2025-12-04,73382.37741805,69756.98776741,0.00000000,3625.38965063,93981.31794007,94516.42838864,535.11044857,46619.69645638,2916.92470878,10300.46654485,10234.61737615,0.07278080,OPTIMAL_CVAR,0.00000000,0.00000000,1200.00000000,10800.00000000,833.33333333,833.33333333,0,cvar,True
result4-2,2025-12-05,21375.03761599,19760.25456672,0.00000000,1614.78304927,45137.19910906,45426.86372453,289.66461547,38481.33162885,426.20675474,10234.61737615,9882.22293115,0.07764220,OPTIMAL_CVAR,0.00000000,0.00000000,1200.00000000,10800.00000000,833.33333333,665.57500000,0,cvar,True
result4-2,2025-12-06,64399.55267014,17431.36333431,0.00000000,46968.18933583,38969.97517481,46944.46945820,7974.49428338,32301.03778687,26.15166667,9882.22293115,9744.43195615,0.08458150,OPTIMAL_CVAR,0.00000000,0.00000000,1200.00000000,9882.22293115,833.33333333,655.66958333,0,cvar,True
result4-2,2025-12-07,109567.17560709,62612.27379661,0.00000000,46954.90181049,85208.92422422,91990.43235021,6781.50812600,42227.03203226,125.74983550,9744.43195615,9522.53540226,0.10928060,OPTIMAL_CVAR,0.00000000,0.00000000,1200.00000000,10461.69844615,833.33333333,833.33333333,0,cvar,True
result4-2,2025-12-08,77369.48899770,68976.49618736,0.00000000,8392.99281034,92193.22470200,93226.30707225,1033.08237025,46202.11071497,326.91997528,9522.53540226,9725.88956254,0.12443720,OPTIMAL_CVAR,0.00000000,0.00000000,1200.00000000,10704.15813281,833.33333333,807.22770000,0,cvar,True
result4-2,2025-12-09,76848.15795943,76848.15795943,0.00000000,0.00000000,102246.41518714,102246.41518714,0.00000000,43637.59477539,9884.89178229,9725.88956254,10120.39630298,0.11928800,OPTIMAL_CVAR,0.00000000,0.00000000,1376.26720544,10800.00000000,833.33333333,775.22661283,0,cvar,True
result4-2,2025-12-10,77130.57676885,76471.52158549,0.00000000,659.05518336,100674.37669173,100770.23181034,95.85511861,41699.70002247,7939.75637004,10120.39630298,10186.30081298,0.12387610,OPTIMAL_CVAR,0.00000000,0.00000000,1200.00000000,10800.00000000,833.33333333,748.93946667,0,cvar,True
result4-2,2025-12-11,78013.16410480,78013.16410480,0.00000000,0.00000000,103996.20588925,103996.20588925,0.00000000,40660.03592386,13411.36741805,10186.30081298,10543.67847983,0.10070930,OPTIMAL_CVAR,0.00000000,0.00000000,1520.51075926,10800.00000000,833.33333333,773.30833333,0,cvar,True
result4-2,2025-12-12,32391.97964509,20665.36673848,0.00000000,11726.61290661,46049.98757554,47833.52488717,1783.53731163,37625.67842512,213.52193333,10543.67847983,10499.36628030,0.11836570,OPTIMAL_CVAR,0.00000000,0.00000000,1200.00000000,10734.35211000,833.33333333,625.31245000,0,cvar,True
result4-2,2025-12-13,25201.89590015,25201.89590015,0.00000000,0.00000000,54231.98281822,54231.98281822,0.00000000,37991.17584984,6349.00909587,10499.36628030,10596.31828149,0.08539300,OPTIMAL_CVAR,0.00000000,0.00000000,1538.37980175,10800.00000000,833.33333333,601.49833333,0,cvar,True
result4-2,2025-12-14,75688.32262946,75688.32262946,0.00000000,0.00000000,99572.24689955,99572.24689955,0.00000000,49486.65888316,5444.30895116,10596.31828149,10751.66052637,0.08033960,OPTIMAL_CVAR,0.00000000,0.00000000,1534.36696363,10800.00000000,833.33333333,805.19567817,0,cvar,True
result4-2,2025-12-15,85407.43668312,68846.10162595,0.00000000,16561.33505716,91878.52380823,94184.00497860,2305.48117036,46608.01563293,28.81933333,10751.66052637,10543.58448637,0.13361350,OPTIMAL_CVAR,0.00000000,0.00000000,1200.00000000,10751.66052637,833.33333333,833.33333333,0,cvar,True
result4-2,2025-12-16,77629.65999763,77629.65999763,0.00000000,0.00000000,101257.50684224,101257.50684224,0.00000000,43691.00569088,6998.06799189,10543.58448637,10800.00000000,0.09078690,OPTIMAL_CVAR,0.00000000,0.00000000,1484.70223130,10800.00000000,833.33333333,746.89528333,0,cvar,True
result4-2,2025-12-17,78703.69548172,68513.62394631,0.00000000,10190.07153541,91709.61463698,93165.37665967,1455.76202269,46014.05413381,201.70080510,10800.00000000,10741.29990039,0.11731070,OPTIMAL_CVAR,0.00000000,0.00000000,1200.00000000,10800.00000000,833.33333333,833.33333333,0,cvar,True
result4-2,2025-12-18,78496.65684266,67439.20654845,0.00000000,11057.45029421,90963.45223963,92575.49456104,1612.04232141,43990.55838807,575.40845950,10741.29990039,10757.41464504,0.13710050,OPTIMAL_CVAR,0.00000000,0.00000000,1200.00000000,10800.00000000,833.33333333,811.54997267,0,cvar,True
result4-2,2025-12-19,26119.79293547,26119.79293547,0.00000000,0.00000000,55180.18762075,55180.18762075,0.00000000,34650.97017394,8592.05158485,10757.41464504,10800.00000000,0.09834810,OPTIMAL_CVAR,0.00000000,0.00000000,1403.36283389,10800.00000000,833.33333333,558.31666667,0,cvar,True
result4-2,2025-12-20,24699.99223254,24699.99223254,0.00000000,0.00000000,53063.62174140,53063.62174140,0.00000000,41934.13311531,5805.34391576,10800.00000000,10800.00000000,0.13159480,OPTIMAL_CVAR,0.00000000,0.00000000,1285.94764167,10800.00000000,833.33333333,580.36268333,0,cvar,True
result4-2,2025-12-21,74814.95551793,70350.51716061,0.00000000,4464.43835731,93495.60386682,94130.22782235,634.62395553,47881.03142471,127.08784033,10800.00000000,10738.83456561,0.12381060,OPTIMAL_CVAR,0.00000000,0.00000000,1200.00000000,10800.00000000,833.33333333,829.65192567,0,cvar,True
result4-2,2025-12-22,77925.24462000,76698.00041545,0.00000000,1227.24420455,100813.30057384,101024.22873878,210.92816494,47732.00749297,7015.43192861,10738.83456561,10800.00000000,0.10996740,OPTIMAL_CVAR,0.00000000,0.00000000,1200.00000000,10800.00000000,833.33333333,821.77697700,0,cvar,True
result4-2,2025-12-23,72529.36340639,72529.36340639,0.00000000,0.00000000,95775.30855227,95775.30855227,0.00000000,42490.83637739,4056.85197932,10800.00000000,10800.00000000,0.11007040,OPTIMAL_CVAR,0.00000000,0.00000000,1685.32811051,10800.00000000,833.33333333,779.85333333,0,cvar,True
result4-2,2025-12-24,76829.33655421,68339.36428468,0.00000000,8489.97226953,92453.02237522,93644.38852997,1191.36615474,45355.38187248,1050.76889849,10800.00000000,10777.87589669,0.07787040,OPTIMAL_CVAR,0.00000000,0.00000000,1200.00000000,10800.00000000,833.33333333,833.33333333,0,cvar,True
result4-2,2025-12-25,70541.27222166,69704.68126764,0.00000000,836.59095402,92982.20661764,93112.79590823,130.58929059,45096.50153555,578.27277393,10777.87589669,10765.99797224,0.09075530,OPTIMAL_CVAR,0.00000000,0.00000000,1200.00000000,10800.00000000,833.33333333,814.21035450,0,cvar,True
result4-2,2025-12-26,22331.10859059,21672.09508908,0.00000000,659.01350152,47918.51414138,48044.67038084,126.15623946,41714.32627510,624.38184682,10765.99797224,10800.00000000,0.07207510,OPTIMAL_CVAR,0.00000000,0.00000000,1200.00000000,10800.00000000,833.33333333,651.67833333,0,cvar,True
result4-2,2025-12-27,53554.29176782,53554.29176782,0.00000000,0.00000000,94394.14701442,94394.14701442,0.00000000,18738.35421889,49088.32838886,10800.00000000,10800.00000000,0.04769380,OPTIMAL_CVAR,0.00000000,0.00000000,4775.18963426,10800.00000000,833.33333333,491.20890000,0,cvar,True
result4-2,2025-12-28,115757.95330621,115757.95330621,0.00000000,0.00000000,141274.39528617,141274.39528617,0.00000000,28991.31678759,51421.85313858,10800.00000000,10800.00000000,0.07075630,OPTIMAL_CVAR,0.00000000,0.00000000,4642.27801037,10800.00000000,833.33333333,619.47500000,0,cvar,True
result4-2,2025-12-29,76809.86081344,76809.86081344,0.00000000,0.00000000,101847.73953228,101847.73953228,0.00000000,42153.63764455,9899.00577807,10800.00000000,10800.00000000,0.10099930,OPTIMAL_CVAR,0.00000000,0.00000000,1498.34220000,10800.00000000,833.33333333,766.76833333,0,cvar,True
result4-2,2025-12-30,74723.47663948,74723.47663948,0.00000000,0.00000000,99976.32103407,99976.32103407,0.00000000,41737.57340782,9370.62619789,10800.00000000,10800.00000000,0.07798600,OPTIMAL_CVAR,0.00000000,0.00000000,1371.92530334,10800.00000000,833.33333333,776.36868783,0,cvar,True
result4-2,2025-12-31,78391.13685985,78391.13685985,0.00000000,0.00000000,102780.90668139,102780.90668139,0.00000000,44011.03928244,9542.90280729,10800.00000000,10771.48002174,0.09815590,OPTIMAL_CVAR,0.00000000,0.00000000,1331.06760174,10800.00000000,833.33333333,746.93833333,0,cvar,True
result4-3,2025-02-01,19724.76354873,19724.76354873,0.00000000,0.00000000,46448.44424404,46448.44424404,0.00000000,34419.50603905,7837.21125099,6000.00000000,6623.40396148,0.02158680,OPTIMAL_CAUSAL_MPC_4X,0.00000000,0.00000000,1633.93930796,10800.00000000,833.33333333,552.04166667,0,,
result4-3,2025-02-02,62286.26874506,62024.74140781,261.52733725,0.00000000,88260.87577849,88466.42436174,0.00000000,39368.36193035,6104.41534539,6623.40396148,6495.83977444,0.02119790,OPTIMAL_CAUSAL_MPC_4X,0.00000000,0.00000000,1383.71324944,10800.00000000,833.33333333,815.21846667,0,,
result4-3,2025-02-03,63760.98104284,60890.77440239,2862.55802068,7.64861977,86293.74210535,88405.90731474,1.42286667,41525.18284018,3958.85365269,6495.83977444,6366.26395426,0.02173570,OPTIMAL_CAUSAL_MPC_4X,0.00000000,0.00000000,1273.25372056,10800.00000000,833.33333333,833.33333333,0,,
result4-3,2025-02-04,63543.42500135,62621.05501034,922.36999101,0.00000000,88243.15905988,88897.66670774,0.00000000,44110.93881175,3032.82691544,6366.26395426,6406.02945444,0.02135270,OPTIMAL_CAUSAL_MPC_4X,0.00000000,0.00000000,1232.63547327,10800.00000000,833.33333333,818.22500000,0,,
result4-3,2025-02-05,63858.20029666,63440.97397570,0.00000000,417.22632096,89314.64240437,89378.33621721,63.69381283,41975.39500028,4328.04239259,6406.02945444,6301.05941704,0.02150490,OPTIMAL_CAUSAL_MPC_4X,0.00000000,0.00000000,1200.00000000,10800.00000000,833.33333333,796.29666667,0,,
result4-3,2025-02-06,65055.02662639,63272.49461990,1572.97107090,209.56093558,89152.47036091,90291.29727204,29.40810000,42251.16618477,5330.22233727,6301.05941704,6557.28746963,0.02641710,OPTIMAL_CAUSAL_MPC_4X,0.00000000,0.00000000,1619.47621204,10800.00000000,833.33333333,833.33333333,0,,
result4-3,2025-02-07,18167.71820208,17507.82095496,518.66900657,141.22824055,41327.16386440,41959.01795674,36.76728333,35549.83881770,6832.26663904,6557.28746963,6144.32653241,0.02088030,OPTIMAL_CAUSAL_MPC_4X,0.00000000,0.00000000,1200.00000000,10800.00000000,833.33333333,536.03745000,0,,
result4-3,2025-02-08,17184.27002280,15548.99681195,1635.27321085,0.00000000,37901.89268750,39542.15560817,0.00000000,37983.12137963,3720.05685354,6144.32653241,6403.51606940,0.02155430,OPTIMAL_CAUSAL_MPC_4X,0.00000000,0.00000000,1419.57015815,10800.00000000,833.33333333,519.16188333,0,,
result4-3,2025-02-09,68512.48648628,56640.20694402,7234.40252205,4637.87702020,81739.05531799,87751.37911729,846.00216217,41693.40417786,4236.12994001,6403.51606940,5984.37791241,0.02222240,OPTIMAL_CAUSAL_MPC_4X,0.00000000,0.00000000,1200.00000000,10800.00000000,833.33333333,833.33333333,0,,
result4-3,2025-02-10,60688.98264344,57638.25016691,3006.86923928,43.86323726,84963.67461217,87214.31514297,10.18968800,36255.41570004,9176.14095926,5984.37791241,5889.57361444,0.02196780,OPTIMAL_CAUSAL_MPC_4X,0.00000000,0.00000000,1200.00000000,10800.00000000,833.33333333,751.92750000,0,,
result4-3,2025-02-11,63643.38976689,53387.73729510,4275.40706240,5980.24540939,79035.78396183,83325.98213659,1081.20864183,42793.72929181,3497.50157078,5889.57361444,6005.94052963,0.02156970,OPTIMAL_CAUSAL_MPC_4X,0.00000000,0.00000000,1200.00000000,10800.00000000,833.33333333,833.33333333,0,,
result4-3,2025-02-12,58366.59677683,54143.29039752,3273.41880362,949.88757569,80089.68425062,82804.25341236,177.80099267,41556.20885630,3208.13517072,6005.94052963,5972.88604815,0.02158450,OPTIMAL_CAUSAL_MPC_4X,0.00000000,0.00000000,1200.00000000,10800.00000000,833.33333333,833.33333333,0,,
result4-3,2025-02-13,55246.33416257,54021.34909980,360.29122307,864.69383971,80664.61495967,81073.69786795,144.14477017,38704.40619588,5587.45381507,5972.88604815,6067.27912500,0.02167860,OPTIMAL_CAUSAL_MPC_4X,0.00000000,0.00000000,1200.00000000,10800.00000000,833.33333333,809.24666667,0,,
result4-3,2025-02-14,17717.89589763,14435.29879398,2669.67191091,612.92519274,35456.48072840,38222.60065404,130.99916467,36898.72798070,4083.41001067,6067.27912500,6533.89882500,0.02124140,OPTIMAL_CAUSAL_MPC_4X,0.00000000,0.00000000,1200.00000000,10800.00000000,833.33333333,559.76725000,0,,
result4-3,2025-02-15,17257.31547544,14941.55492570,1462.11863597,853.64191377,35236.99456667,36958.63965685,216.51998333,38431.23995907,4369.93363389,6533.89882500,5804.26405741,0.02279490,OPTIMAL_CAUSAL_MPC_4X,0.00000000,0.00000000,1200.00000000,10800.00000000,833.33333333,547.31666667,0,,
result4-3,2025-02-16,59154.80736382,53462.78832323,2267.48985446,3424.52918613,79558.76492284,81768.51792681,643.42276567,43858.47766059,1141.94457217,5804.26405741,6453.11452707,0.02356960,OPTIMAL_CAUSAL_MPC_4X,0.00000000,0.00000000,1200.00000000,10800.00000000,833.33333333,833.33333333,0,,
result4-3,2025-02-17,55994.67829744,53507.00907886,1467.38631129,1020.28290729,79454.23042075,80768.71456633,156.89930556,37408.99066264,6075.32375647,6453.11452707,6033.41275389,0.02128950,OPTIMAL_CAUSAL_MPC_4X,0.00000000,0.00000000,1200.00000000,10800.00000000,833.33333333,833.33333333,0,,
result4-3,2025-02-18,55087.32179251,49866.55646779,5049.47544138,171.28988333,75966.34543560,79844.60834255,34.20666667,42256.51066070,2594.36244852,6033.41275389,6760.52172880,0.02202730,OPTIMAL_CAUSAL_MPC_4X,0.00000000,0.00000000,1500.24808278,10800.00000000,833.33333333,833.33333333,0,,
result4-3,2025-02-19,60947.12052247,49969.62799346,5753.01945563,5224.47307339,75815.60640699,81149.90795366,1025.10316417,43579.94093399,4633.46681934,6760.52172880,5817.73679093,0.02143770,OPTIMAL_CAUSAL_MPC_4X,0.00000000,0.00000000,1200.00000000,10800.00000000,833.33333333,833.33333333,0,,
result4-3,2025-02-20,54923.16732322,51488.45681529,3202.56241821,232.14808972,77276.12232593,79777.88962880,41.37743333,43763.61551866,3912.56982936,5817.73679093,6097.49780821,0.02251450,OPTIMAL_CAUSAL_MPC_4X,0.00000000,0.00000000,1335.92055809,10800.00000000,833.33333333,833.33333333,0,,
result4-3,2025-02-21,15371.77897819,14450.73248201,921.04649618,0.00000000,34603.43458615,35579.69271037,0.00000000,35260.09411973,6445.14119436,6097.49780821,5969.74563093,0.02123550,OPTIMAL_CAUSAL_MPC_4X,0.00000000,0.00000000,1266.53117130,10800.00000000,833.33333333,538.61000000,0,,
result4-3,2025-02-22,16930.98026294,14740.26895738,2190.71130555,0.00000000,34863.31196550,37110.86841967,0.00000000,36608.20470478,4970.69579499,5969.74563093,6424.81937421,0.02059130,OPTIMAL_CAUSAL_MPC_4X,0.00000000,0.00000000,1234.85117074,10800.00000000,833.33333333,530.30500000,0,,
result4-3,2025-02-23,54253.32996528,51729.85968927,1865.12615272,658.34412329,77631.36277946,79133.97325106,134.62794000,42854.66794535,3636.33848263,6424.81937421,5889.08429333,0.02298680,OPTIMAL_CAUSAL_MPC_4X,0.00000000,0.00000000,1200.00000000,10800.00000000,833.33333333,833.33333333,0,,
result4-3,2025-02-24,54185.88153345,49455.39587313,4459.71291366,270.77274666,75822.44166049,79240.56315494,53.11701667,39607.11255998,6414.58772829,5889.08429333,6356.95834315,0.02210600,OPTIMAL_CAUSAL_MPC_4X,0.00000000,0.00000000,1424.13460204,10800.00000000,833.33333333,833.33333333,0,,
result4-3,2025-02-25,49873.12986368,46892.83321004,2219.86239274,760.43426090,72842.43115823,74746.93271254,156.80148083,40388.17670271,5182.57924817,6356.95834315,5857.58675685,0.02141950,OPTIMAL_CAUSAL_MPC_4X,0.00000000,0.00000000,1200.00000000,10800.00000000,833.33333333,833.33333333,0,,
result4-3,2025-02-26,54011.05739372,46215.32232282,7265.18867566,530.54639524,71062.05256934,77054.25617595,101.77384417,41765.59769601,3432.40564994,5857.58675685,6282.70395102,0.02234790,OPTIMAL_CAUSAL_MPC_4X,0.00000000,0.00000000,1200.00000000,10800.00000000,833.33333333,821.25498333,0,,
result4-3,2025-02-27,57116.73958326,46372.05245846,1364.11833462,9380.56879017,72930.66136039,75662.93995633,1651.80824800,41668.47440025,4482.77506008,6282.70395102,6131.41002000,0.02097590,OPTIMAL_CAUSAL_MPC_4X,0.00000000,0.00000000,1200.00000000,10800.00000000,833.33333333,833.33333333,0,,
result4-3,2025-02-28,15280.81964065,13541.54832798,1739.27131267,0.00000000,33700.98903765,35499.19434321,0.00000000,35008.14308416,8522.83867572,6131.41002000,6140.33349037,0.02135950,OPTIMAL_CAUSAL_MPC_4X,0.00000000,0.00000000,1346.65037093,10800.00000000,833.33333333,520.97380000,0,,
result4-3,2025-03-01,14981.14065973,13663.27044309,92.37852352,1225.49169312,33746.10544630,34134.69880513,262.55608417,34045.04297221,7002.26453125,6140.33349037,6039.65656352,0.02118990,OPTIMAL_CAUSAL_MPC_4X,0.00000000,0.00000000,1200.00000000,10800.00000000,833.33333333,478.94683333,0,,
result4-3,2025-03-02,54020.57987330,50652.47212752,3368.10774578,0.00000000,77142.35085724,79517.18635731,0.00000000,42394.03600013,2587.47982726,6039.65656352,6161.52666835,0.02198900,OPTIMAL_CAUSAL_MPC_4X,0.00000000,0.00000000,1258.79894270,10800.00000000,833.33333333,777.88478333,0,,
result4-3,2025-03-03,53758.91793387,52336.41712105,211.58550589,1210.91530693,79929.02840245,80265.41005729,225.10460717,45622.43330246,3625.81181597,6161.52666835,5993.95727000,0.02673860,OPTIMAL_CAUSAL_MPC_4X,0.00000000,0.00000000,1200.00000000,10800.00000000,833.33333333,809.76000000,0,,
result4-3,2025-03-04,52351.19154459,52351.19154459,0.00000000,0.00000000,79665.81898374,79665.81898374,0.00000000,38418.73331049,6577.59520658,5993.95727000,5849.01663019,0.02098370,OPTIMAL_CAUSAL_MPC_4X,0.00000000,0.00000000,1202.37745944,10800.00000000,833.33333333,806.01956667,0,,
result4-3,2025-03-05,49232.42889632,48726.63892608,0.00000000,505.78997024,76861.72370700,76944.57775183,82.85404483,38894.76639982,6600.26864568,5849.01663019,5980.70525019,0.02142310,OPTIMAL_CAUSAL_MPC_4X,0.00000000,0.00000000,1200.00000000,10800.00000000,833.33333333,824.30000000,0,,
result4-3,2025-03-06,49056.44038236,46582.95943924,2473.48094311,0.00000000,73140.97523951,74909.11082254,0.00000000,39111.59902240,4479.72796029,5980.70525019,6365.92479745,0.02188620,OPTIMAL_CAUSAL_MPC_4X,0.00000000,0.00000000,1560.49431935,10800.00000000,833.33333333,768.51000000,0,,
result4-3,2025-03-07,13064.63117994,13064.63117994,0.00000000,0.00000000,32225.90848229,32225.90848229,0.00000000,31116.68545331,8408.56269774,6365.92479745,5992.52969667,0.02085790,OPTIMAL_CAUSAL_MPC_4X,0.00000000,0.00000000,1265.72010241,10800.00000000,833.33333333,463.29706667,0,,
result4-3,2025-03-08,15018.35269857,12735.90517597,1351.70062776,930.74689484,31295.42355123,32949.65047448,296.35170783,32686.71953229,10262.26949319,5992.52969667,6186.64099657,0.02111970,OPTIMAL_CAUSAL_MPC_4X,0.00000000,0.00000000,1200.00000000,10800.00000000,833.33333333,464.62766667,0,,
result4-3,2025-03-09,47632.78040994,42938.20277190,4503.86815293,190.70948511,69134.71331080,72773.70240644,37.38840017,45437.97541763,4794.01020515,6186.64099657,6062.38944907,0.02228110,OPTIMAL_CAUSAL_MPC_4X,0.00000000,0.00000000,1200.00000000,10800.00000000,833.33333333,780.83166667,0,,
result4-3,2025-03-10,56469.45019152,43656.14253476,7550.35311324,5262.95454353,68025.33608066,75383.07376843,972.74684200,42553.62566909,2901.86037545,6062.38944907,6034.42169333,0.02146260,OPTIMAL_CAUSAL_MPC_4X,0.00000000,0.00000000,1200.00000000,10800.00000000,833.33333333,822.23288333,0,,
result4-3,2025-03-11,50567.54308173,45716.93147524,4850.61160650,0.00000000,72543.66297305,76167.69415262,0.00000000,38756.55405921,7701.82685730,6034.42169333,6495.55030738,0.02285430,OPTIMAL_CAUSAL_MPC_4X,0.00000000,0.00000000,1423.74516194,10800.00000000,833.33333333,788.23151667,0,,
result4-3,2025-03-12,45749.36954211,42545.11077873,3204.25876338,0.00000000,68295.60763975,70728.42938529,0.00000000,40809.91276315,4418.91556381,6495.55030738,6083.33853796,0.02278720,OPTIMAL_CAUSAL_MPC_4X,0.00000000,0.00000000,1283.51729241,10800.00000000,833.33333333,792.35333333,0,,
result4-3,2025-03-13,60429.72127456,41970.67971004,8586.50682537,9872.53473915,66219.23018765,75696.46683800,1786.90789900,40804.85530246,3975.37349032,6083.33853796,5974.83178333,0.02474220,OPTIMAL_CAUSAL_MPC_4X,0.00000000,0.00000000,1200.00000000,10800.00000000,833.33333333,829.37666667,0,,
result4-3,2025-03-14,14925.98908820,11884.06635177,1988.03021513,1053.89252130,29786.54394500,32196.40385358,327.57310183,31286.82524852,12395.99864472,5974.83178333,6464.26267276,0.02927270,OPTIMAL_CAUSAL_MPC_4X,0.00000000,0.00000000,1200.00000000,10800.00000000,833.33333333,496.71500000,0,,
result4-3,2025-03-15,15003.45174658,12491.32594082,745.77112292,1766.35468284,30510.70187785,31736.40142524,435.25722700,37098.76384146,7573.61187985,6464.26267276,5804.93902042,0.04077140,OPTIMAL_CAUSAL_MPC_4X,0.00000000,0.00000000,1200.00000000,10800.00000000,833.33333333,494.00738333,0,,
result4-3,2025-03-16,47855.54611657,42977.30725652,4870.15776005,8.08110000,68912.23663237,72803.62590625,1.64000000,41726.17043347,4830.29432378,5804.93902042,6048.47392741,0.02211670,OPTIMAL_CAUSAL_MPC_4X,0.00000000,0.00000000,1389.55768593,10800.00000000,833.33333333,833.33333333,0,,
result4-3,2025-03-17,44399.45969574,41524.80958230,2874.65011344,0.00000000,68756.32445821,70930.04507194,0.00000000,36332.27864014,9015.22560179,6048.47392741,6292.62526352,0.02159180,OPTIMAL_CAUSAL_MPC_4X,0.00000000,0.00000000,1262.60622574,10800.00000000,833.33333333,792.12985000,0,,
result4-3,2025-03-18,53103.73838455,37582.33637832,5007.32636599,10514.07564023,61404.22520247,68108.44143806,1853.53869167,39618.28371870,3273.55924733,6292.62526352,5840.22427185,0.02787310,OPTIMAL_CAUSAL_MPC_4X,0.00000000,0.00000000,1200.00000000,10800.00000000,833.33333333,801.53041667,0,,
result4-3,2025-03-19,45224.33106345,39877.95756491,3965.92271969,1380.45077885,65259.18436767,69026.68005049,273.20647482,41641.02316537,4689.47327613,5840.22427185,6343.58446389,0.03009050,OPTIMAL_CAUSAL_MPC_4X,0.00000000,0.00000000,1200.00000000,10800.00000000,833.33333333,823.44500000,0,,
result4-3,2025-03-20,45561.07678706,40985.54330246,4125.56923966,449.96424493,66365.37223613,69799.06061368,82.05807477,42339.16327283,3448.31352730,6343.58446389,6039.24575074,0.02504070,OPTIMAL_CAUSAL_MPC_4X,0.00000000,0.00000000,1200.00000000,10800.00000000,833.33333333,827.01500000,0,,
result4-3,2025-03-21,14582.03138866,11403.10228510,1700.84071738,1478.08838619,29295.28107917,31456.94484084,478.88818551,32264.23351110,16123.11041694,6039.24575074,5952.28195351,0.02095460,OPTIMAL_CAUSAL_MPC_4X,0.00000000,0.00000000,1200.00000000,10800.00000000,833.33333333,494.82500000,0,,
result4-3,2025-03-22,13551.25566743,11952.54402410,1598.71164333,0.00000000,30264.39080534,31908.16347269,0.00000000,33275.64399307,12133.83807138,5952.28195351,6354.60700926,0.03549750,OPTIMAL_CAUSAL_MPC_4X,0.00000000,0.00000000,1423.50462809,10800.00000000,833.33333333,468.61526667,0,,
result4-3,2025-03-23,42587.09708777,39829.37591350,1901.30146515,856.41970911,65808.79143921,67418.25191004,166.80216945,43156.37148971,4297.21304221,6354.60700926,6174.70498512,0.03284610,OPTIMAL_CAUSAL_MPC_4X,0.00000000,0.00000000,1200.00000000,10800.00000000,833.33333333,817.68986667,0,,
result4-3,2025-03-24,48408.86007360,36550.06878442,6338.78428815,5520.00700102,60285.48318842,66548.09989178,1031.45839051,39618.25375246,4615.23064008,6174.70498512,5949.00799167,0.02297880,OPTIMAL_CAUSAL_MPC_4X,0.00000000,0.00000000,1200.00000000,10800.00000000,833.33333333,805.68500000,0,,
result4-3,2025-03-25,49971.92256405,37702.25709366,6680.36392825,5589.30154214,61842.88012109,68385.05971815,1082.90419747,39228.28070827,3166.09334772,5949.00799167,6100.80246875,0.02394460,OPTIMAL_CAUSAL_MPC_4X,0.00000000,0.00000000,1200.00000000,10800.00000000,833.33333333,800.19250000,0,,
result4-3,2025-03-26,41844.99625442,37602.79547156,4242.20078286,0.00000000,62474.81792154,65716.44412049,0.00000000,40079.92938892,5756.81563054,6100.80246875,6261.47839889,0.02327880,OPTIMAL_CAUSAL_MPC_4X,0.00000000,0.00000000,1239.76679078,10800.00000000,833.33333333,787.93375000,0,,
result4-3,2025-03-27,45124.87144081,36771.11563896,6048.75175191,2305.00404995,60746.30100931,67016.20391872,434.32410747,38687.77954445,4437.31935222,6261.47839889,6061.11847551,0.02272970,OPTIMAL_CAUSAL_MPC_4X,0.00000000,0.00000000,1200.00000000,10800.00000000,833.33333333,766.72541667,0,,
result4-3,2025-03-28,13161.08192620,11276.00750587,1184.83881927,700.23560106,28634.28589721,30105.86971203,230.89383380,31045.64635077,16076.25586413,6061.11847551,6009.63184794,0.02145390,OPTIMAL_CAUSAL_MPC_4X,0.00000000,0.00000000,1200.00000000,10800.00000000,833.33333333,483.87333333,0,,
result4-3,2025-03-29,13499.64355889,11255.58011932,1507.98372612,736.07971345,28861.19311562,30572.55110196,179.68502708,32284.05610505,19485.65091457,6009.63184794,6000.33743537,0.02455300,OPTIMAL_CAUSAL_MPC_4X,0.00000000,0.00000000,1200.00000000,10800.00000000,833.33333333,482.24500000,0,,
result4-3,2025-03-30,41260.63543733,35004.70237114,4689.96755884,1565.96550735,58652.19166997,63241.68040138,299.97122965,42180.18757472,3492.22426119,6000.33743537,5976.28650068,0.02329300,OPTIMAL_CAUSAL_MPC_4X,0.00000000,0.00000000,1200.00000000,10800.00000000,833.33333333,761.57913333,0,,
result4-3,2025-03-31,42343.20087539,35003.18524172,6244.55879939,1095.45683429,58426.90809311,64178.69596388,192.56249412,38380.22634373,3081.86196390,5976.28650068,6093.51515058,0.02207810,OPTIMAL_CAUSAL_MPC_4X,0.00000000,0.00000000,1200.00000000,10800.00000000,833.33333333,796.04708333,0,,
result4-3,2025-04-01,44167.66249942,37879.20355449,5530.37513928,758.08380565,61645.90763935,67147.28027371,149.24104124,39239.05434677,2838.57646668,6093.51515058,6074.24421707,0.02186960,OPTIMAL_CAUSAL_MPC_4X,0.00000000,0.00000000,1200.00000000,10800.00000000,833.33333333,772.03645000,0,,
result4-3,2025-04-02,47938.44936769,36162.46966458,7096.81793961,4679.16176350,60143.12034078,68085.07165623,845.51918597,40012.46668857,3528.21724272,6074.24421707,5995.12240796,0.02163130,OPTIMAL_CAUSAL_MPC_4X,0.00000000,0.00000000,1200.00000000,10800.00000000,833.33333333,788.41291667,0,,
result4-3,2025-04-03,41928.93053039,37959.19269136,3923.57133728,46.16650175,62464.79423166,65637.22779467,6.65847000,38635.81721195,5596.17261506,5995.12240796,6117.63064250,0.02341200,OPTIMAL_CAUSAL_MPC_4X,0.00000000,0.00000000,1200.00000000,10800.00000000,833.33333333,779.54625000,0,,
result4-3,2025-04-04,12635.76689004,10660.10663370,1560.29108400,415.36917234,28244.90588665,30004.71924422,129.60397380,34863.33548969,19775.16573227,6117.63064250,6257.46733199,0.02721350,OPTIMAL_CAUSAL_MPC_4X,0.00000000,0.00000000,1200.00000000,10800.00000000,833.33333333,503.50333333,0,,
result4-3,2025-04-05,12241.19556731,10834.24328450,1406.95228281,0.00000000,27623.75946871,29056.45410083,0.00000000,29541.02847100,13977.17869972,6257.46733199,6191.27008015,0.02184530,OPTIMAL_CAUSAL_MPC_4X,0.00000000,0.00000000,1231.40757603,10800.00000000,833.33333333,483.91773333,0,,
result4-3,2025-04-06,39806.04576280,35992.81383768,2768.74404730,1044.48787782,59841.98619946,62383.01484263,191.19081293,41954.67218405,3692.75627706,6191.27008015,6066.68243907,0.02246220,OPTIMAL_CAUSAL_MPC_4X,0.00000000,0.00000000,1200.00000000,10800.00000000,833.33333333,772.53166667,0,,
result4-3,2025-04-07,37354.47236295,34881.57786968,1715.80773677,757.08675651,58253.77911067,59831.24666798,115.00453056,38654.86843362,2800.27061924,6066.68243907,5795.74896296,0.02641350,OPTIMAL_CAUSAL_MPC_4X,0.00000000,0.00000000,1200.00000000,10800.00000000,833.33333333,735.01901667,0,,
result4-3,2025-04-08,43178.01178927,35561.58371552,3433.89000514,4182.53806861,59937.03446382,63359.97748039,798.36603533,39380.78546522,4780.05239795,5795.74896296,5889.10158222,0.02334100,OPTIMAL_CAUSAL_MPC_4X,0.00000000,0.00000000,1200.00000000,10800.00000000,833.33333333,746.50500000,0,,
result4-3,2025-04-09,43768.58746118,36091.31254336,7677.27491782,0.00000000,60204.48188570,67275.42325879,0.00000000,38119.71747198,3993.45515581,5889.10158222,6036.05325253,0.02552690,OPTIMAL_CAUSAL_MPC_4X,0.00000000,0.00000000,1329.11711585,10800.00000000,833.33333333,749.65525000,0,,
result4-3,2025-04-10,39904.86990876,35973.75953203,3506.93861282,424.17176391,60432.40346387,63217.36256557,114.17594229,38272.10917183,4830.27414361,6036.05325253,5944.48364259,0.02174480,OPTIMAL_CAUSAL_MPC_4X,0.00000000,0.00000000,1200.00000000,10800.00000000,833.33333333,766.96691667,0,,
result4-3,2025-04-11,12315.08051025,10540.76958111,1396.14941740,378.16151174,27446.33450433,29001.31695554,123.16695217,32398.33102225,20009.72629951,5944.48364259,6220.01663789,0.02555000,OPTIMAL_CAUSAL_MPC_4X,0.00000000,0.00000000,1200.00000000,10800.00000000,833.33333333,493.15333333,0,,
result4-3,2025-04-12,12564.93991993,10927.38028146,1637.55963847,0.00000000,27923.68514841,29681.11356285,0.00000000,35316.54260211,16793.19431808,6220.01663789,6376.37782852,0.02083170,OPTIMAL_CAUSAL_MPC_4X,0.00000000,0.00000000,1520.21120429,10800.00000000,833.33333333,476.15393333,0,,
result4-3,2025-04-13,41455.76566782,34451.82793764,4395.52484293,2608.41288724,57174.28595270,61508.17439884,483.99726111,38557.83713794,3040.75188335,6376.37782852,6520.73162963,0.02253720,OPTIMAL_CAUSAL_MPC_4X,0.00000000,0.00000000,1200.00000000,10800.00000000,833.33333333,748.98000000,0,,
result4-3,2025-04-14,36092.09966902,33133.96275919,2958.13690982,0.00000000,55972.37081754,58481.41572933,0.00000000,40792.20085517,1966.60564150,6520.73162963,6223.81526213,0.02246040,OPTIMAL_CAUSAL_MPC_4X,0.00000000,0.00000000,1200.12219542,10800.00000000,833.33333333,759.31666667,0,,
result4-3,2025-04-15,36337.79260796,33128.39481888,3170.34944180,39.04834728,55982.48708158,58651.36511831,9.75355246,37436.85434883,4661.37831677,6223.81526213,6144.09726000,0.02146110,OPTIMAL_CAUSAL_MPC_4X,0.00000000,0.00000000,1200.00000000,10800.00000000,833.33333333,751.07358333,0,,
result4-3,2025-04-16,43138.64605468,34628.39649301,5465.92020744,3044.32935423,57591.28667362,63054.57772560,576.61842771,40302.72870503,3223.26848759,6144.09726000,5964.14716963,0.02350100,OPTIMAL_CAUSAL_MPC_4X,0.00000000,0.00000000,1200.00000000,10800.00000000,833.33333333,748.30733333,0,,
result4-3,2025-04-17,37566.15516899,34226.26918539,2739.50681708,600.37916652,57743.79283093,60067.88897414,92.76849284,37699.16656974,3148.93341719,5964.14716963,6057.90731204,0.02202140,OPTIMAL_CAUSAL_MPC_4X,0.00000000,0.00000000,1200.00000000,10800.00000000,833.33333333,750.87666667,0,,
result4-3,2025-04-18,11542.57947464,10181.00021961,1043.29689707,318.28235797,26928.43313233,28193.02973164,104.55510312,31208.58260855,18493.80172052,6057.90731204,6127.36281352,0.02166080,OPTIMAL_CAUSAL_MPC_4X,0.00000000,0.00000000,1200.00000000,10800.00000000,833.33333333,475.26000000,0,,
result4-3,2025-04-19,12220.43170481,10053.27242586,1138.99417012,1028.16510883,26535.87270217,28130.78447270,313.94702929,32228.06983627,17910.88696297,6127.36281352,6179.81380309,0.02416510,OPTIMAL_CAUSAL_MPC_4X,0.00000000,0.00000000,1200.00000000,10800.00000000,833.33333333,475.26865000,0,,
result4-3,2025-04-20,39741.52217634,33569.35402241,3888.69353118,2283.47462275,56596.23333606,60378.98387779,442.90297267,41040.78694946,4211.83962088,6179.81380309,6080.51566185,0.02179490,OPTIMAL_CAUSAL_MPC_4X,0.00000000,0.00000000,1200.00000000,10800.00000000,833.33333333,721.54490000,0,,
result4-3,2025-04-21,35785.40151982,32471.71192305,3313.68959677,0.00000000,55208.66435666,57920.84690313,0.00000000,35797.34023730,5644.03624372,6080.51566185,6082.69613664,0.02542770,OPTIMAL_CAUSAL_MPC_4X,0.00000000,0.00000000,1332.81037014,10800.00000000,833.33333333,741.01655000,0,,
result4-3,2025-04-22,43901.88540490,31075.24271425,6312.21225945,6514.43043120,51026.78863385,58636.92099764,1191.48081063,36227.98497612,2975.11795195,6082.69613664,5786.99852778,0.02733270,OPTIMAL_CAUSAL_MPC_4X,0.00000000,0.00000000,1200.00000000,10800.00000000,833.33333333,750.78666667,0,,
result4-3,2025-04-23,37252.95169100,33761.84760541,3491.10408559,0.00000000,56913.21872698,59671.94650800,0.00000000,36552.66458401,3678.25006444,5786.99852778,6547.96243596,0.02196890,OPTIMAL_CAUSAL_MPC_4X,0.00000000,0.00000000,1487.56061910,10800.00000000,833.33333333,746.91333333,0,,
result4-3,2025-04-24,36038.19162539,32043.60315532,3994.58847007,0.00000000,53786.60435982,56973.92962253,0.00000000,34692.99597947,6667.08086462,6547.96243596,6120.53681858,0.02228260,OPTIMAL_CAUSAL_MPC_4X,0.00000000,0.00000000,1336.78636914,10800.00000000,833.33333333,745.50166667,0,,
result4-3,2025-04-25,11460.66439475,9160.75336668,2299.91102807,0.00000000,25392.12323021,27820.90367265,0.00000000,30590.39776432,21950.43206955,6120.53681858,6783.16497407,0.02099580,OPTIMAL_CAUSAL_MPC_4X,0.00000000,0.00000000,1510.01084734,10800.00000000,833.33333333,490.20833333,0,,
result4-3,2025-04-26,11345.98947209,9515.09834724,1830.89112486,0.00000000,25195.31229218,27170.91740162,0.00000000,34923.68990039,24364.73249378,6783.16497407,5847.96671062,0.02144520,OPTIMAL_CAUSAL_MPC_4X,0.00000000,0.00000000,1218.13838358,10800.00000000,833.33333333,484.13323333,0,,
result4-3,2025-04-27,37683.31274162,30940.96719951,4193.36429081,2548.98125129,52055.76545204,56368.24265575,490.58844898,41095.75271106,2740.42830861,5847.96671062,6592.50455028,0.02241120,OPTIMAL_CAUSAL_MPC_4X,0.00000000,0.00000000,1200.00000000,10800.00000000,833.33333333,733.86311667,0,,
result4-3,2025-04-28,46852.63868167,31048.75154410,11053.60006351,4750.28707405,51394.16432276,63682.71432050,902.15678793,37815.01719768,3608.12402429,6592.50455028,6072.72361995,0.02220800,OPTIMAL_CAUSAL_MPC_4X,0.00000000,0.00000000,1200.00000000,10800.00000000,833.33333333,730.89166667,0,,
result4-3,2025-04-29,37616.55606870,33110.45139888,3680.63529623,825.46937360,56950.11501876,60016.57014167,124.73094192,31573.02216952,9031.77300826,6072.72361995,6311.33016000,0.02107810,OPTIMAL_CAUSAL_MPC_4X,0.00000000,0.00000000,1200.00000000,10800.00000000,833.33333333,748.99166667,0,,
result4-3,2025-04-30,34275.27338006,30614.21013646,2985.23463541,675.82860819,51961.94046999,54979.74389651,133.39512557,36333.10567433,3276.39852867,6311.33016000,5941.80711185,0.02214780,OPTIMAL_CAUSAL_MPC_4X,0.00000000,0.00000000,1200.00000000,10800.00000000,833.33333333,746.83783333,0,,
result4-3,2025-05-01,49009.46990536,30865.26168747,6939.87522424,11204.33299365,49821.55824606,57194.70406652,1960.97968828,34238.16205689,2876.12767096,5941.80711185,5653.34981028,0.02119550,OPTIMAL_CAUSAL_MPC_4X,0.00000000,0.00000000,1200.00000000,10800.00000000,833.33333333,819.61481667,0,,
result4-3,2025-05-02,18330.59907738,10417.89922180,3667.36104358,4245.33881200,26109.87565697,30905.68807840,1163.58036260,35215.51149134,12741.54151203,5653.34981028,5831.50467191,0.02278190,OPTIMAL_CAUSAL_MPC_4X,0.00000000,0.00000000,1200.00000000,10800.00000000,833.33333333,546.41555000,0,,
result4-3,2025-05-03,15354.16176662,10471.03519179,3112.78932950,1770.33724533,26467.04275861,29963.60189522,477.81051993,32540.18826478,17368.54991435,5831.50467191,6145.29779889,0.02136290,OPTIMAL_CAUSAL_MPC_4X,0.00000000,0.00000000,1200.00000000,10800.00000000,833.33333333,572.50833333,0,,
result4-3,2025-05-04,40861.00709557,32726.63588902,5018.78617996,3115.58502660,53235.47352937,57795.48464978,532.20074821,36039.55512767,2509.00142447,6145.29779889,5912.67073790,0.02376870,OPTIMAL_CAUSAL_MPC_4X,0.00000000,0.00000000,1200.00000000,10800.00000000,833.33333333,833.33333333,0,,
result4-3,2025-05-05,42076.38301333,33472.92213370,7156.55062963,1446.91025000,55607.99484743,61850.60014202,226.86347981,38872.55037950,2609.84708069,5912.67073790,5997.34082728,0.02830430,OPTIMAL_CAUSAL_MPC_4X,0.00000000,0.00000000,1200.00000000,10800.00000000,833.33333333,815.62778333,0,,
result4-3,2025-05-06,49672.95862016,32639.10132521,6342.95872861,10690.89856634,52841.49160086,60173.71627028,1935.59185881,37631.03054882,3640.26940814,5997.34082728,5708.89301202,0.02486020,OPTIMAL_CAUSAL_MPC_4X,0.00000000,0.00000000,1200.00000000,10800.00000000,833.33333333,812.36050000,0,,
result4-3,2025-05-07,49222.53385900,31794.70244249,10169.09523508,7258.73618144,52391.89809201,62260.86237749,1336.21664535,36875.89077637,3030.70081039,5708.89301202,6001.87746727,0.02250650,OPTIMAL_CAUSAL_MPC_4X,0.00000000,0.00000000,1200.00000000,10800.00000000,833.33333333,833.01166667,0,,
result4-3,2025-05-08,44584.11702788,35473.28984672,7413.03499466,1697.79218650,55936.42710229,63623.99912519,287.13834333,36396.79785219,3943.51355880,6001.87746727,6035.37737796,0.02233620,OPTIMAL_CAUSAL_MPC_4X,0.00000000,0.00000000,1200.00000000,10800.00000000,833.33333333,833.33333333,0,,
result4-3,2025-05-09,13487.19075895,11656.80241653,1390.05848930,440.32985312,28598.33120033,30144.32825751,147.17509018,32761.11881609,18008.89863995,6035.37737796,6233.50329142,0.02080830,OPTIMAL_CAUSAL_MPC_4X,0.00000000,0.00000000,1200.00000000,10800.00000000,833.33333333,560.79180000,0,,
result4-3,2025-05-10,13739.79165067,12173.36765394,1566.42399673,0.00000000,28314.48449018,29849.68243232,0.00000000,31457.66521452,14500.33832057,6233.50329142,6159.20578512,0.02156020,OPTIMAL_CAUSAL_MPC_4X,0.00000000,0.00000000,1461.74803046,10800.00000000,833.33333333,554.00495000,0,,
result4-3,2025-05-11,42846.16271578,36453.71660662,4356.46654348,2035.97956568,58860.90673722,63131.02552327,296.82900667,39218.73011648,3683.88304901,6159.20578512,6004.53134926,0.02195370,OPTIMAL_CAUSAL_MPC_4X,0.00000000,0.00000000,1200.00000000,10800.00000000,833.33333333,833.33333333,0,,
result4-3,2025-05-12,40280.42241055,36174.21325061,4106.20915994,0.00000000,58601.71303901,61685.27677432,0.00000000,31122.90617214,5967.43176430,6004.53134926,6527.02241765,0.02155530,OPTIMAL_CAUSAL_MPC_4X,0.00000000,0.00000000,1460.00441380,10800.00000000,833.33333333,807.39333333,0,,
result4-3,2025-05-13,40215.35891780,34466.88580926,5748.47310854,0.00000000,55149.34471776,60956.85378593,0.00000000,33434.24938637,4133.65874867,6527.02241765,6712.35604341,0.02303460,OPTIMAL_CAUSAL_MPC_4X,0.00000000,0.00000000,1472.23243269,10800.00000000,833.33333333,825.48123333,0,,
result4-3,2025-05-14,37846.26616576,35292.72058607,2553.54557969,0.00000000,57711.29070703,59620.62601837,0.00000000,39072.62623402,3158.48127649,6712.35604341,6055.17476591,0.02188510,OPTIMAL_CAUSAL_MPC_4X,0.00000000,0.00000000,1306.92199461,10800.00000000,833.33333333,823.00833333,0,,
result4-3,2025-05-15,40609.57013353,35703.39388870,4906.17624482,0.00000000,57554.46805078,61274.82471706,0.00000000,35155.45530600,4097.00398507,6055.17476591,6781.59894588,0.02245170,OPTIMAL_CAUSAL_MPC_4X,0.00000000,0.00000000,1812.00728894,10800.00000000,833.33333333,805.62166667,0,,
result4-3,2025-05-16,12019.91030126,11061.01390448,958.89639678,0.00000000,26963.90381821,27956.73386222,0.00000000,30719.42947018,23155.52666162,6781.59894588,5636.28039500,0.02515270,OPTIMAL_CAUSAL_MPC_4X,0.00000000,0.00000000,1359.87188426,10800.00000000,833.33333333,566.11333333,0,,
result4-3,2025-05-17,13981.91844654,11551.10268766,1946.87576454,483.93999435,28048.08838779,30232.21009085,290.04494717,31752.70539476,16003.71932920,5636.28039500,6085.29590208,0.02164500,OPTIMAL_CAUSAL_MPC_4X,0.00000000,0.00000000,1200.00000000,10800.00000000,833.33333333,593.32743333,0,,
result4-3,2025-05-18,39451.87609082,36636.48380410,2605.04545451,210.34683221,59459.87631535,61687.04987034,41.68808269,39483.61365661,3531.87284940,6085.29590208,6421.47343105,0.02172950,OPTIMAL_CAUSAL_MPC_4X,0.00000000,0.00000000,1200.00000000,10800.00000000,833.33333333,833.33333333,0,,
result4-3,2025-05-19,37735.44728666,33864.72364735,2733.70005638,1137.02358293,55104.85648952,57560.23096498,185.55395613,32121.12645989,7234.30738045,6421.47343105,5857.23215611,0.02151930,OPTIMAL_CAUSAL_MPC_4X,0.00000000,0.00000000,1200.00000000,10800.00000000,833.33333333,833.33333333,0,,
result4-3,2025-05-20,42123.18385952,32651.21435637,7064.23174763,2407.73775553,53383.63975684,60543.76987499,365.55763144,34540.83289217,2556.32988327,5857.23215611,5690.52299907,0.02215630,OPTIMAL_CAUSAL_MPC_4X,0.00000000,0.00000000,1200.00000000,10800.00000000,833.33333333,831.57333333,0,,
result4-3,2025-05-21,40276.21004091,35116.49455324,4373.61174038,786.10374729,57109.59433467,60875.03044256,146.65694594,31797.13771151,5954.55123905,5690.52299907,5911.78829370,0.02180700,OPTIMAL_CAUSAL_MPC_4X,0.00000000,0.00000000,1200.00000000,10800.00000000,833.33333333,811.00433333,0,,
result4-3,2025-05-22,38838.59717785,33675.97980505,2763.05421499,2399.56315780,54738.46363485,57623.37019775,365.06793150,34157.65584992,2881.90471783,5911.78829370,6252.89725426,0.02223810,OPTIMAL_CAUSAL_MPC_4X,0.00000000,0.00000000,1200.00000000,10800.00000000,833.33333333,833.33333333,0,,
result4-3,2025-05-23,13785.68262948,10653.53679323,1987.79230244,1144.35353381,26688.69907467,29007.83440512,385.14053456,31334.35719410,19094.48625556,6252.89725426,6457.18325704,0.02168490,OPTIMAL_CAUSAL_MPC_4X,0.00000000,0.00000000,1200.00000000,10800.00000000,833.33333333,551.31406667,0,,
result4-3,2025-05-24,12617.02232932,11493.17043203,775.25875868,348.59313861,27615.96772295,28660.01130916,192.96603300,33346.80243676,21660.57362884,6457.18325704,6200.20672068,0.02113610,OPTIMAL_CAUSAL_MPC_4X,0.00000000,0.00000000,1200.00000000,10800.00000000,833.33333333,551.42843333,0,,
result4-3,2025-05-25,38422.98656625,33319.96630117,4561.44922241,541.57104267,54991.62243246,58610.28155114,99.52212935,34094.65179801,6522.68567219,6200.20672068,6163.59353593,0.02232220,OPTIMAL_CAUSAL_MPC_4X,0.00000000,0.00000000,1200.00000000,10800.00000000,833.33333333,810.78935000,0,,
result4-3,2025-05-26,49652.27798175,31979.10314666,9524.10543436,8149.06940073,50960.64849267,62507.20558425,1434.00178723,35898.78520608,4358.36179239,6163.59353593,5963.11599960,0.02252890,OPTIMAL_CAUSAL_MPC_4X,0.00000000,0.00000000,1200.00000000,10800.00000000,833.33333333,824.93333333,0,,
result4-3,2025-05-27,38056.39230218,35181.86534422,2710.02513448,164.50182348,58243.06945453,60402.76869844,34.75635400,32864.07317841,7551.52966753,5963.11599960,5974.22929352,0.02172710,OPTIMAL_CAUSAL_MPC_4X,0.00000000,0.00000000,1200.00000000,10800.00000000,833.33333333,814.75220000,0,,
result4-3,2025-05-28,47084.34240716,33273.09020532,5646.27024280,8164.98195904,53880.16816784,60347.20772150,1460.87467563,37368.27050818,3738.77738507,5974.22929352,6388.48812207,0.02357550,OPTIMAL_CAUSAL_MPC_4X,0.00000000,0.00000000,1200.00000000,10800.00000000,833.33333333,825.78253333,0,,
result4-3,2025-05-29,40910.08351480,33398.44628251,7511.63723230,0.00000000,54289.16386777,61270.39961834,0.00000000,37819.67906342,3172.33717845,6388.48812207,6406.50504383,0.02687190,OPTIMAL_CAUSAL_MPC_4X,0.00000000,0.00000000,1376.92325938,10800.00000000,833.33333333,815.39500000,0,,
result4-3,2025-05-30,13157.66453820,10886.19847325,2271.46606495,0.00000000,26509.92926639,28579.35025656,0.00000000,31077.18145035,18553.73437488,6406.50504383,6574.57063139,0.02193930,OPTIMAL_CAUSAL_MPC_4X,0.00000000,0.00000000,1272.43519391,10800.00000000,833.33333333,532.51976667,0,,
result4-3,2025-05-31,13541.08898387,10651.21177810,1476.69217630,1413.18502947,26635.76945765,28482.17060332,454.56691923,31421.58919444,16931.52968843,6574.57063139,6436.87035556,0.02095740,OPTIMAL_CAUSAL_MPC_4X,0.00000000,0.00000000,1200.00000000,10800.00000000,833.33333333,571.76063333,0,,
result4-3,2025-06-01,68115.38325363,37495.29051681,23462.07100185,7158.02173496,55664.90368360,76300.85685239,1272.69678371,47240.13415151,705.66576561,6436.87035556,5845.05634182,0.02185160,OPTIMAL_CAUSAL_MPC_4X,0.00000000,0.00000000,1200.00000000,10234.57408696,833.33333333,833.33333333,0,,
result4-3,2025-06-02,59466.52102351,41013.36849565,17258.89500995,1194.25751790,61965.57701569,74430.73489746,175.40533333,39148.39219661,858.07825708,5845.05634182,6671.97440694,0.02254280,OPTIMAL_CAUSAL_MPC_4X,0.00000000,0.00000000,1933.74602954,10800.00000000,833.33333333,833.33333333,0,,
result4-3,2025-06-03,57517.22265119,38455.96533240,19061.25731879,0.00000000,58242.71566274,74132.43517458,0.00000000,39684.59940740,1237.69740612,6671.97440694,7211.53968759,0.02238930,OPTIMAL_CAUSAL_MPC_4X,0.00000000,0.00000000,2052.07979542,10800.00000000,833.33333333,819.26104583,0,,
result4-3,2025-06-04,60566.17859774,39171.00068155,17127.13254183,4268.04537436,59124.16230902,74188.82878602,765.92151901,40079.35205941,1654.39806636,7211.53968759,5886.16226156,0.02227320,OPTIMAL_CAUSAL_MPC_4X,0.00000000,0.00000000,1200.00000000,10800.00000000,833.33333333,833.33333333,0,,
result4-3,2025-06-05,63378.98124163,41421.82987356,16302.90562946,5654.24573861,62480.08122992,76339.61119098,963.27626751,42706.13377980,1089.38095148,5886.16226156,5501.98765332,0.02254080,OPTIMAL_CAUSAL_MPC_4X,0.00000000,0.00000000,1200.00000000,10800.00000000,833.33333333,833.33333333,0,,
result4-3,2025-06-06,27835.53744650,12716.74135553,10090.73617658,5028.05991439,28276.58615001,38026.56494303,2165.83379915,33490.98745186,2710.33726944,5501.98765332,6452.84476406,0.02107030,OPTIMAL_CAUSAL_MPC_4X,0.00000000,0.00000000,1200.00000000,10800.00000000,833.33333333,662.16833333,0,,
result4-3,2025-06-07,25191.86854281,13177.05896090,8754.44041509,3260.36916682,28340.77725601,36501.25818261,1050.77108409,33384.96011113,1060.60646337,6452.84476406,7266.98274130,0.02154570,OPTIMAL_CAUSAL_MPC_4X,0.00000000,0.00000000,1200.00000000,10800.00000000,833.33333333,659.94108333,0,,
result4-3,2025-06-08,55977.55945663,52872.83882020,3104.72063643,0.00000000,78519.56881776,80500.61486041,0.00000000,32246.65361868,12074.51662873,7266.98274130,7122.35079636,0.02161900,OPTIMAL_CAUSAL_MPC_4X,0.00000000,0.00000000,1950.72012241,10800.00000000,833.33333333,828.45291111,0,,
result4-3,2025-06-09,59000.34925803,47988.24194922,9483.47842288,1528.62888592,70088.51975495,77610.63403517,219.38776667,40013.80931177,3518.34979468,7122.35079636,6075.79560676,0.03198670,OPTIMAL_CAUSAL_MPC_4X,0.00000000,0.00000000,1242.70219941,10800.00000000,833.33333333,833.33333333,0,,
result4-3,2025-06-10,57540.27356498,50607.76552492,6078.04799184,854.46004822,74510.07661951,79398.44684432,142.09823267,40149.73804132,3697.53304744,6075.79560676,5942.91765241,0.03154120,OPTIMAL_CAUSAL_MPC_4X,0.00000000,0.00000000,1200.00000000,10800.00000000,833.33333333,833.33333333,0,,
result4-3,2025-06-11,69490.69527060,51473.74776434,10032.53422740,7984.41327886,76439.32260853,85152.26582835,1490.81636667,42479.42069918,4045.54982918,5942.91765241,6509.14998157,0.03161080,OPTIMAL_CAUSAL_MPC_4X,0.00000000,0.00000000,1200.00000000,10800.00000000,833.33333333,833.33333333,0,,
result4-3,2025-06-12,58210.47927479,54256.59207478,3940.44510608,13.44209393,78863.13287938,81524.10963356,1.96867222,39603.59979086,4854.14183934,6509.14998157,6569.77734432,0.03169260,OPTIMAL_CAUSAL_MPC_4X,0.00000000,0.00000000,1618.35794432,10800.00000000,833.33333333,833.33333333,0,,
result4-3,2025-06-13,19509.29809886,17891.67034776,1617.62775110,0.00000000,35670.70537056,37059.50565741,0.00000000,34310.41453849,5482.98483870,6569.77734432,6197.28074574,0.03132590,OPTIMAL_CAUSAL_MPC_4X,0.00000000,0.00000000,1217.34555556,10800.00000000,833.33333333,637.93761667,0,,
result4-3,2025-06-14,19449.40500994,18421.20911553,1028.19589441,0.00000000,35605.71221478,36381.59637207,0.00000000,30096.25816479,7188.97231073,6197.28074574,6036.39748031,0.03072790,OPTIMAL_CAUSAL_MPC_4X,0.00000000,0.00000000,1320.16020679,10800.00000000,833.33333333,655.41496667,0,,
result4-3,2025-06-15,58745.58567225,50441.04410779,7546.69895797,757.84260650,74632.56925276,80383.75683640,110.29149167,46065.63901232,4184.98287879,6036.39748031,6776.66742898,0.03201480,OPTIMAL_CAUSAL_MPC_4X,0.00000000,0.00000000,1376.69446296,10800.00000000,833.33333333,833.33333333,0,,
result4-3,2025-06-16,57998.24309242,51637.25740933,6055.17068685,305.81499624,75332.47786325,80123.50357908,45.21568333,41855.85917879,3570.21601918,6776.66742898,6239.22389636,0.03219400,OPTIMAL_CAUSAL_MPC_4X,0.00000000,0.00000000,1347.68575432,10800.00000000,833.33333333,833.33333333,0,,
result4-3,2025-06-17,60174.73874643,52385.61154235,7022.91552113,766.21168295,76923.22991634,82105.44157649,110.42226667,41475.60570103,2933.66038574,6239.22389636,6421.20643519,0.03258590,OPTIMAL_CAUSAL_MPC_4X,0.00000000,0.00000000,1518.36312019,10800.00000000,833.33333333,833.33333333,0,,
result4-3,2025-06-18,58508.43577214,55747.57415184,1856.30422281,904.55739748,80639.53199377,81959.65148034,131.78236667,35758.37409614,7295.69617887,6421.20643519,6403.02892874,0.03175470,OPTIMAL_CAUSAL_MPC_4X,0.00000000,0.00000000,1497.44495966,10800.00000000,833.33333333,833.33333333,0,,
result4-3,2025-06-19,55571.44669940,51825.27723217,2466.89143788,1279.27802935,76440.06069803,78446.49661623,185.69018333,37246.23456404,6638.20236927,6403.02892874,6039.98749420,0.02457960,OPTIMAL_CAUSAL_MPC_4X,0.00000000,0.00000000,1271.48384531,10800.00000000,833.33333333,833.33333333,0,,
result4-3,2025-06-20,18373.52370903,17206.94730869,1166.57640034,0.00000000,34278.17267456,35447.16130355,0.00000000,30073.65953698,9828.30510479,6039.98749420,6101.70031043,0.03197330,OPTIMAL_CAUSAL_MPC_4X,0.00000000,0.00000000,1455.02941469,10800.00000000,833.33333333,636.11500000,0,,
result4-3,2025-06-21,18701.30040407,17119.78142385,1023.58267132,557.93630891,34725.76682944,35989.15807899,187.51677123,32854.75664766,12565.77019065,6101.70031043,6745.06041645,0.03179840,OPTIMAL_CAUSAL_MPC_4X,0.00000000,0.00000000,1200.00000000,10800.00000000,833.33333333,667.49070000,0,,
result4-3,2025-06-22,53860.91402038,48454.84356023,4546.28591510,859.78454505,71954.87225043,75441.21309335,125.09026667,42077.49927581,3963.53192547,6745.06041645,6346.22189448,0.03211290,OPTIMAL_CAUSAL_MPC_4X,0.00000000,0.00000000,1344.85595448,10800.00000000,833.33333333,833.33333333,0,,
result4-3,2025-06-23,53609.80972178,50578.86923262,2385.83184747,645.10864169,75062.03512419,76677.44987630,92.98718333,43018.40737421,5470.53440986,6346.22189448,5974.05074623,0.02494620,OPTIMAL_CAUSAL_MPC_4X,0.00000000,0.00000000,1415.41366660,10800.00000000,833.33333333,833.33333333,0,,
result4-3,2025-06-24,67436.00640301,52157.73160534,9857.34332159,5420.93147608,75190.24487826,84031.87698328,996.04494345,43004.39836040,2953.39822010,5974.05074623,6271.10457978,0.02282390,OPTIMAL_CAUSAL_MPC_4X,0.00000000,0.00000000,1200.00000000,10800.00000000,833.33333333,833.33333333,0,,
result4-3,2025-06-25,54345.22639985,52836.43638715,938.46555907,570.32445363,78293.13140974,78999.99648811,82.38849033,38922.06673868,4714.45082877,6271.10457978,6032.16696278,0.02247540,OPTIMAL_CAUSAL_MPC_4X,0.00000000,0.00000000,1214.05755500,10800.00000000,833.33333333,833.33333333,0,,
result4-3,2025-06-26,52283.71940503,49568.86851804,2240.71779012,474.13309687,74292.67975612,75833.30831710,67.97868333,36333.09050314,4528.39862518,6032.16696278,5975.40841191,0.02144280,OPTIMAL_CAUSAL_MPC_4X,0.00000000,0.00000000,1408.48454136,10800.00000000,833.33333333,833.33333333,0,,
result4-3,2025-06-27,16916.39999952,15720.25497054,955.02536781,241.11966117,32979.98737568,33841.78200010,53.72489816,33478.68524189,10288.81170535,5975.40841191,6243.87897796,0.02107980,OPTIMAL_CAUSAL_MPC_4X,0.00000000,0.00000000,1200.00000000,10800.00000000,833.33333333,641.48833333,0,,
result4-3,2025-06-28,18337.14458198,15976.69269019,2360.45189179,0.00000000,33132.66020970,35270.06323983,0.00000000,32754.94712962,9973.96556954,6243.87897796,6325.13484319,0.02095040,OPTIMAL_CAUSAL_MPC_4X,0.00000000,0.00000000,1513.72809407,10800.00000000,833.33333333,628.01028333,0,,
result4-3,2025-06-29,59006.22504810,48902.31356790,4572.96210714,5530.94937306,72559.58808741,77020.94517490,1021.38005767,42732.09684100,3416.39293823,6325.13484319,6175.40156722,0.02164520,OPTIMAL_CAUSAL_MPC_4X,0.00000000,0.00000000,1200.00000000,10800.00000000,833.33333333,833.33333333,0,,
result4-3,2025-06-30,54952.88338130,49085.87390806,5473.94816436,393.06130887,72718.87386966,77243.03365054,57.04430000,39074.69245540,3298.66023191,6175.40156722,6140.13285131,0.02189190,OPTIMAL_CAUSAL_MPC_4X,0.00000000,0.00000000,1570.27748168,10800.00000000,833.33333333,833.33333333,0,,
result4-3,2025-07-01,72689.83251608,56749.01928719,12874.40074207,3066.41248682,77752.40479995,86451.14697089,477.07415024,40901.75563994,3062.36014182,6140.13285131,6370.09167836,0.02199800,OPTIMAL_CAUSAL_MPC_4X,0.00000000,0.00000000,1200.00000000,10800.00000000,833.33333333,833.33333333,0,,
result4-3,2025-07-02,74091.15232695,50801.27795480,14202.58502065,9087.28935150,70462.37091921,81148.66710890,1622.71511817,39004.30042130,4248.34054076,6370.09167836,6270.72883648,0.02156940,OPTIMAL_CAUSAL_MPC_4X,0.00000000,0.00000000,1200.00000000,10800.00000000,833.33333333,833.33333333,0,,
result4-3,2025-07-03,77678.87992840,48591.27813448,28818.84719875,268.75459517,65728.68332191,87196.86833214,30.88338333,41478.10665187,2430.45875545,6270.72883648,6926.28594793,0.02220930,OPTIMAL_CAUSAL_MPC_4X,0.00000000,0.00000000,1805.50128395,10800.00000000,833.33333333,833.33333333,0,,
result4-3,2025-07-04,36806.06461273,16827.28374171,10131.70539070,9847.07548032,30653.77939036,42504.25198034,4061.68893414,32111.11340728,11121.84450717,6926.28594793,6052.21698370,0.02204060,OPTIMAL_CAUSAL_MPC_4X,0.00000000,0.00000000,1200.00000000,10800.00000000,833.33333333,779.20833333,0,,
result4-3,2025-07-05,37446.36096459,16873.98066142,10970.76520655,9601.61509662,31913.50146660,44418.78056583,4064.81456677,31744.17209331,11605.66670965,6052.21698370,6746.82734052,0.02124740,OPTIMAL_CAUSAL_MPC_4X,0.00000000,0.00000000,1200.00000000,10800.00000000,833.33333333,741.97653333,0,,
result4-3,2025-07-06,83200.16825626,49427.54919854,26603.53731167,7169.08174605,67260.36096339,87991.63688104,1130.40638083,46586.11126559,4187.01775917,6746.82734052,5862.32337642,0.02227300,OPTIMAL_CAUSAL_MPC_4X,0.00000000,0.00000000,1200.00000000,10800.00000000,833.33333333,833.33333333,0,,
result4-3,2025-07-07,79279.13612546,50857.33491747,13657.81494008,14763.98626791,70620.58085077,82123.34935335,2514.84151050,38127.01939895,4478.94950785,5862.32337642,6096.24905802,0.02812890,OPTIMAL_CAUSAL_MPC_4X,0.00000000,0.00000000,1200.00000000,10800.00000000,833.33333333,833.33333333,0,,
result4-3,2025-07-08,67350.12193424,58340.21707834,7163.72923860,1846.17561730,79124.14262615,84585.00261996,218.26698100,41263.34127991,4723.77407360,6096.24905802,6054.34812778,0.02230390,OPTIMAL_CAUSAL_MPC_4X,0.00000000,0.00000000,1200.00000000,10800.00000000,833.33333333,833.33333333,0,,
result4-3,2025-07-09,63671.64401024,57949.54889941,4542.60245248,1179.49265834,78099.97894209,81784.01847510,138.81002300,39142.88132682,3457.28461639,6054.34812778,6214.31954556,0.02222520,OPTIMAL_CAUSAL_MPC_4X,0.00000000,0.00000000,1339.98264556,10800.00000000,833.33333333,833.33333333,0,,
result4-3,2025-07-10,65911.24382910,59513.94574501,4095.32466576,2301.97341833,80714.20831097,83752.02141651,286.59565167,39546.47422913,6833.54877671,6214.31954556,6127.40124037,0.02255800,OPTIMAL_CAUSAL_MPC_4X,0.00000000,0.00000000,1200.00000000,10800.00000000,833.33333333,833.33333333,0,,
result4-3,2025-07-11,28872.79570979,24381.60155198,1859.55204133,2631.64211648,41906.64224483,44241.14785868,773.03760247,34185.76741404,8120.61792249,6127.40124037,6140.66609278,0.02170790,OPTIMAL_CAUSAL_MPC_4X,0.00000000,0.00000000,1200.00000000,10800.00000000,833.33333333,745.26441667,0,,
result4-3,2025-07-12,27407.13381239,24251.27123806,2423.57822106,732.28435327,42131.20696333,44585.96194636,125.64222450,31114.45536846,10427.75130768,6140.66609278,5947.40737204,0.02210310,OPTIMAL_CAUSAL_MPC_4X,0.00000000,0.00000000,1200.00000000,10800.00000000,833.33333333,726.98783333,0,,
result4-3,2025-07-13,62095.69620418,59361.97362114,1651.58902949,1082.13355355,83252.71626458,84306.49479008,132.09930000,43633.20480530,10145.54350701,5947.40737204,6262.09569722,0.02143530,OPTIMAL_CAUSAL_MPC_4X,0.00000000,0.00000000,1427.90381806,10800.00000000,833.33333333,833.33333333,0,,
result4-3,2025-07-14,63184.03642063,55169.45918608,7662.50154531,352.07568924,75178.05374354,80667.33855613,41.30927500,35632.10233279,4715.01856845,6262.09569722,6668.59589295,0.02198550,OPTIMAL_CAUSAL_MPC_4X,0.00000000,0.00000000,1527.91639804,10800.00000000,833.33333333,833.33333333,0,,
result4-3,2025-07-15,60337.47861531,56496.29278048,2897.23822344,943.94761139,77066.36603207,79346.55789174,111.39516400,42495.38100107,2337.07495131,6668.59589295,6467.07376858,0.02141880,OPTIMAL_CAUSAL_MPC_4X,0.00000000,0.00000000,1416.49515766,10800.00000000,833.33333333,833.33333333,0,,
result4-3,2025-07-16,64892.31314532,57519.12423177,6112.93804303,1260.25087052,77000.12484322,81282.89467873,150.76608333,36781.38497302,5178.12744305,6467.07376858,6576.85478407,0.02226630,OPTIMAL_CAUSAL_MPC_4X,0.00000000,0.00000000,1493.48014352,10800.00000000,833.33333333,833.33333333,0,,
result4-3,2025-07-17,62803.34990406,56180.12706256,5777.55015860,845.67268289,75350.88209721,80010.03298860,101.72593489,40194.96414487,3393.26555950,6576.85478407,6252.05077211,0.02233980,OPTIMAL_CAUSAL_MPC_4X,0.00000000,0.00000000,1489.88394600,10800.00000000,833.33333333,833.33333333,0,,
result4-3,2025-07-18,24935.31248090,23541.81514936,1393.49733154,0.00000000,41806.72192793,42937.81476934,0.00000000,33846.17767194,8170.40511840,6252.05077211,6191.96668852,0.02305420,OPTIMAL_CAUSAL_MPC_4X,0.00000000,0.00000000,1363.56588204,10800.00000000,833.33333333,742.04435000,0,,
result4-3,2025-07-19,26885.15994489,23714.47942726,3170.68051763,0.00000000,42033.65308521,44647.32209123,0.00000000,34963.30918631,13742.68674359,6191.96668852,6243.88821815,0.02158980,OPTIMAL_CAUSAL_MPC_4X,0.00000000,0.00000000,1327.82205083,10800.00000000,833.33333333,741.66913333,0,,
result4-3,2025-07-20,63753.75426540,55725.30504454,6316.84677907,1711.60244180,75525.85807960,80973.90470034,293.43442619,45525.59955548,4080.80537782,6243.88821815,6268.21337707,0.03165900,OPTIMAL_CAUSAL_MPC_4X,0.00000000,0.00000000,1200.00000000,10800.00000000,833.33333333,833.33333333,0,,
result4-3,2025-07-21,65530.57478830,57479.83677607,7541.76555933,508.97245290,76662.34115878,82762.18266535,59.70761250,38659.19493729,4564.11569406,6268.21337707,6419.21774176,0.02290920,OPTIMAL_CAUSAL_MPC_4X,0.00000000,0.00000000,1542.42282342,10800.00000000,833.33333333,833.33333333,0,,
result4-3,2025-07-22,64762.38458341,57077.24392578,6571.15988991,1113.98076772,77318.10826936,82724.71524269,131.31196667,38173.55061019,5179.14037661,6419.21774176,6161.05337259,0.02150330,OPTIMAL_CAUSAL_MPC_4X,0.00000000,0.00000000,1384.00827778,10800.00000000,833.33333333,833.33333333,0,,
result4-3,2025-07-23,66075.95311497,56765.80802068,7776.84558779,1533.29950650,77492.63373638,83675.46130967,185.27455600,44356.09047415,4806.96091818,6161.05337259,6156.81906000,0.02568970,OPTIMAL_CAUSAL_MPC_4X,0.00000000,0.00000000,1200.00000000,10800.00000000,833.33333333,833.33333333,0,,
result4-3,2025-07-24,64921.44443150,57419.54390970,6749.55951055,752.34101125,77312.97156178,82306.16491677,90.32873683,36883.67170891,4516.01261786,6156.81906000,6460.41001352,0.02171700,OPTIMAL_CAUSAL_MPC_4X,0.00000000,0.00000000,1495.48341352,10800.00000000,833.33333333,833.33333333,0,,
result4-3,2025-07-25,26455.44002796,23232.57135939,1740.96239680,1481.90627177,40512.42198267,42347.33557258,427.43162557,33157.79221557,12671.32505087,6460.41001352,6148.72674000,0.02168340,OPTIMAL_CAUSAL_MPC_4X,0.00000000,0.00000000,1200.00000000,10800.00000000,833.33333333,714.62075000,0,,
result4-3,2025-07-26,26028.76865188,23701.92166679,1369.38437361,957.46261147,41409.83732867,42981.13255021,297.55773113,34490.16363296,11027.79819666,6148.72674000,6011.69804778,0.02111270,OPTIMAL_CAUSAL_MPC_4X,0.00000000,0.00000000,1200.00000000,10800.00000000,833.33333333,730.47403333,0,,
result4-3,2025-07-27,66825.64942643,56747.15002279,3925.03045123,6153.46895242,78159.96966320,82524.01515463,1091.07498496,50995.56001471,3448.89808205,6011.69804778,6048.70469255,0.02126220,OPTIMAL_CAUSAL_MPC_4X,0.00000000,0.00000000,1200.00000000,10800.00000000,833.33333333,833.33333333,0,,
result4-3,2025-07-28,69002.83326779,57485.39848313,9544.37406763,1973.06071704,77906.75223883,85468.06920832,350.79121734,40906.46245253,3134.61539301,6048.70469255,6133.70232998,0.02604050,OPTIMAL_CAUSAL_MPC_4X,0.00000000,0.00000000,1200.00000000,10800.00000000,833.33333333,833.33333333,0,,
result4-3,2025-07-29,64391.77465376,59223.05811698,4184.64754447,984.06899232,80890.59712454,84392.64882010,116.08084650,40614.21869514,3995.02170429,6133.70232998,6199.07364000,0.03367390,OPTIMAL_CAUSAL_MPC_4X,0.00000000,0.00000000,1227.72995889,10800.00000000,833.33333333,833.33333333,0,,
result4-3,2025-07-30,64298.20674023,59255.84582245,5032.33563879,10.02527899,80007.73641509,83804.78228675,1.22506433,42416.06163448,5033.23872061,6199.07364000,6416.04714759,0.03110300,OPTIMAL_CAUSAL_MPC_4X,0.00000000,0.00000000,1386.35447889,10800.00000000,833.33333333,833.33333333,0,,
result4-3,2025-07-31,65499.51821024,56814.14268147,6020.34252055,2665.03300822,77420.85709853,82350.15058870,324.27221650,38975.40048285,3918.00684741,6416.04714759,6059.88650167,0.03171800,OPTIMAL_CAUSAL_MPC_4X,0.00000000,0.00000000,1200.00000000,10800.00000000,833.33333333,833.33333333,0,,
result4-3,2025-08-01,25462.09058271,22748.85537619,2713.23520652,0.00000000,40270.91463962,42382.53102935,0.00000000,31196.11698719,17171.92256124,6059.88650167,6748.20767003,0.02741460,OPTIMAL_CAUSAL_MPC_4X,0.00000000,0.00000000,1265.34393500,10800.00000000,833.33333333,725.08333333,0,,
result4-3,2025-08-02,24371.80962666,22240.27807178,2131.53155488,0.00000000,39693.24507102,41674.41932287,0.00000000,35867.94619771,17374.46677077,6748.20767003,6353.81278803,0.02105590,OPTIMAL_CAUSAL_MPC_4X,0.00000000,0.00000000,1212.02649951,10800.00000000,833.33333333,720.14000000,0,,
result4-3,2025-08-03,58149.78737745,53331.07389873,3016.78343912,1801.93003960,74250.34584618,76270.09923275,216.28419861,39491.76994920,9644.50015504,6353.81278803,5992.39016051,0.02220180,OPTIMAL_CAUSAL_MPC_4X,0.00000000,0.00000000,1246.19524590,10800.00000000,833.33333333,833.33333333,0,,
result4-3,2025-08-04,57417.44486175,52775.97479230,4157.55010208,483.91996737,72607.27449802,75349.22214501,59.86609722,36085.97174753,5526.08846847,5992.39016051,6615.27995032,0.02125940,OPTIMAL_CAUSAL_MPC_4X,0.00000000,0.00000000,1454.09935031,10800.00000000,833.33333333,833.33333333,0,,
result4-3,2025-08-05,57112.09459448,52772.41543730,3785.16188591,554.51727127,72355.38493445,75098.55060795,67.39346667,35522.91023318,6532.28944844,6615.27995032,6298.55724870,0.02160710,OPTIMAL_CAUSAL_MPC_4X,0.00000000,0.00000000,1600.25591648,10800.00000000,833.33333333,833.33333333,0,,
result4-3,2025-08-06,60096.22908005,53395.97635510,6540.38797842,159.86474652,72937.86441381,77845.71290604,19.05657300,36284.04201496,6523.67656808,6298.55724870,5694.03231326,0.02232010,OPTIMAL_CAUSAL_MPC_4X,0.00000000,0.00000000,1209.32574326,10800.00000000,833.33333333,833.33333333,0,,
result4-3,2025-08-07,56803.93123086,54068.93697732,1991.27705532,743.71719822,74789.68109970,76215.57262127,87.86360267,37441.84669294,8619.05581000,5694.03231326,5973.74967673,0.02092280,OPTIMAL_CAUSAL_MPC_4X,0.00000000,0.00000000,1347.09856944,10800.00000000,833.33333333,833.33333333,0,,
result4-3,2025-08-08,23806.64280738,21798.06376628,1833.18327474,175.39576636,39654.81627994,41434.62911477,77.67738500,33244.61365358,22170.15626842,5973.74967673,5973.28261852,0.02057490,OPTIMAL_CAUSAL_MPC_4X,0.00000000,0.00000000,1200.00000000,10800.00000000,833.33333333,720.26551667,0,,
result4-3,2025-08-09,25231.51473373,21988.57325706,2667.10297716,575.83849952,39300.07408512,41840.48493283,212.00188416,34970.25320789,19065.33022685,5973.28261852,6156.61062870,0.02117150,OPTIMAL_CAUSAL_MPC_4X,0.00000000,0.00000000,1200.00000000,10800.00000000,833.33333333,700.32166667,0,,
result4-3,2025-08-10,57873.61763056,51286.45049042,6221.07037200,366.09676814,68936.17055361,74161.78373062,43.52487183,41560.26364367,4263.69473429,6156.61062870,6388.68313457,0.02157140,OPTIMAL_CAUSAL_MPC_4X,0.00000000,0.00000000,1502.24576547,10800.00000000,833.33333333,833.33333333,0,,
result4-3,2025-08-11,61307.95669722,50115.62561831,3127.31045561,8065.02062331,69170.83357541,72925.59417777,1306.35696958,36427.53674844,4894.81373618,6388.68313457,6032.35651443,0.02302830,OPTIMAL_CAUSAL_MPC_4X,0.00000000,0.00000000,1200.00000000,10800.00000000,833.33333333,833.33333333,0,,
result4-3,2025-08-12,62771.35431934,50207.14641135,10202.49666033,2361.71124765,68437.64896171,76963.09586556,303.21117222,40735.63575199,4700.70423290,6032.35651443,6259.34210094,0.02223190,OPTIMAL_CAUSAL_MPC_4X,0.00000000,0.00000000,1200.00000000,10800.00000000,833.33333333,833.33333333,0,,
result4-3,2025-08-13,59059.19918647,51649.21517943,5978.83949995,1431.14450709,70568.78988461,75575.64562552,173.46498333,34532.03815366,5531.22621564,6259.34210094,6559.53047772,0.02220220,OPTIMAL_CAUSAL_MPC_4X,0.00000000,0.00000000,1420.72606173,10800.00000000,833.33333333,833.33333333,0,,
result4-3,2025-08-14,61953.77952077,49917.46209052,8067.80302894,3968.51440132,67882.97912165,74748.70005689,671.66973484,38023.68058482,4666.30452375,6559.53047772,6725.11376884,0.02237440,OPTIMAL_CAUSAL_MPC_4X,0.00000000,0.00000000,1200.00000000,10800.00000000,833.33333333,833.33333333,0,,
result4-3,2025-08-15,26099.58331368,21414.02637900,1869.15424165,2816.40269303,38437.64701747,40865.69392400,699.97750825,33476.22040889,21069.97169862,6725.11376884,5842.15248630,0.02090980,OPTIMAL_CAUSAL_MPC_4X,0.00000000,0.00000000,1200.00000000,10800.00000000,833.33333333,707.02603333,0,,
result4-3,2025-08-16,26523.48165242,21740.17772770,1754.32452205,3028.97940267,39075.62798718,41364.55223226,592.75520006,29890.19217362,20969.23079451,5842.15248630,6172.37350056,0.02119080,OPTIMAL_CAUSAL_MPC_4X,0.00000000,0.00000000,1200.00000000,10800.00000000,833.33333333,731.89500000,0,,
result4-3,2025-08-17,62315.26209682,49786.88696944,2822.79608826,9705.57903912,67552.21406568,71163.04856197,1677.18937248,39148.69391853,3809.33492435,6172.37350056,6251.59983023,0.02410980,OPTIMAL_CAUSAL_MPC_4X,0.00000000,0.00000000,1200.00000000,10800.00000000,833.33333333,833.33333333,0,,
result4-3,2025-08-18,59928.81893761,49957.78184147,5653.89061142,4317.14648472,67575.34550456,72655.81984703,714.85051054,38665.16978288,3819.90728095,6251.59983023,6636.74995228,0.02148910,OPTIMAL_CAUSAL_MPC_4X,0.00000000,0.00000000,1200.00000000,10800.00000000,833.33333333,833.33333333,0,,
result4-3,2025-08-19,55547.16159365,50893.33381924,3050.80334838,1603.02442603,69036.33614681,71694.23967365,188.86504833,37930.81996873,4011.96955714,6636.74995228,6016.24352246,0.02259490,OPTIMAL_CAUSAL_MPC_4X,0.00000000,0.00000000,1203.34572987,10800.00000000,833.33333333,833.33333333,0,,
result4-3,2025-08-20,70166.20503979,51031.55553467,5097.32115561,14037.32834951,68798.09411022,75482.43016881,2383.02157083,37580.24642948,710.68511665,6016.24352246,6193.38846255,0.02208950,OPTIMAL_CAUSAL_MPC_4X,0.00000000,0.00000000,1200.00000000,10800.00000000,833.33333333,833.33333333,0,,
result4-3,2025-08-21,57686.69084407,52528.02896600,3629.20626198,1529.45561610,72790.88066770,75833.49975977,182.44901426,35532.57924310,6471.84669581,6193.38846255,5979.50209296,0.02152820,OPTIMAL_CAUSAL_MPC_4X,0.00000000,0.00000000,1200.00000000,10800.00000000,833.33333333,833.33333333,0,,
result4-3,2025-08-22,25907.77764531,21442.33329422,2925.20803796,1540.23631312,38978.77352500,41864.59907424,367.46646336,31478.56340045,17351.89336395,5979.50209296,5957.13524603,0.02227390,OPTIMAL_CAUSAL_MPC_4X,0.00000000,0.00000000,1200.00000000,10800.00000000,833.33333333,751.17333333,0,,
result4-3,2025-08-23,24167.34838121,21478.46199932,2547.12902436,141.75735752,39681.52755307,41915.88936237,45.76772341,34006.81196363,15861.23306989,5957.13524603,5911.75884870,0.02173360,OPTIMAL_CAUSAL_MPC_4X,0.00000000,0.00000000,1200.00000000,10800.00000000,833.33333333,698.82833333,0,,
result4-3,2025-08-24,61503.39251570,51352.57597953,6987.19747259,3163.61906358,70552.37300673,76342.54353183,575.67826102,43507.97370940,7880.28812517,5911.75884870,6074.18680228,0.02130460,OPTIMAL_CAUSAL_MPC_4X,0.00000000,0.00000000,1200.00000000,10800.00000000,833.33333333,833.33333333,0,,
result4-3,2025-08-25,64537.21807833,50319.61743335,11937.38082260,2280.21982238,67804.53347050,78851.23623939,356.79646742,38639.06753673,3954.11612627,6074.18680228,6142.56295373,0.02182850,OPTIMAL_CAUSAL_MPC_4X,0.00000000,0.00000000,1200.00000000,10800.00000000,833.33333333,833.33333333,0,,
result4-3,2025-08-26,58542.42221016,52186.26877795,6127.09157813,229.06185408,71932.65454212,76095.07693886,27.25857778,36305.85421423,5955.68228752,6142.56295373,6946.46892284,0.02184180,OPTIMAL_CAUSAL_MPC_4X,0.00000000,0.00000000,1737.88724074,10800.00000000,833.33333333,833.33333333,0,,
result4-3,2025-08-27,60136.04518940,51493.57476003,7463.22912299,1179.24130638,70805.33465971,77341.39300967,186.68761362,40960.84200164,5984.05693958,6946.46892284,6085.14051056,0.02179920,OPTIMAL_CAUSAL_MPC_4X,0.00000000,0.00000000,1200.00000000,10800.00000000,833.33333333,833.33333333,0,,
result4-3,2025-08-28,66966.70890363,51979.71721279,9062.34908405,5924.64260680,71658.40711546,79918.92964110,997.51409854,41670.81770870,4661.25883077,6085.14051056,6201.37377846,0.02177010,OPTIMAL_CAUSAL_MPC_4X,0.00000000,0.00000000,1200.00000000,10800.00000000,833.33333333,833.33333333,0,,
result4-3,2025-08-29,25364.55632598,22494.56390949,2265.09376900,604.89864750,40258.32910122,42671.72550497,201.89809433,33549.19994669,16542.85807045,6201.37377846,6253.57001907,0.02680890,OPTIMAL_CAUSAL_MPC_4X,0.00000000,0.00000000,1200.00000000,10800.00000000,833.33333333,729.15323333,0,,
result4-3,2025-08-30,25130.09000918,22495.14985219,2634.94015699,0.00000000,40245.48633600,42531.95188767,0.00000000,33787.25883551,20618.78665116,6253.57001907,6106.47390852,0.02084000,OPTIMAL_CAUSAL_MPC_4X,0.00000000,0.00000000,1303.74626852,10800.00000000,833.33333333,703.55113333,0,,
result4-3,2025-08-31,58387.91486717,49854.74936889,5258.21552336,3274.94997492,67934.82552283,73730.01149397,489.69422062,40024.22522530,2479.80760209,6106.47390852,6510.85083667,0.02055900,OPTIMAL_CAUSAL_MPC_4X,0.00000000,0.00000000,1200.00000000,10800.00000000,833.33333333,833.33333333,0,,
result4-3,2025-09-01,47744.30317216,46654.13348506,1090.16968710,0.00000000,72387.72131542,73251.60465656,0.00000000,36652.63876712,13014.57736277,6510.85083667,9341.87002037,0.02533890,OPTIMAL_CAUSAL_MPC_4X,0.00000000,0.00000000,2833.04407037,10800.00000000,833.33333333,761.90259233,0,,
result4-3,2025-09-02,44250.51077935,43591.02568707,659.48509229,0.00000000,66129.81539994,66906.92358734,0.00000000,36819.61637117,8763.93978083,9341.87002037,9563.27862634,0.03156620,OPTIMAL_CAUSAL_MPC_4X,0.00000000,0.00000000,1662.79131481,10800.00000000,833.33333333,786.52115150,0,,
result4-3,2025-09-03,47756.93346002,45337.14642732,2419.78703270,0.00000000,66871.32121723,68920.43105250,0.00000000,32171.06937603,10054.58965855,9563.27862634,9504.00169251,0.03148320,OPTIMAL_CAUSAL_MPC_4X,0.00000000,0.00000000,3199.31850758,10800.00000000,833.33333333,791.86915000,0,,
result4-3,2025-09-04,48435.84478614,46161.49183902,2274.35294712,0.00000000,69440.86014779,71278.98435237,0.00000000,35588.80366090,13321.12057878,9504.00169251,9802.10563091,0.03107090,OPTIMAL_CAUSAL_MPC_4X,0.00000000,0.00000000,2593.30892853,10800.00000000,833.33333333,776.26237783,0,,
result4-3,2025-09-05,18329.23128613,18329.23128613,0.00000000,0.00000000,36735.71569402,36735.71569402,0.00000000,31789.42244250,26783.07245915,9802.10563091,9592.31695000,0.03162050,OPTIMAL_CAUSAL_MPC_4X,0.00000000,0.00000000,3225.04621000,10800.00000000,833.33333333,588.75833333,0,,
result4-3,2025-09-06,18545.44844972,18265.50238858,279.94606114,0.00000000,36699.30531484,37045.15504163,0.00000000,31621.20349725,25752.12710304,9592.31695000,9846.31162076,0.03202550,OPTIMAL_CAUSAL_MPC_4X,0.00000000,0.00000000,3396.73979576,10800.00000000,833.33333333,588.41760000,0,,
result4-3,2025-09-07,46345.63083242,43580.31243277,2765.31839965,0.00000000,65949.92839713,68252.04574562,0.00000000,38469.82843352,9406.64789780,9846.31162076,9691.60181855,0.02326550,OPTIMAL_CAUSAL_MPC_4X,0.00000000,0.00000000,2123.02622407,10800.00000000,833.33333333,765.62008817,0,,
result4-3,2025-09-08,47871.67554487,35951.38338291,11920.29216196,0.00000000,54455.85480286,64842.91817111,0.00000000,38535.12092117,4091.03596395,9691.60181855,6987.85346556,0.02186710,OPTIMAL_CAUSAL_MPC_4X,0.00000000,0.00000000,1895.89575035,10800.00000000,833.33333333,788.50900000,0,,
result4-3,2025-09-09,44117.45245540,38646.13120345,5377.91209010,93.40916185,60002.35828003,64029.59155608,13.66730000,37765.27437403,7445.16192749,6987.85346556,6502.45650667,0.02160130,OPTIMAL_CAUSAL_MPC_4X,0.00000000,0.00000000,1522.34828154,10800.00000000,833.33333333,833.33333333,0,,
result4-3,2025-09-10,62489.96702893,37783.53180701,9346.43165115,15360.00357077,57127.49409960,68721.86371032,2687.84274470,35981.92954912,3917.58527078,6502.45650667,6212.02306486,0.02158680,OPTIMAL_CAUSAL_MPC_4X,0.00000000,0.00000000,1200.00000000,10800.00000000,833.33333333,833.33333333,0,,
result4-3,2025-09-11,42959.85197920,39493.90137815,2591.33992969,874.61067135,61904.86431725,64052.21243490,175.85121649,40268.69154162,6433.92941133,6212.02306486,6106.53729370,0.02175520,OPTIMAL_CAUSAL_MPC_4X,0.00000000,0.00000000,1200.00000000,10800.00000000,833.33333333,830.10803333,0,,
result4-3,2025-09-12,19598.67666111,13747.76084583,2598.30843881,3252.60737646,30737.35233717,34254.82413505,1025.61028467,32149.80129748,19087.29645833,6106.53729370,6348.90680833,0.02108720,OPTIMAL_CAUSAL_MPC_4X,0.00000000,0.00000000,1200.00000000,10800.00000000,833.33333333,583.22231667,0,,
result4-3,2025-09-13,16676.79891444,13691.76884337,2549.61223635,435.41783473,31220.19579550,33715.68022012,141.61055768,34374.44501635,22012.48270063,6348.90680833,6437.12307074,0.02499960,OPTIMAL_CAUSAL_MPC_4X,0.00000000,0.00000000,1200.00000000,10800.00000000,833.33333333,571.30683333,0,,
result4-3,2025-09-14,50529.92150186,37841.06441212,8963.93051062,3724.92657911,57739.89066922,67617.31799858,686.30582446,40024.22957983,3628.56829250,6437.12307074,6123.37615426,0.02435460,OPTIMAL_CAUSAL_MPC_4X,0.00000000,0.00000000,1200.00000000,10800.00000000,833.33333333,833.33333333,0,,
result4-3,2025-09-15,49538.27175378,40177.06349301,3877.97650762,5483.23175314,63557.77368909,67489.52061221,933.56188175,39928.49652905,8263.43517509,6123.37615426,6090.86218444,0.02142690,OPTIMAL_CAUSAL_MPC_4X,0.00000000,0.00000000,1200.00000000,10800.00000000,833.33333333,833.33333333,0,,
result4-3,2025-09-16,52291.15467774,39099.03787211,7314.17533498,5877.94147065,58906.63095710,67572.61230324,1106.21092945,38102.77131976,4372.45201010,6090.86218444,5797.89546778,0.02161840,OPTIMAL_CAUSAL_MPC_4X,0.00000000,0.00000000,1200.00000000,10800.00000000,833.33333333,833.33333333,0,,
result4-3,2025-09-17,50484.23996705,40909.28542345,4241.90822119,5333.04632241,64360.03206970,68782.46563897,976.33807432,43514.96044578,4253.07830009,5797.89546778,5799.30340926,0.02119150,OPTIMAL_CAUSAL_MPC_4X,0.00000000,0.00000000,1200.00000000,10800.00000000,833.33333333,833.33333333,0,,
result4-3,2025-09-18,48986.77019508,39123.60415618,7135.30908945,2727.85694946,61411.38678602,68672.05800241,533.40900848,41198.99911102,5181.89750701,5799.30340926,6009.81904505,0.02287620,OPTIMAL_CAUSAL_MPC_4X,0.00000000,0.00000000,1200.00000000,10800.00000000,833.33333333,826.89080000,0,,
result4-3,2025-09-19,17506.35717185,14180.78954875,2134.41805860,1191.14956450,31575.53346679,34019.68070140,385.65472800,31624.95825800,14211.39481426,6009.81904505,6399.15665256,0.02075970,OPTIMAL_CAUSAL_MPC_4X,0.00000000,0.00000000,1200.00000000,10800.00000000,833.33333333,545.18816667,0,,
result4-3,2025-09-20,18890.26014596,13837.98638745,1751.07283898,3301.20091954,31494.69160069,34017.60676053,919.52284180,33314.59658846,14944.15305374,6399.15665256,6329.68043042,0.02091470,OPTIMAL_CAUSAL_MPC_4X,0.00000000,0.00000000,1200.00000000,10800.00000000,833.33333333,558.50600000,0,,
result4-3,2025-09-21,46726.82754845,42096.35700602,3449.11611216,1181.35443027,65049.54844014,67721.34611461,189.53669504,40474.78145585,5418.44306377,6329.68043042,6095.06581963,0.02211060,OPTIMAL_CAUSAL_MPC_4X,0.00000000,0.00000000,1200.00000000,10800.00000000,833.33333333,809.00698333,0,,
result4-3,2025-09-22,52749.94027166,39862.16930443,8246.12161942,4641.64934781,60751.57596189,68526.73038597,862.17726226,38827.77574029,3371.44622060,6095.06581963,6563.07190843,0.02179230,OPTIMAL_CAUSAL_MPC_4X,0.00000000,0.00000000,1200.00000000,10800.00000000,833.33333333,815.85624028,0,,
result4-3,2025-09-23,54312.33510630,41439.46844194,6651.87609868,6220.99056568,63848.77563879,70257.14691128,1164.18864105,39139.55006679,4482.40259064,6563.07190843,6110.12663167,0.02132100,OPTIMAL_CAUSAL_MPC_4X,0.00000000,0.00000000,1200.00000000,10800.00000000,833.33333333,833.33333333,0,,
result4-3,2025-09-24,53329.65869512,41626.37480742,4237.20369962,7466.08018808,64921.25892255,69636.22772340,1352.19430139,39144.62111695,4331.15619050,6110.12663167,6243.60664907,0.02155540,OPTIMAL_CAUSAL_MPC_4X,0.00000000,0.00000000,1200.00000000,10800.00000000,833.33333333,825.11693333,0,,
result4-3,2025-09-25,47223.85907038,41485.61601022,5274.20311833,464.03994183,63747.34308278,68300.35453532,89.84733762,39460.05771830,4153.75556508,6243.60664907,5910.70146056,0.02218160,OPTIMAL_CAUSAL_MPC_4X,0.00000000,0.00000000,1200.00000000,10800.00000000,833.33333333,817.28500000,0,,
result4-3,2025-09-26,15469.15231466,14112.09617292,1357.05614174,0.00000000,32425.89808733,33750.57631203,0.00000000,31501.24390963,12610.35688174,5910.70146056,6050.69040000,0.02090030,OPTIMAL_CAUSAL_MPC_4X,0.00000000,0.00000000,1251.12253339,10800.00000000,833.33333333,562.17666667,0,,
result4-3,2025-09-27,20044.90186019,14846.36125473,2379.05538726,2819.48521820,32712.47854100,35777.06812156,785.12477767,35563.04263043,14479.54956468,6050.69040000,5812.45340870,0.02102950,OPTIMAL_CAUSAL_MPC_4X,0.00000000,0.00000000,1200.00000000,10800.00000000,833.33333333,555.86510000,0,,
result4-3,2025-09-28,59477.88002061,42723.38794749,6153.69990546,10600.79216766,65321.00948933,73204.65145397,1923.19784920,41247.73582611,4917.11800476,5812.45340870,6285.09615562,0.02152200,OPTIMAL_CAUSAL_MPC_4X,0.00000000,0.00000000,1200.00000000,10800.00000000,833.33333333,833.33333333,0,,
result4-3,2025-09-29,52163.36843182,43210.56308463,4594.69827848,4358.10706872,66466.81312514,70875.95770603,792.69794767,39760.88627924,4165.41281637,6285.09615562,6060.71507852,0.02386790,OPTIMAL_CAUSAL_MPC_4X,0.00000000,0.00000000,1200.00000000,10800.00000000,833.33333333,833.33333333,0,,
result4-3,2025-09-30,60222.37425498,43345.75151768,7901.29938597,8975.32335133,66473.49907453,74638.79245801,1584.22179960,39783.43713273,5002.75127708,6060.71507852,6098.62905329,0.02292310,OPTIMAL_CAUSAL_MPC_4X,0.00000000,0.00000000,1200.00000000,10800.00000000,833.33333333,833.33333333,0,,
result4-3,2025-10-01,43712.45181663,41947.76518613,1764.68663050,0.00000000,67963.00544446,69400.99684907,0.00000000,38674.58681136,13910.70614838,6098.62905329,7877.46277483,0.02168270,OPTIMAL_CAUSAL_MPC_4X,0.00000000,0.00000000,2311.21624483,10800.00000000,833.33333333,816.47166667,0,,
result4-3,2025-10-02,43076.99714797,37240.91260739,3360.93653465,2475.14800592,58164.51342392,62094.29876725,485.65020562,38986.99538531,5864.11031604,7877.46277483,8286.57084834,0.02178190,OPTIMAL_CAUSAL_MPC_4X,0.00000000,0.00000000,1200.00000000,10800.00000000,833.33333333,828.91166667,0,,
result4-3,2025-10-03,14514.54990998,12214.14068227,1791.06606934,509.34315837,29213.54058783,31181.63100088,165.98626771,31289.53645179,20218.89090833,8286.57084834,8146.84831759,0.02235090,OPTIMAL_CAUSAL_MPC_4X,0.00000000,0.00000000,1200.00000000,10800.00000000,833.33333333,498.67565000,0,,
result4-3,2025-10-04,16714.07591258,14018.25142831,1297.68457971,1398.13990457,31698.90605777,33455.02644076,411.46859821,37573.59198857,16412.31496111,8146.84831759,8149.40225981,0.03239750,OPTIMAL_CAUSAL_MPC_4X,0.00000000,0.00000000,1200.00000000,10800.00000000,833.33333333,501.82000000,0,,
result4-3,2025-10-05,43135.35938255,40227.28022204,2908.07916051,0.00000000,64066.80240403,66440.15708878,0.00000000,39693.49628222,7854.56011623,8149.40225981,7830.55597983,0.03168400,OPTIMAL_CAUSAL_MPC_4X,0.00000000,0.00000000,1769.77383723,10800.00000000,833.33333333,814.76840000,0,,
result4-3,2025-10-06,46084.62293315,40133.82666669,5235.60502721,715.19123925,61880.89782680,66451.81059807,139.81629491,37387.46514225,4525.71632690,7830.55597983,8100.38070833,0.03122980,OPTIMAL_CAUSAL_MPC_4X,0.00000000,0.00000000,1200.00000000,10800.00000000,833.33333333,789.22921667,0,,
result4-3,2025-10-07,46476.58324667,40940.89556360,3219.31275133,2316.37493174,64123.85088148,67211.83491744,439.00633048,36873.36518945,5736.78222835,8100.38070833,7932.25679236,0.03200610,OPTIMAL_CAUSAL_MPC_4X,0.00000000,0.00000000,1200.00000000,10800.00000000,833.33333333,810.24680000,0,,
result4-3,2025-10-08,47505.46857644,35299.58421923,4783.13709194,7422.74726526,56390.57059564,62312.30927891,1347.88904291,39513.62971252,3568.42024201,7932.25679236,6039.35254500,0.03081580,OPTIMAL_CAUSAL_MPC_4X,0.00000000,0.00000000,1200.00000000,10800.00000000,833.33333333,821.66771667,0,,
result4-3,2025-10-09,45195.64840506,36063.08208083,4545.29942199,4587.26690225,58293.48992167,63165.46603469,824.23908589,39242.29777697,3287.09954791,6039.35254500,6038.37472090,0.03245460,OPTIMAL_CAUSAL_MPC_4X,0.00000000,0.00000000,1200.00000000,10800.00000000,833.33333333,820.16520000,0,,
result4-3,2025-10-10,16392.80348368,11568.61968401,2296.38854262,2527.79525706,29327.82471169,32259.94601176,712.14007476,32350.73031054,19295.86627976,6038.37472090,6264.15794131,0.03185670,OPTIMAL_CAUSAL_MPC_4X,0.00000000,0.00000000,1200.00000000,10800.00000000,833.33333333,471.35151667,0,,
result4-3,2025-10-11,14567.14042346,12215.38700472,2058.91899455,292.83442418,30598.73981232,32680.37762543,100.20645233,34375.08156838,14882.39124086,6264.15794131,6347.85920367,0.02386480,OPTIMAL_CAUSAL_MPC_4X,0.00000000,0.00000000,1200.00000000,10800.00000000,833.33333333,496.54833333,0,,
result4-3,2025-10-12,44196.72939148,37904.25639185,4132.82142961,2159.65157002,61707.51121266,65737.83111623,353.28924503,41835.76378614,3321.58228570,6347.85920367,5854.82861148,0.02541590,OPTIMAL_CAUSAL_MPC_4X,0.00000000,0.00000000,1200.00000000,10800.00000000,833.33333333,833.33333333,0,,
result4-3,2025-10-13,44297.14432800,38309.20054551,2815.12602342,3172.81775907,62317.16788381,65147.32358177,613.30166942,39943.02495810,3704.40685283,5854.82861148,6078.67252500,0.02826090,OPTIMAL_CAUSAL_MPC_4X,0.00000000,0.00000000,1200.00000000,10800.00000000,833.33333333,806.26166667,0,,
result4-3,2025-10-14,54429.95811270,37957.31689704,6496.79963450,9975.84158116,60901.51105464,68671.29162308,1774.78906050,38890.66604676,4016.24098287,6078.67252500,5876.33036225,0.03243950,OPTIMAL_CAUSAL_MPC_4X,0.00000000,0.00000000,1200.00000000,10800.00000000,833.33333333,814.69241667,0,,
result4-3,2025-10-15,49074.90970309,39198.47157884,6253.75548574,3622.68263850,62765.00611881,69301.52162213,683.08327905,40660.68165978,2980.69392740,5876.33036225,6009.62247648,0.03197920,OPTIMAL_CAUSAL_MPC_4X,0.00000000,0.00000000,1200.00000000,10800.00000000,833.33333333,808.00908333,0,,
result4-3,2025-10-16,54770.33897204,39868.94102421,7697.15247917,7204.24546866,63725.29984584,71388.68536777,1320.46611327,43923.95256298,3754.91196125,6009.62247648,6066.43516500,0.03170980,OPTIMAL_CAUSAL_MPC_4X,0.00000000,0.00000000,1200.00000000,10800.00000000,833.33333333,814.51963333,0,,
result4-3,2025-10-17,14582.88010616,12707.70012891,1706.26998033,168.90999692,31067.69017867,32909.89951667,62.44238767,30949.80347031,13845.65527936,6066.43516500,5876.55663556,0.02857980,OPTIMAL_CAUSAL_MPC_4X,0.00000000,0.00000000,1200.00000000,10800.00000000,833.33333333,489.10518333,0,,
result4-3,2025-10-18,15510.45619038,12890.73803362,1696.78342666,922.93473010,31307.33741485,33291.13259486,295.31787552,33614.13102043,13378.78855607,5876.55663556,6185.45885981,0.02439180,OPTIMAL_CAUSAL_MPC_4X,0.00000000,0.00000000,1200.00000000,10800.00000000,833.33333333,477.17333333,0,,
result4-3,2025-10-19,55170.24604899,40946.28404582,6290.23988031,7933.72212285,65116.67345012,71786.48126521,1411.06826156,45901.94461329,3232.84109549,6185.45885981,6034.10410722,0.02169650,OPTIMAL_CAUSAL_MPC_4X,0.00000000,0.00000000,1200.00000000,10800.00000000,833.33333333,825.56083333,0,,
result4-3,2025-10-20,57416.04041899,41256.86565026,5927.34283570,10231.83193302,64938.99138454,72465.19055047,1862.40746240,39702.47507508,4028.20955456,6034.10410722,5861.68702648,0.02169960,OPTIMAL_CAUSAL_MPC_4X,0.00000000,0.00000000,1200.00000000,10800.00000000,833.33333333,819.67756667,0,,
result4-3,2025-10-21,53541.09170562,42813.69478309,8057.16107121,2670.23585132,67164.54927925,74529.52732782,504.73003982,39893.15836674,3690.97000488,5861.68702648,6051.02948278,0.02232910,OPTIMAL_CAUSAL_MPC_4X,0.00000000,0.00000000,1200.00000000,10800.00000000,833.33333333,831.97333333,0,,
result4-3,2025-10-22,57889.61400573,43084.74469669,4544.48432947,10260.38497956,68358.06524535,73770.54479865,1837.29606047,39536.15868246,4135.48852369,6051.02948278,5980.59541667,0.02166950,OPTIMAL_CAUSAL_MPC_4X,0.00000000,0.00000000,1200.00000000,10800.00000000,833.33333333,825.75395000,0,,
result4-3,2025-10-23,46569.69304369,43466.39172255,3103.30132114,0.00000000,68588.09544266,71076.51572264,0.00000000,40009.08554403,3307.52422487,5980.59541667,6171.29470960,0.02156480,OPTIMAL_CAUSAL_MPC_4X,0.00000000,0.00000000,1287.91055745,10800.00000000,833.33333333,818.05598333,0,,
result4-3,2025-10-24,17163.24785244,12748.82793287,2248.07128351,2166.34863606,31397.12768569,34152.52080177,600.37607344,34333.21413926,12143.16787752,6171.29470960,6156.47599252,0.02464190,OPTIMAL_CAUSAL_MPC_4X,0.00000000,0.00000000,1200.00000000,10800.00000000,833.33333333,509.03313333,0,,
result4-3,2025-10-25,16468.75477381,12979.63531407,1617.46767740,1871.65178233,31790.08987806,33900.34132317,458.59515394,34363.35835755,11052.13452083,6156.47599252,5998.17209083,0.02225580,OPTIMAL_CAUSAL_MPC_4X,0.00000000,0.00000000,1200.00000000,10800.00000000,833.33333333,485.56500000,0,,
result4-3,2025-10-26,50488.20757198,44180.99137498,4388.29307931,1918.92311769,69133.55547706,73014.45770284,371.59887210,40911.96035139,3403.38976052,5998.17209083,6774.59195676,0.02543440,OPTIMAL_CAUSAL_MPC_4X,0.00000000,0.00000000,1200.00000000,10800.00000000,833.33333333,830.16166667,0,,
result4-3,2025-10-27,49575.70809924,43040.23939348,5989.85332496,545.61538080,68172.78748085,72806.88629774,110.08810111,41222.21754751,5617.20352434,6774.59195676,6080.66510630,0.02200180,OPTIMAL_CAUSAL_MPC_4X,0.00000000,0.00000000,1200.00000000,10800.00000000,833.33333333,833.33333333,0,,
result4-3,2025-10-28,53844.92098844,44474.33849682,4491.13375304,4879.44873858,69118.14654732,73929.61149060,906.07380919,43853.26438955,3400.13941361,6080.66510630,6034.07674426,0.02193810,OPTIMAL_CAUSAL_MPC_4X,0.00000000,0.00000000,1200.00000000,10800.00000000,833.33333333,820.32666667,0,,
result4-3,2025-10-29,58069.95706438,45360.19200421,8028.06660167,4681.69845850,70117.86804627,77628.47017499,865.56172875,43376.28282578,3717.17878904,6034.07674426,6080.05389074,0.02776110,OPTIMAL_CAUSAL_MPC_4X,0.00000000,0.00000000,1200.00000000,10800.00000000,833.33333333,816.23045000,0,,
result4-3,2025-10-30,50418.79599778,45988.05459302,4399.21432367,31.52708108,70623.70077531,73955.15277429,9.84007161,39869.09405843,5076.75903153,6080.05389074,5984.95103341,0.02314750,OPTIMAL_CAUSAL_MPC_4X,0.00000000,0.00000000,1200.00000000,10800.00000000,833.33333333,833.33333333,0,,
result4-3,2025-10-31,16430.28777151,13703.43219514,1845.40826692,881.44730945,32828.03958143,34931.42172197,213.42618315,32571.33521892,7483.54264444,5984.95103341,6110.13925455,0.02189140,OPTIMAL_CAUSAL_MPC_4X,0.00000000,0.00000000,1200.00000000,10800.00000000,833.33333333,487.62166667,0,,
result4-3,2025-11-01,17221.21133195,13639.33962182,1862.61441374,1719.25729640,33055.92187154,35427.16981786,494.54810471,36862.70165253,8738.14325857,6110.13925455,6387.09214011,0.02101390,OPTIMAL_CAUSAL_MPC_4X,0.00000000,0.00000000,1200.00000000,10800.00000000,833.33333333,477.17378333,0,,
result4-3,2025-11-02,61352.14240019,45706.13221750,5791.92506232,9854.08512037,70652.05813756,77001.91502301,1765.81332487,42283.71392778,4144.44942904,6387.09214011,6007.45445093,0.02162180,OPTIMAL_CAUSAL_MPC_4X,0.00000000,0.00000000,1200.00000000,10800.00000000,833.33333333,816.48911667,0,,
result4-3,2025-11-03,56664.45919127,46269.00052198,7683.70827054,2711.75039875,70798.72400058,77518.47768418,514.43665781,39898.36423454,3402.00879796,6007.45445093,6433.11871019,0.02264430,OPTIMAL_CAUSAL_MPC_4X,0.00000000,0.00000000,1200.00000000,10800.00000000,833.33333333,802.27325000,0,,
result4-3,2025-11-04,54280.70076514,46564.57066344,3679.53670735,4036.59339435,71687.67669963,75160.84338213,736.46752014,41544.02991198,3670.58322679,6433.11871019,5979.82694216,0.02223690,OPTIMAL_CAUSAL_MPC_4X,0.00000000,0.00000000,1200.00000000,10800.00000000,833.33333333,833.33333333,0,,
result4-3,2025-11-05,56949.80434536,47966.89741911,4391.01685833,4591.89006793,72700.26348247,77159.04012900,821.79339023,42297.14869138,2950.90496848,5979.82694216,6070.41031355,0.02272800,OPTIMAL_CAUSAL_MPC_4X,0.00000000,0.00000000,1200.00000000,10800.00000000,833.33333333,833.33333333,0,,
result4-3,2025-11-06,69752.22608578,47312.67977300,6208.36051213,16231.18580065,71249.29089443,79365.69804945,2910.10634705,39516.55630228,3984.98886333,6070.41031355,5932.62692130,0.02198020,OPTIMAL_CAUSAL_MPC_4X,0.00000000,0.00000000,1200.00000000,10800.00000000,833.33333333,821.83423333,0,,
result4-3,2025-11-07,18938.44988748,13764.36473729,1827.64651858,3346.43863161,33326.45494453,35798.82586678,743.09025447,33853.99755566,8677.41006262,5932.62692130,6183.23094469,0.02991680,OPTIMAL_CAUSAL_MPC_4X,0.00000000,0.00000000,1200.00000000,10800.00000000,833.33333333,491.60833333,0,,
result4-3,2025-11-08,16694.81164931,13588.44986710,1825.25354216,1281.10824005,33258.52101461,35434.12602227,285.36477339,36786.36245823,7973.32299983,6183.23094469,5990.20858500,0.02419630,OPTIMAL_CAUSAL_MPC_4X,0.00000000,0.00000000,1200.00000000,10800.00000000,833.33333333,481.41166667,0,,
result4-3,2025-11-09,58639.31123168,48637.84517605,7012.77832323,2988.68773241,73714.26466737,79386.92322859,560.15324148,42515.63935567,3190.29188988,5990.20858500,6379.20422037,0.02320260,OPTIMAL_CAUSAL_MPC_4X,0.00000000,0.00000000,1200.00000000,10800.00000000,833.33333333,808.11833333,0,,
result4-3,2025-11-10,67464.53780684,49956.85791579,8233.54470904,9274.13518201,74604.11615672,82671.77252218,1681.71840195,44022.30983876,4455.74347649,6379.20422037,6114.19960500,0.02307430,OPTIMAL_CAUSAL_MPC_4X,0.00000000,0.00000000,1200.00000000,10800.00000000,833.33333333,826.68533333,0,,
result4-3,2025-11-11,59798.33061755,49784.49735615,6107.33978051,3906.49348089,75127.91595294,80509.06567687,709.47917263,43916.32493722,4304.17117706,6114.19960500,6150.27277718,0.02189660,OPTIMAL_CAUSAL_MPC_4X,0.00000000,0.00000000,1200.00000000,10800.00000000,833.33333333,804.49450000,0,,
result4-3,2025-11-12,58462.47535887,49471.29741703,5029.57698483,3961.60095701,74822.49913954,79287.43896484,723.68885466,41642.08937560,4131.82684940,6150.27277718,5977.67451056,0.02230420,OPTIMAL_CAUSAL_MPC_4X,0.00000000,0.00000000,1200.00000000,10800.00000000,833.33333333,833.33333333,0,,
result4-3,2025-11-13,57004.20820183,51043.30268012,5960.90552171,0.00000000,75581.34588874,79960.15378497,0.00000000,41323.49400674,2869.06149662,5977.67451056,6337.05567582,0.02172130,OPTIMAL_CAUSAL_MPC_4X,0.00000000,0.00000000,1217.34964370,10800.00000000,833.33333333,802.71333333,0,,
result4-3,2025-11-14,15981.95007279,13895.82410999,1750.01282089,336.11314192,33600.53017427,35489.50452027,109.45596917,33073.51394657,4635.81792503,6337.05567582,6119.27845056,0.02084450,OPTIMAL_CAUSAL_MPC_4X,0.00000000,0.00000000,1200.00000000,10800.00000000,833.33333333,474.04105000,0,,
result4-3,2025-11-15,19760.55880528,14281.11378684,1294.55837971,4184.88663873,33535.02908842,35886.83104438,991.00279867,33028.29753348,4366.97653746,6119.27845056,5959.30334333,0.02146420,OPTIMAL_CAUSAL_MPC_4X,0.00000000,0.00000000,1200.00000000,10800.00000000,833.33333333,486.88500000,0,,
result4-3,2025-11-16,64498.59764567,52083.10850940,7189.57406256,5225.91507371,77200.80973570,83188.06494426,995.64055593,41604.36746291,3922.77289272,5959.30334333,6425.31637750,0.02184170,OPTIMAL_CAUSAL_MPC_4X,0.00000000,0.00000000,1200.00000000,10800.00000000,833.33333333,824.77941667,0,,
result4-3,2025-11-17,56244.86117933,52788.54044952,3374.17013036,82.15059945,77898.11645519,80502.15558695,15.52647882,41302.09475371,3687.03523914,6425.31637750,6207.90220139,0.02098340,OPTIMAL_CAUSAL_MPC_4X,0.00000000,0.00000000,1200.00000000,10800.00000000,833.33333333,817.88288333,0,,
result4-3,2025-11-18,59589.53042462,52369.28148304,7220.24894158,0.00000000,76783.05812975,82049.78803413,0.00000000,42617.07166935,2699.51006548,6207.90220139,6193.93591681,0.02211530,OPTIMAL_CAUSAL_MPC_4X,0.00000000,0.00000000,1311.55340167,10800.00000000,833.33333333,817.56756667,0,,
result4-3,2025-11-19,65546.29380885,52903.60730459,7136.92016239,5505.76634187,76949.16052027,83350.33807820,1035.55553590,41173.94221858,3985.50336479,6193.93591681,5866.52359111,0.02206590,OPTIMAL_CAUSAL_MPC_4X,0.00000000,0.00000000,1200.00000000,10800.00000000,833.33333333,833.33333333,0,,
result4-3,2025-11-20,59021.68834943,53342.07849116,5003.83437036,675.77548792,78156.06150023,82131.47525421,135.90068450,41092.51634402,2988.72652528,5866.52359111,5902.81774315,0.02272050,OPTIMAL_CAUSAL_MPC_4X,0.00000000,0.00000000,1200.00000000,10800.00000000,833.33333333,804.23333333,0,,
result4-3,2025-11-21,20173.96638108,14657.62825659,1765.32093255,3751.01719194,34374.93102426,36969.09175948,857.85772217,34919.43989290,4358.07758546,5902.81774315,5984.32158463,0.02256040,OPTIMAL_CAUSAL_MPC_4X,0.00000000,0.00000000,1200.00000000,10800.00000000,833.33333333,489.43083333,0,,
result4-3,2025-11-22,20498.96987984,15139.95873522,2582.99239482,2776.01874980,35096.97993050,38084.15388180,556.47339967,36646.55802394,3486.08920441,5984.32158463,6518.63251613,0.02165740,OPTIMAL_CAUSAL_MPC_4X,0.00000000,0.00000000,1200.00000000,10800.00000000,833.33333333,537.34375000,0,,
result4-3,2025-11-23,64365.24706923,54585.22356354,3100.83228930,6679.19121640,79341.61747419,82861.34356423,1198.78924392,43291.60769059,3521.03683880,6518.63251613,6079.99664889,0.02858630,OPTIMAL_CAUSAL_MPC_4X,0.00000000,0.00000000,1200.00000000,10800.00000000,833.33333333,805.66000000,0,,
result4-3,2025-11-24,60294.11209190,53021.51448836,5582.79437953,1689.80322402,77838.49587237,82166.39193118,281.07374867,38975.46016963,4204.18598483,6079.99664889,5787.29511204,0.02182060,OPTIMAL_CAUSAL_MPC_4X,0.00000000,0.00000000,1200.00000000,10800.00000000,833.33333333,784.15541667,0,,
result4-3,2025-11-25,67934.58971221,53360.54472656,4290.42170983,10283.62327582,78939.59092907,83877.93363227,1841.02632999,42214.24399396,3186.39438834,5787.29511204,5879.35301648,0.02209130,OPTIMAL_CAUSAL_MPC_4X,0.00000000,0.00000000,1200.00000000,10800.00000000,833.33333333,808.33755000,0,,
result4-3,2025-11-26,61539.31438437,55393.12010388,5307.59854910,838.59573139,80476.86901958,84380.76152026,156.81015733,41822.73218171,2863.67041597,5879.35301648,6250.59675282,0.02101070,OPTIMAL_CAUSAL_MPC_4X,0.00000000,0.00000000,1200.00000000,10800.00000000,833.33333333,833.33333333,0,,
result4-3,2025-11-27,60331.91453907,55208.17062612,4762.45193849,361.29197446,79996.48341110,83311.64476268,56.04901869,42062.71502668,3195.46225274,6250.59675282,6170.01821981,0.02502760,OPTIMAL_CAUSAL_MPC_4X,0.00000000,0.00000000,1200.00000000,10800.00000000,833.33333333,803.38928333,0,,
result4-3,2025-11-28,19089.89825558,14649.98333376,1829.97859458,2609.93632724,35059.62393220,37335.72620824,542.03265961,34499.43939643,2768.96101202,6170.01821981,6194.19030000,0.02078010,OPTIMAL_CAUSAL_MPC_4X,0.00000000,0.00000000,1200.00000000,10800.00000000,833.33333333,511.01250000,0,,
result4-3,2025-11-29,19684.20073497,14903.77079379,4585.79562792,194.63431326,35572.94344420,41290.15605444,43.02261566,35189.32088370,2980.00193196,6194.19030000,5879.24769599,0.02107370,OPTIMAL_CAUSAL_MPC_4X,0.00000000,0.00000000,1200.00000000,10800.00000000,833.33333333,499.88833333,0,,
result4-3,2025-11-30,66829.33081080,58116.34694063,5548.42173541,3164.56213476,83562.41547569,87895.03255901,562.72679649,47766.07225289,2619.00270316,5879.24769599,5896.42626259,0.02217180,OPTIMAL_CAUSAL_MPC_4X,0.00000000,0.00000000,1200.00000000,10800.00000000,833.33333333,813.98068333,0,,
result4-3,2025-12-01,95718.48894072,59990.99074867,17718.55326036,18008.94493169,82249.37262618,96285.09753948,2788.13805221,44003.21260658,4981.82003906,5896.42626259,6283.79441991,0.02155640,OPTIMAL_CAUSAL_MPC_4X,0.00000000,0.00000000,1200.00000000,10800.00000000,833.33333333,833.33333333,0,,
result4-3,2025-12-02,97716.11848101,59921.61737932,19515.16820091,18279.33290078,81535.91514235,97597.03205217,2693.88469839,43542.33268017,4593.27314866,6283.79441991,6077.86352914,0.02141190,OPTIMAL_CAUSAL_MPC_4X,0.00000000,0.00000000,1200.00000000,10800.00000000,833.33333333,833.33333333,0,,
result4-3,2025-12-03,89556.43649647,61626.11898688,17167.52103276,10762.79647683,83620.25939147,97175.03001012,1617.21427241,46738.42482359,5140.60876415,6077.86352914,6043.10065861,0.02211150,OPTIMAL_CAUSAL_MPC_4X,0.00000000,0.00000000,1200.00000000,10800.00000000,833.33333333,833.33333333,0,,
result4-3,2025-12-04,97044.13335800,59996.54106104,16577.49315840,20470.09913856,82502.55351545,96928.65641086,3103.94563862,45185.33579292,5145.32734316,6043.10065861,6313.50286660,0.02177130,OPTIMAL_CAUSAL_MPC_4X,0.00000000,0.00000000,1200.00000000,10800.00000000,833.33333333,833.33333333,0,,
result4-3,2025-12-05,37528.78360918,16028.00430445,11089.87448106,10410.90482368,35726.62490960,49640.32057948,2017.96444617,33341.71374457,4655.96677447,6313.50286660,6487.22990481,0.02165340,OPTIMAL_CAUSAL_MPC_4X,0.00000000,0.00000000,1200.00000000,10800.00000000,833.33333333,665.57500000,0,,
result4-3,2025-12-06,36632.60782669,16885.89466788,12595.59616363,7151.11699518,37925.25646218,52210.87997120,1422.16644967,36911.74721798,4344.42449655,6487.22990481,6816.15804900,0.02202610,OPTIMAL_CAUSAL_MPC_4X,0.00000000,0.00000000,1200.00000000,10800.00000000,833.33333333,655.66958333,0,,
result4-3,2025-12-07,95108.05403705,62882.38957567,13323.20093347,18902.46352791,85415.31946608,97080.67645161,2908.83247374,46716.37829227,5203.93003292,6816.15804900,6132.51698222,0.02134240,OPTIMAL_CAUSAL_MPC_4X,0.00000000,0.00000000,1200.00000000,10800.00000000,833.33333333,833.33333333,0,,
result4-3,2025-12-08,74352.80782428,68160.46508269,6176.28219998,16.06054160,91751.88678450,96346.55633119,2.22800050,45945.30322633,3585.33342864,6132.51698222,6224.04682636,0.02122070,OPTIMAL_CAUSAL_MPC_4X,0.00000000,0.00000000,1230.69313364,10800.00000000,833.33333333,833.33333333,0,,
result4-3,2025-12-09,73497.21272906,68529.45915561,4202.06890308,765.68467037,92989.42498419,95927.81672967,104.16567639,45654.03210792,3647.44447260,6224.04682636,6324.10541642,0.02176060,OPTIMAL_CAUSAL_MPC_4X,0.00000000,0.00000000,1276.26316642,10800.00000000,833.33333333,833.33333333,0,,
result4-3,2025-12-10,75584.80175913,68236.27131969,5732.03397743,1616.49646201,91389.48626021,95581.86841935,257.00429720,45342.22855365,2634.19945790,6324.10541642,6123.36539995,0.02138560,OPTIMAL_CAUSAL_MPC_4X,0.00000000,0.00000000,1200.00000000,10800.00000000,833.33333333,813.83152683,0,,
result4-3,2025-12-11,69392.57384413,67900.87082226,1253.88910030,237.81392157,92455.38808634,93324.70111535,34.22029233,42124.26170299,3058.25023702,6123.36539995,6006.02948840,0.02248090,OPTIMAL_CAUSAL_MPC_4X,0.00000000,0.00000000,1277.32600970,10800.00000000,833.33333333,833.33333333,0,,
result4-3,2025-12-12,25674.96169624,19857.70003255,5554.78370741,262.47795628,44896.34270430,51523.50636287,72.60956806,39132.07592871,3709.59469371,6006.02948840,5997.69464944,0.02176040,OPTIMAL_CAUSAL_MPC_4X,0.00000000,0.00000000,1200.00000000,10800.00000000,833.33333333,625.31245000,0,,
result4-3,2025-12-13,25060.05577299,21898.66423761,2913.14334953,248.24818584,48251.16837088,51605.61665172,61.79942035,41522.51304365,3357.13480082,5997.69464944,6089.43312056,0.02142110,OPTIMAL_CAUSAL_MPC_4X,0.00000000,0.00000000,1200.00000000,10800.00000000,833.33333333,633.90500000,0,,
result4-3,2025-12-14,76447.87244351,70587.67011724,4306.55903786,1553.64328841,93843.18594318,97009.30642335,231.48918626,46898.50167067,3378.64310764,6089.43312056,6017.93246833,0.02810940,OPTIMAL_CAUSAL_MPC_4X,0.00000000,0.00000000,1200.00000000,10800.00000000,833.33333333,825.34543333,0,,
result4-3,2025-12-15,80895.40525043,69518.55172302,4904.43467707,6472.41885035,92994.26351228,97246.32749690,932.65465983,47227.45965038,2792.19567628,6017.93246833,6045.07765838,0.02160690,OPTIMAL_CAUSAL_MPC_4X,0.00000000,0.00000000,1200.00000000,10800.00000000,833.33333333,833.33333333,0,,
result4-3,2025-12-16,78922.42095948,69984.08962063,5191.08956349,3747.24177536,93214.40112265,97326.17452922,558.07216546,44008.00436377,3404.72526898,6045.07765838,5928.16489093,0.02203590,OPTIMAL_CAUSAL_MPC_4X,0.00000000,0.00000000,1200.00000000,10800.00000000,833.33333333,833.33333333,0,,
result4-3,2025-12-17,74328.17737822,69512.31094504,3248.63715625,1567.22927693,93473.12911844,95940.33961477,233.05611766,46610.53284407,2776.94480738,5928.16489093,6007.33165222,0.02443740,OPTIMAL_CAUSAL_MPC_4X,0.00000000,0.00000000,1200.00000000,10800.00000000,833.33333333,833.33333333,0,,
result4-3,2025-12-18,82495.12241118,67268.85613914,5293.08575477,9933.18051728,91192.75353087,96169.33534445,1424.36035639,44318.64600215,4169.96386963,6007.33165222,5988.09632963,0.03173130,OPTIMAL_CAUSAL_MPC_4X,0.00000000,0.00000000,1200.00000000,10800.00000000,833.33333333,833.33333333,0,,
result4-3,2025-12-19,23960.24057450,20735.76439195,3224.47618254,0.00000000,46251.92925871,49262.69071713,0.00000000,38961.10731853,1993.75266053,5988.09632963,6260.30701792,0.02113850,OPTIMAL_CAUSAL_MPC_4X,0.00000000,0.00000000,1321.43941994,10800.00000000,833.33333333,626.09695000,0,,
result4-3,2025-12-20,25302.60179627,21000.50255980,2136.39377066,2165.70546581,47205.55354316,49653.27787847,432.55543459,40958.48551531,2510.21539676,6260.30701792,6247.43661318,0.02138840,OPTIMAL_CAUSAL_MPC_4X,0.00000000,0.00000000,1200.00000000,10800.00000000,833.33333333,619.58166667,0,,
result4-3,2025-12-21,78694.63007273,69739.56047952,6146.70201842,2808.36757478,93287.30277676,97949.97202720,410.08837252,46986.00074524,4195.40422358,6247.43661318,6030.79350444,0.02326350,OPTIMAL_CAUSAL_MPC_4X,0.00000000,0.00000000,1200.00000000,10800.00000000,833.33333333,833.33333333,0,,
result4-3,2025-12-22,79008.06881742,70444.01917904,3056.59293847,5507.45669991,93576.77229995,96502.51119103,860.70554549,46090.19108155,2726.46258901,6030.79350444,6031.22052852,0.02214220,OPTIMAL_CAUSAL_MPC_4X,0.00000000,0.00000000,1200.00000000,10800.00000000,833.33333333,833.33333333,0,,
result4-3,2025-12-23,71526.60903470,69781.43400666,1745.17502804,0.00000000,93343.12064713,94519.53805312,0.00000000,43798.56901654,2379.74603586,6031.22052852,6316.85828006,0.02119760,OPTIMAL_CAUSAL_MPC_4X,0.00000000,0.00000000,1379.72312540,10800.00000000,833.33333333,788.38526450,0,,
result4-3,2025-12-24,75409.72316053,68151.30929522,4573.05272094,2685.36114438,92414.29349246,95809.12130632,379.03378906,49743.25947446,2977.45125280,6316.85828006,6070.94224315,0.02677410,OPTIMAL_CAUSAL_MPC_4X,0.00000000,0.00000000,1200.00000000,10800.00000000,833.33333333,833.33333333,0,,
result4-3,2025-12-25,74190.70454495,68893.64545236,3700.10452958,1596.95456301,92116.03162305,94862.41862476,200.47367265,44311.14993037,2491.81979431,6070.94224315,5977.12754926,0.02145670,OPTIMAL_CAUSAL_MPC_4X,0.00000000,0.00000000,1200.00000000,10800.00000000,833.33333333,833.33333333,0,,
result4-3,2025-12-26,25110.84507914,20823.30412810,3321.34496787,966.19598317,46756.45883885,50551.97715694,196.20817287,42439.41765026,2671.47939028,5977.12754926,6397.35810469,0.02202840,OPTIMAL_CAUSAL_MPC_4X,0.00000000,0.00000000,1200.00000000,10800.00000000,833.33333333,651.67833333,0,,
result4-3,2025-12-27,24631.16465786,20939.89488956,3691.26976830,0.00000000,46687.96399422,50380.19010495,0.00000000,39793.32502315,2830.47288452,6397.35810469,6431.25366242,0.02147680,OPTIMAL_CAUSAL_MPC_4X,0.00000000,0.00000000,1340.92171142,10800.00000000,833.33333333,648.74166667,0,,
result4-3,2025-12-28,71756.15537803,69547.99870756,1544.05397710,664.10269336,94037.82404669,95144.53946740,89.06118750,51092.62362886,2970.67812598,6431.25366242,6432.55335185,0.02112520,OPTIMAL_CAUSAL_MPC_4X,0.00000000,0.00000000,1394.91852705,10800.00000000,833.33333333,833.33333333,0,,
result4-3,2025-12-29,71274.36108648,68418.86823885,2855.49284762,0.00000000,92131.65876794,94088.37548279,0.00000000,42604.85792003,2537.49663465,6432.55335185,5984.85933389,0.02187600,OPTIMAL_CAUSAL_MPC_4X,0.00000000,0.00000000,1279.48805796,10800.00000000,833.33333333,797.78007783,0,,
result4-3,2025-12-30,78151.95977122,67128.95998118,2422.84585471,8600.15393534,91930.31251283,94834.87126081,1271.26713735,43436.81787853,4023.89819879,5984.85933389,6011.91330019,0.02216770,OPTIMAL_CAUSAL_MPC_4X,0.00000000,0.00000000,1200.00000000,10800.00000000,833.33333333,833.33333333,0,,
result4-3,2025-12-31,78857.31723808,67934.01518245,5674.10145478,5249.20060085,91465.70677951,96234.56573622,811.86241451,46341.29899584,2824.07253758,6011.91330019,5910.86906185,0.02159700,OPTIMAL_CAUSAL_MPC_4X,0.00000000,0.00000000,1200.00000000,10800.00000000,833.33333333,833.33333333,0,,
