target_date,scenario_id,source_date,interval_index,load_residual_kw,pv_residual_kw,net_load_residual_kw,price_residual
2025-02-01,1,2025-01-11,1,-82.2186,0.0,-82.2186,0.0024
2025-02-01,1,2025-01-11,2,-5.9342,0.0,-5.9342,0.0318
2025-02-01,1,2025-01-11,3,26.27,0.0,26.27,0.0498
2025-02-01,1,2025-01-11,4,77.6034,0.0,77.6034,-0.0523
2025-02-01,1,2025-01-11,5,88.5968,0.0,88.5968,-0.0545
2025-02-01,1,2025-01-11,6,13.34,0.0,13.34,0.0582
2025-02-01,1,2025-01-11,7,-100.0814,0.0,-100.0814,0.0702
2025-02-01,1,2025-01-11,8,-25.4568,0.0,-25.4568,-0.0002
2025-02-01,1,2025-01-11,9,124.67,0.0,124.67,-0.0365
2025-02-01,1,2025-01-11,10,37.6435,0.0,37.6435,0.043
2025-02-01,1,2025-01-11,11,103.6233,0.0,103.6233,0.048
2025-02-01,1,2025-01-11,12,258.03,0.0,258.03,-0.0312
2025-02-01,1,2025-01-11,13,47.1069,0.0,47.1069,-0.0147
2025-02-01,1,2025-01-11,14,-30.9407,0.0,-30.9407,0.0436
2025-02-01,1,2025-01-11,15,86.23,0.0,86.23,0.0749
2025-02-01,1,2025-01-11,16,-25.4497,0.0,-25.4497,0.0665
2025-02-01,1,2025-01-11,17,-34.4279,0.0,-34.4279,0.0452
2025-02-01,1,2025-01-11,18,85.86,0.0,85.86,0.0121
2025-02-01,1,2025-01-11,19,19.8234,0.0,19.8234,-0.0477
2025-02-01,1,2025-01-11,20,67.2245,0.0,67.2245,-0.0723
2025-02-01,1,2025-01-11,21,197.49,0.0,197.49,-0.0316
2025-02-01,1,2025-01-11,22,37.4535,0.0,37.4535,0.0361
2025-02-01,1,2025-01-11,23,-199.9048,0.0,-199.9048,0.0257
2025-02-01,1,2025-01-11,24,-200.0,0.0,-200.0,-0.0299
2025-02-01,1,2025-01-11,25,124.4216,0.0,124.4216,0.0032
2025-02-01,1,2025-01-11,26,184.0342,0.0,184.0342,0.0516
2025-02-01,1,2025-01-11,27,-62.66,0.0,-62.66,0.0175
2025-02-01,1,2025-01-11,28,-102.1603,0.0,-102.1603,-0.0988
2025-02-01,1,2025-01-11,29,-61.895,0.0,-61.895,-0.038
2025-02-01,1,2025-01-11,30,-129.16,0.0,-129.16,0.112
2025-02-01,1,2025-01-11,31,-277.3481,-0.00132,-277.34678,0.0191
2025-02-01,1,2025-01-11,32,-87.4988,0.0,-87.4988,-0.0009
2025-02-01,1,2025-01-11,33,266.62,0.0,266.62,0.1055
2025-02-01,1,2025-01-11,34,160.0067,-0.01445,160.02115,0.0648
2025-02-01,1,2025-01-11,35,-87.274,0.0,-87.274,0.0105
2025-02-01,1,2025-01-11,36,-104.78,0.0,-104.78,0.0106
2025-02-01,1,2025-01-11,37,128.8727,-0.2009,129.0736,-0.0056
2025-02-01,1,2025-01-11,38,51.5565,0.0,51.5565,0.0144
2025-02-01,1,2025-01-11,39,-158.8,0.0,-158.8,0.0462
2025-02-01,1,2025-01-11,40,171.2284,-2.79875,174.02715,0.0025
2025-02-01,1,2025-01-11,41,210.9402,0.0,210.9402,-0.0224
2025-02-01,1,2025-01-11,42,-138.69,33.81375,-172.50375,0.0026
2025-02-01,1,2025-01-11,43,-121.4377,52.41744,-173.85514,0.015
2025-02-01,1,2025-01-11,44,-10.3936,38.50393,-48.89753,0.0174
2025-02-01,1,2025-01-11,45,92.3,6.8175,85.4825,0.0445
2025-02-01,1,2025-01-11,46,357.0553,-5.32213,362.37743,0.1074
2025-02-01,1,2025-01-11,47,313.5243,-32.72629,346.25059,0.0723
2025-02-01,1,2025-01-11,48,37.22,-70.07625,107.29625,-0.0124
2025-02-01,1,2025-01-11,49,91.7729,-60.79211,152.56501,0.0296
2025-02-01,1,2025-01-11,50,167.093,19.75901,147.33399,0.0212
2025-02-01,1,2025-01-11,51,122.1,130.005,-7.905,-0.0581
2025-02-01,1,2025-01-11,52,110.7419,186.55946,-75.81756,-0.046
2025-02-01,1,2025-01-11,53,-91.1742,171.50044,-262.67464,-0.0296
2025-02-01,1,2025-01-11,54,-289.03,139.03125,-428.06125,-0.015
2025-02-01,1,2025-01-11,55,-34.7097,153.04163,-187.75133,0.0749
2025-02-01,1,2025-01-11,56,97.196,102.53953,-5.34353,0.0768
2025-02-01,1,2025-01-11,57,45.65,-11.31,56.96,-0.0219
2025-02-01,1,2025-01-11,58,271.7112,-55.10723,326.81843,-0.0612
2025-02-01,1,2025-01-11,59,254.1826,0.96302,253.21958,-0.0391
2025-02-01,1,2025-01-11,60,-121.62,9.15,-130.77,-0.0043
2025-02-01,1,2025-01-11,61,-367.5072,-201.34922,-166.15798,-0.0005
2025-02-01,1,2025-01-11,62,-246.9966,-306.77049,59.77389,-0.0192
2025-02-01,1,2025-01-11,63,-67.77,-154.36875,86.59875,-0.0359
2025-02-01,1,2025-01-11,64,-302.8521,109.30208,-412.15418,-0.0341
2025-02-01,1,2025-01-11,65,-232.4069,329.97576,-562.38266,-0.0334
2025-02-01,1,2025-01-11,66,218.57,451.44,-232.87,-0.0293
2025-02-01,1,2025-01-11,67,327.078,501.37902,-174.30102,0.0005
2025-02-01,1,2025-01-11,68,-10.9741,458.80712,-469.78122,0.0183
2025-02-01,1,2025-01-11,69,-327.16,349.7925,-676.9525,0.0173
2025-02-01,1,2025-01-11,70,-76.0642,250.51201,-326.57621,0.0254
2025-02-01,1,2025-01-11,71,8.5339,193.61918,-185.08528,0.0235
2025-02-01,1,2025-01-11,72,-168.51,136.06875,-304.57875,0.0152
2025-02-01,1,2025-01-11,73,-3.9762,25.08611,-29.06231,0.019
2025-02-01,1,2025-01-11,74,74.2173,18.33569,55.88161,-0.0176
2025-02-01,1,2025-01-11,75,-14.8,161.51625,-176.31625,-0.0524
2025-02-01,1,2025-01-11,76,97.7073,338.04121,-240.33391,0.0054
2025-02-01,1,2025-01-11,77,133.1741,444.02835,-310.85425,0.0009
2025-02-01,1,2025-01-11,78,6.75,397.0725,-390.3225,-0.0661
2025-02-01,1,2025-01-11,79,-102.549,190.51497,-293.06397,-0.0421
2025-02-01,1,2025-01-11,80,-382.4561,44.21981,-426.67591,-0.0214
2025-02-01,1,2025-01-11,81,-502.09,-4.87875,-497.21125,-0.0451
2025-02-01,1,2025-01-11,82,89.7547,-82.87066,172.62536,-0.0525
2025-02-01,1,2025-01-11,83,413.5945,-25.58063,439.17513,-0.0449
2025-02-01,1,2025-01-11,84,127.53,61.49625,66.03375,-0.0261
2025-02-01,1,2025-01-11,85,-163.794,-119.43959,-44.35441,0.0053
2025-02-01,1,2025-01-11,86,-191.6694,-269.52417,77.85477,0.0197
2025-02-01,1,2025-01-11,87,-103.18,-246.015,142.835,0.0064
2025-02-01,1,2025-01-11,88,-193.5788,-189.02374,-4.55506,-0.0147
2025-02-01,1,2025-01-11,89,-95.3131,-134.0334,38.7203,-0.0117
2025-02-01,1,2025-01-11,90,123.19,-92.94375,216.13375,0.0035
2025-02-01,1,2025-01-11,91,28.4131,-65.62624,94.03934,-0.0073
2025-02-01,1,2025-01-11,92,113.2085,14.92538,98.28312,-0.0046
2025-02-01,1,2025-01-11,93,333.22,116.08875,217.13125,0.0255
2025-02-01,1,2025-01-11,94,105.5891,128.90678,-23.31768,0.046
2025-02-01,1,2025-01-11,95,-217.163,103.9258,-321.0888,0.0026
2025-02-01,1,2025-01-11,96,-322.71,114.4425,-437.1525,-0.0737
2025-02-01,1,2025-01-11,97,-231.5645,180.35911,-411.92361,-0.0851
2025-02-01,1,2025-01-11,98,-155.1589,187.66398,-342.82288,-0.0205
2025-02-01,1,2025-01-11,99,-117.79,126.50625,-244.29625,0.0503
2025-02-01,1,2025-01-11,100,9.3669,94.59855,-85.23165,0.0403
2025-02-01,1,2025-01-11,101,49.2362,71.58214,-22.34594,0.0185
2025-02-01,1,2025-01-11,102,-57.44,38.4,-95.84,-0.006
2025-02-01,1,2025-01-11,103,-161.5294,0.0,-161.5294,-0.0755
2025-02-01,1,2025-01-11,104,-79.3426,-2.89269,-76.44991,-0.0458
2025-02-01,1,2025-01-11,105,114.46,0.0,114.46,0.0474
2025-02-01,1,2025-01-11,106,147.0217,0.0,147.0217,0.0216
2025-02-01,1,2025-01-11,107,17.7129,-0.20765,17.92055,0.0097
2025-02-01,1,2025-01-11,108,-73.24,0.0,-73.24,0.047
2025-02-01,1,2025-01-11,109,30.2919,0.0,30.2919,0.0329
2025-02-01,1,2025-01-11,110,-171.6248,-0.01491,-171.60989,0.0342
2025-02-01,1,2025-01-11,111,-437.0,0.0,-437.0,0.0435
2025-02-01,1,2025-01-11,112,-16.9937,0.0,-16.9937,-0.0178
2025-02-01,1,2025-01-11,113,274.3165,-0.00147,274.31797,-0.0416
2025-02-01,1,2025-01-11,114,112.76,0.0,112.76,-0.0033
2025-02-01,1,2025-01-11,115,-47.2744,0.0,-47.2744,0.0115
2025-02-01,1,2025-01-11,116,-188.0714,0.0,-188.0714,0.002
2025-02-01,1,2025-01-11,117,-148.8,0.0,-148.8,0.0093
2025-02-01,1,2025-01-11,118,251.0967,0.0,251.0967,0.067
2025-02-01,1,2025-01-11,119,264.4743,0.0,264.4743,0.1052
2025-02-01,1,2025-01-11,120,-142.51,0.0,-142.51,0.0739
2025-02-01,1,2025-01-11,121,-249.3579,0.0,-249.3579,-0.0056
2025-02-01,1,2025-01-11,122,-107.7099,0.0,-107.7099,-0.0185
2025-02-01,1,2025-01-11,123,93.82,0.0,93.82,0.0319
2025-02-01,1,2025-01-11,124,211.4861,0.0,211.4861,0.0368
2025-02-01,1,2025-01-11,125,34.6532,0.0,34.6532,0.0241
2025-02-01,1,2025-01-11,126,-219.73,0.0,-219.73,0.0266
2025-02-01,1,2025-01-11,127,-109.5262,0.0,-109.5262,0.0355
2025-02-01,1,2025-01-11,128,-48.3424,0.0,-48.3424,0.0066
2025-02-01,1,2025-01-11,129,-130.63,0.0,-130.63,-0.0279
2025-02-01,1,2025-01-11,130,-38.4291,0.0,-38.4291,-0.0005
2025-02-01,1,2025-01-11,131,49.0913,0.0,49.0913,-0.0276
2025-02-01,1,2025-01-11,132,-60.08,0.0,-60.08,-0.0848
2025-02-01,1,2025-01-11,133,-302.9043,0.0,-302.9043,-0.0333
2025-02-01,1,2025-01-11,134,-108.1437,0.0,-108.1437,-0.0208
2025-02-01,1,2025-01-11,135,252.23,0.0,252.23,-0.0576
2025-02-01,1,2025-01-11,136,-21.2015,0.0,-21.2015,-0.0075
2025-02-01,1,2025-01-11,137,-21.6587,0.0,-21.6587,0.0144
2025-02-01,1,2025-01-11,138,232.29,0.0,232.29,-0.0252
2025-02-01,1,2025-01-11,139,-189.4269,0.0,-189.4269,-0.0416
2025-02-01,1,2025-01-11,140,-452.8483,0.0,-452.8483,-0.0644
2025-02-01,1,2025-01-11,141,-181.17,0.0,-181.17,-0.0595
2025-02-01,1,2025-01-11,142,130.6719,0.0,130.6719,0.0514
2025-02-01,1,2025-01-11,143,170.8313,0.0,170.8313,0.1546
2025-02-01,1,2025-01-11,144,81.32,0.0,81.32,0.1762
2025-02-01,2,2025-01-04,1,-672.082833,0.0,-672.082833,-0.0783
2025-02-01,2,2025-01-04,2,-639.445633,0.0,-639.445633,-0.0933
2025-02-01,2,2025-01-04,3,-550.3,0.0,-550.3,-0.0506
2025-02-01,2,2025-01-04,4,-665.8995,0.0,-665.8995,-0.0533
2025-02-01,2,2025-01-04,5,-715.505967,0.0,-715.505967,-0.033
2025-02-01,2,2025-01-04,6,-600.593333,0.0,-600.593333,0.0142
2025-02-01,2,2025-01-04,7,-526.7314,0.0,-526.7314,0.0157
2025-02-01,2,2025-01-04,8,-656.618867,0.0,-656.618867,0.0258
2025-02-01,2,2025-01-04,9,-775.416667,0.0,-775.416667,0.026
2025-02-01,2,2025-01-04,10,-550.384467,0.0,-550.384467,-0.058
2025-02-01,2,2025-01-04,11,-590.4782,0.0,-590.4782,-0.1034
2025-02-01,2,2025-01-04,12,-826.836667,0.0,-826.836667,-0.0581
2025-02-01,2,2025-01-04,13,-597.326633,0.0,-597.326633,0.0152
2025-02-01,2,2025-01-04,14,-501.212433,0.0,-501.212433,0.0815
2025-02-01,2,2025-01-04,15,-679.38,0.0,-679.38,0.0918
2025-02-01,2,2025-01-04,16,-654.332833,0.0,-654.332833,0.0153
2025-02-01,2,2025-01-04,17,-600.880933,0.0,-600.880933,-0.0211
2025-02-01,2,2025-01-04,18,-651.816667,0.0,-651.816667,0.0286
2025-02-01,2,2025-01-04,19,-721.803433,0.0,-721.803433,0.0858
2025-02-01,2,2025-01-04,20,-713.797467,0.0,-713.797467,0.0604
2025-02-01,2,2025-01-04,21,-666.143333,0.0,-666.143333,-0.0229
2025-02-01,2,2025-01-04,22,-681.9007,0.0,-681.9007,-0.0501
2025-02-01,2,2025-01-04,23,-595.9025,0.0,-595.9025,-0.0177
2025-02-01,2,2025-01-04,24,-556.19,0.0,-556.19,0.0059
2025-02-01,2,2025-01-04,25,-856.817267,0.0,-856.817267,-0.0421
2025-02-01,2,2025-01-04,26,-884.5225,0.0,-884.5225,-0.0413
2025-02-01,2,2025-01-04,27,-606.523333,0.0,-606.523333,0.0148
2025-02-01,2,2025-01-04,28,-596.869833,0.0,-596.869833,0.0112
2025-02-01,2,2025-01-04,29,-622.8489,0.0,-622.8489,-0.0152
2025-02-01,2,2025-01-04,30,-512.38,0.0,-512.38,-0.0126
2025-02-01,2,2025-01-04,31,-402.261967,0.0003,-402.262267,0.0248
2025-02-01,2,2025-01-04,32,-558.548333,0.0,-558.548333,0.0251
2025-02-01,2,2025-01-04,33,-792.03,0.0,-792.03,-0.0224
2025-02-01,2,2025-01-04,34,-691.134567,0.0041,-691.138667,-0.0538
2025-02-01,2,2025-01-04,35,-858.186333,0.0,-858.186333,-0.0311
2025-02-01,2,2025-01-04,36,-1357.35,0.0,-1357.35,-0.0083
2025-02-01,2,2025-01-04,37,-1585.3904,0.058,-1585.4484,-0.0648
2025-02-01,2,2025-01-04,38,-1467.7224,0.0,-1467.7224,-0.0556
2025-02-01,2,2025-01-04,39,-1307.523333,0.0,-1307.523333,0.0176
2025-02-01,2,2025-01-04,40,-1435.9736,0.8087,-1436.7823,0.0078
2025-02-01,2,2025-01-04,41,-1376.8139,0.0,-1376.8139,-0.0071
2025-02-01,2,2025-01-04,42,-1084.353333,5.475,-1089.828333,0.0222
2025-02-01,2,2025-01-04,43,-1022.0552,39.7663,-1061.8215,0.049
2025-02-01,2,2025-01-04,44,-1147.496267,60.0811,-1207.577367,-0.0023
2025-02-01,2,2025-01-04,45,-1230.68,64.3125,-1294.9925,-0.0844
2025-02-01,2,2025-01-04,46,-1174.431767,90.1455,-1264.577267,-0.0726
2025-02-01,2,2025-01-04,47,-1588.902633,119.1151,-1708.017733,-0.0452
2025-02-01,2,2025-01-04,48,-2341.353333,91.8,-2433.153333,-0.0425
2025-02-01,2,2025-01-04,49,-2596.7814,-12.5905,-2584.1909,-0.0274
2025-02-01,2,2025-01-04,50,-2400.683333,29.3307,-2430.014033,-0.0139
2025-02-01,2,2025-01-04,51,-2217.286667,145.8375,-2363.124167,-0.0073
2025-02-01,2,2025-01-04,52,-2416.234667,48.1096,-2464.344267,0.0013
2025-02-01,2,2025-01-04,53,-2279.2549,-9.0651,-2270.1898,-0.0109
2025-02-01,2,2025-01-04,54,-1823.97,54.9375,-1878.9075,-0.036
2025-02-01,2,2025-01-04,55,-1792.315833,60.8631,-1853.178933,-0.036
2025-02-01,2,2025-01-04,56,-1809.4818,43.0661,-1852.5479,-0.0117
2025-02-01,2,2025-01-04,57,-1796.97,28.9125,-1825.8825,0.0005
2025-02-01,2,2025-01-04,58,-2043.116933,-23.8636,-2019.253333,-0.0321
2025-02-01,2,2025-01-04,59,-1990.719533,-173.0732,-1817.646333,-0.0253
2025-02-01,2,2025-01-04,60,-1627.166667,-306.4875,-1320.679167,0.0383
2025-02-01,2,2025-01-04,61,-1551.9251,-193.3733,-1358.5518,0.0763
2025-02-01,2,2025-01-04,62,-1755.342567,166.9766,-1922.319167,0.0009
2025-02-01,2,2025-01-04,63,-1891.05,462.3,-2353.35,-0.0849
2025-02-01,2,2025-01-04,64,-1664.866567,345.5009,-2010.367467,0.0074
2025-02-01,2,2025-01-04,65,-1662.613067,318.6103,-1981.223367,0.0546
2025-02-01,2,2025-01-04,66,-1941.603333,512.3625,-2453.965833,-0.0197
2025-02-01,2,2025-01-04,67,-1960.7919,582.9373,-2543.7292,-0.0731
2025-02-01,2,2025-01-04,68,-1789.068333,623.0479,-2412.116233,-0.0888
2025-02-01,2,2025-01-04,69,-1692.55,597.3,-2289.85,-0.0919
2025-02-01,2,2025-01-04,70,-1818.148733,332.858,-2151.006733,-0.0911
2025-02-01,2,2025-01-04,71,-1719.771667,78.2184,-1797.990067,-0.0096
2025-02-01,2,2025-01-04,72,-1480.766667,107.025,-1587.791667,0.0672
2025-02-01,2,2025-01-04,73,-1606.214567,442.1813,-2048.395867,-0.0308
2025-02-01,2,2025-01-04,74,-1606.868467,471.2251,-2078.093567,-0.089
2025-02-01,2,2025-01-04,75,-1445.326667,245.9625,-1691.289167,-0.0482
2025-02-01,2,2025-01-04,76,-1597.993233,371.3109,-1969.304133,-0.0598
2025-02-01,2,2025-01-04,77,-1779.5655,401.0509,-2180.6164,-0.1032
2025-02-01,2,2025-01-04,78,-1838.256667,190.6875,-2028.944167,-0.1088
2025-02-01,2,2025-01-04,79,-1863.305633,68.3628,-1931.668433,-0.0324
2025-02-01,2,2025-01-04,80,-1608.0293,-37.4171,-1570.6122,0.0596
2025-02-01,2,2025-01-04,81,-1349.313333,-213.45,-1135.863333,0.0955
2025-02-01,2,2025-01-04,82,-1674.862667,-392.5975,-1282.265167,0.0479
2025-02-01,2,2025-01-04,83,-1994.562933,-278.3242,-1716.238733,-0.0244
2025-02-01,2,2025-01-04,84,-1955.796667,-34.5375,-1921.259167,-0.0411
2025-02-01,2,2025-01-04,85,-1773.746933,-137.551,-1636.195933,0.0335
2025-02-01,2,2025-01-04,86,-1762.284867,-261.5811,-1500.703767,0.0635
2025-02-01,2,2025-01-04,87,-1848.153333,-226.2375,-1621.915833,0.0359
2025-02-01,2,2025-01-04,88,-1713.587933,-163.9145,-1549.673433,0.0525
2025-02-01,2,2025-01-04,89,-1669.3891,-57.3467,-1612.0424,0.0194
2025-02-01,2,2025-01-04,90,-1802.823333,24.975,-1827.798333,-0.0519
2025-02-01,2,2025-01-04,91,-1873.366667,-33.0707,-1840.295967,-0.0492
2025-02-01,2,2025-01-04,92,-1869.6437,-41.4308,-1828.2129,-0.074
2025-02-01,2,2025-01-04,93,-1836.52,7.4625,-1843.9825,-0.0918
2025-02-01,2,2025-01-04,94,-1786.427733,-53.2215,-1733.206233,0.0272
2025-02-01,2,2025-01-04,95,-1635.3855,-56.5547,-1578.8308,0.0427
2025-02-01,2,2025-01-04,96,-1553.056667,15.3375,-1568.394167,-0.0683
2025-02-01,2,2025-01-04,97,-1784.643067,2.9271,-1787.570167,-0.0736
2025-02-01,2,2025-01-04,98,-1798.641033,-25.0682,-1773.572833,0.0296
2025-02-01,2,2025-01-04,99,-1591.993333,-21.3375,-1570.655833,0.1144
2025-02-01,2,2025-01-04,100,-1726.111533,-13.3431,-1712.768433,0.0504
2025-02-01,2,2025-01-04,101,-2113.483,-3.7713,-2109.7117,-0.0335
2025-02-01,2,2025-01-04,102,-2403.0,3.7875,-2406.7875,-0.0559
2025-02-01,2,2025-01-04,103,-2303.2767,0.0,-2303.2767,-0.0456
2025-02-01,2,2025-01-04,104,-2128.123667,-0.6952,-2127.428467,-0.02
2025-02-01,2,2025-01-04,105,-2178.823333,0.0,-2178.823333,-0.0107
2025-02-01,2,2025-01-04,106,-2397.595033,0.0,-2397.595033,-0.0372
2025-02-01,2,2025-01-04,107,-2001.949067,-0.0499,-2001.899167,-0.0034
2025-02-01,2,2025-01-04,108,-1216.046667,0.0,-1216.046667,0.0602
2025-02-01,2,2025-01-04,109,-1052.274767,0.0,-1052.274767,0.0298
2025-02-01,2,2025-01-04,110,-966.774633,-0.0036,-966.771033,0.0209
2025-02-01,2,2025-01-04,111,-807.963333,0.0,-807.963333,0.0561
2025-02-01,2,2025-01-04,112,-1019.3787,0.0,-1019.3787,0.0346
2025-02-01,2,2025-01-04,113,-1259.839733,-0.0002,-1259.839533,-0.0212
2025-02-01,2,2025-01-04,114,-1262.633333,0.0,-1262.633333,-0.0591
2025-02-01,2,2025-01-04,115,-1070.797267,0.0,-1070.797267,-0.0453
2025-02-01,2,2025-01-04,116,-851.038633,0.0,-851.038633,-0.0115
2025-02-01,2,2025-01-04,117,-847.356667,0.0,-847.356667,-0.0055
2025-02-01,2,2025-01-04,118,-1169.5379,0.0,-1169.5379,-0.0454
2025-02-01,2,2025-01-04,119,-1225.813567,0.0,-1225.813567,-0.0381
2025-02-01,2,2025-01-04,120,-1000.896667,0.0,-1000.896667,0.0037
2025-02-01,2,2025-01-04,121,-1033.479367,0.0,-1033.479367,-0.0234
2025-02-01,2,2025-01-04,122,-1083.855233,0.0,-1083.855233,-0.051
2025-02-01,2,2025-01-04,123,-1058.433333,0.0,-1058.433333,-0.0272
2025-02-01,2,2025-01-04,124,-1109.234433,0.0,-1109.234433,0.0195
2025-02-01,2,2025-01-04,125,-994.857933,0.0,-994.857933,-0.0101
2025-02-01,2,2025-01-04,126,-828.266667,0.0,-828.266667,-0.0654
2025-02-01,2,2025-01-04,127,-975.853533,0.0,-975.853533,-0.0002
2025-02-01,2,2025-01-04,128,-1016.796367,0.0,-1016.796367,0.0525
2025-02-01,2,2025-01-04,129,-903.496667,0.0,-903.496667,0.0327
2025-02-01,2,2025-01-04,130,-997.598667,0.0,-997.598667,0.0099
2025-02-01,2,2025-01-04,131,-1011.579267,0.0,-1011.579267,-0.0101
2025-02-01,2,2025-01-04,132,-808.8,0.0,-808.8,-0.0046
2025-02-01,2,2025-01-04,133,-583.9217,0.0,-583.9217,0.0514
2025-02-01,2,2025-01-04,134,-564.837733,0.0,-564.837733,0.0619
2025-02-01,2,2025-01-04,135,-666.14,0.0,-666.14,0.0185
2025-02-01,2,2025-01-04,136,-610.063133,0.0,-610.063133,0.0105
2025-02-01,2,2025-01-04,137,-608.156967,0.0,-608.156967,0.0463
2025-02-01,2,2025-01-04,138,-687.396667,0.0,-687.396667,0.0663
2025-02-01,2,2025-01-04,139,-634.082,0.0,-634.082,0.008
2025-02-01,2,2025-01-04,140,-517.2773,0.0,-517.2773,-0.0198
2025-02-01,2,2025-01-04,141,-568.123333,0.0,-568.123333,0.0087
2025-02-01,2,2025-01-04,142,-845.285333,0.0,-845.285333,0.0184
2025-02-01,2,2025-01-04,143,-426.603433,0.0,-426.603433,0.0373
2025-02-01,2,2025-01-04,144,469.046667,0.0,469.046667,0.0908
2025-02-01,3,2025-01-19,1,-126.5003,0.0,-126.5003,0.1091
2025-02-01,3,2025-01-19,2,-231.4767,0.0,-231.4767,0.0532
2025-02-01,3,2025-01-19,3,-57.56,0.0,-57.56,0.0899
2025-02-01,3,2025-01-19,4,-38.5161,0.0,-38.5161,0.0746
2025-02-01,3,2025-01-19,5,16.896,0.0,16.896,0.0209
2025-02-01,3,2025-01-19,6,165.22,0.0,165.22,0.0145
2025-02-01,3,2025-01-19,7,193.7836,0.0,193.7836,0.114
2025-02-01,3,2025-01-19,8,17.1179,0.0,17.1179,0.1589
2025-02-01,3,2025-01-19,9,-202.62,0.0,-202.62,0.1245
2025-02-01,3,2025-01-19,10,-169.0218,0.0,-169.0218,0.1358
2025-02-01,3,2025-01-19,11,93.6509,0.0,93.6509,0.1563
2025-02-01,3,2025-01-19,12,307.98,0.0,307.98,0.1405
2025-02-01,3,2025-01-19,13,204.1619,0.0,204.1619,0.0968
2025-02-01,3,2025-01-19,14,195.1116,0.0,195.1116,0.1112
2025-02-01,3,2025-01-19,15,175.76,0.0,175.76,0.1477
2025-02-01,3,2025-01-19,16,-328.0818,0.0,-328.0818,0.0907
2025-02-01,3,2025-01-19,17,-540.6544,0.0,-540.6544,0.06
2025-02-01,3,2025-01-19,18,-178.91,0.0,-178.91,0.0998
2025-02-01,3,2025-01-19,19,223.081,0.0,223.081,0.1266
2025-02-01,3,2025-01-19,20,144.5713,0.0,144.5713,0.0982
2025-02-01,3,2025-01-19,21,-225.65,0.0,-225.65,0.0559
2025-02-01,3,2025-01-19,22,-213.8996,0.0,-213.8996,0.0773
2025-02-01,3,2025-01-19,23,5.4332,0.0,5.4332,0.1031
2025-02-01,3,2025-01-19,24,71.11,0.0,71.11,0.0957
2025-02-01,3,2025-01-19,25,-178.1952,0.0,-178.1952,0.0755
2025-02-01,3,2025-01-19,26,-259.4026,0.0,-259.4026,0.0605
2025-02-01,3,2025-01-19,27,-72.77,0.0,-72.77,0.066
2025-02-01,3,2025-01-19,28,10.1487,0.0,10.1487,0.0927
2025-02-01,3,2025-01-19,29,-82.8914,0.0,-82.8914,0.0927
2025-02-01,3,2025-01-19,30,-157.24,0.0,-157.24,0.0664
2025-02-01,3,2025-01-19,31,11.5847,-0.000733,11.585433,0.0618
2025-02-01,3,2025-01-19,32,43.9335,0.0058,43.9277,0.0796
2025-02-01,3,2025-01-19,33,-117.5,0.0,-117.5,0.0895
2025-02-01,3,2025-01-19,34,-145.4699,-0.012917,-145.456983,0.0698
2025-02-01,3,2025-01-19,35,-77.0232,0.081078,-77.104278,0.0995
2025-02-01,3,2025-01-19,36,-64.25,0.0,-64.25,0.1932
2025-02-01,3,2025-01-19,37,-178.2072,-0.181128,-178.026072,0.2762
2025-02-01,3,2025-01-19,38,-111.5315,1.128961,-112.660461,0.2823
2025-02-01,3,2025-01-19,39,67.1,0.0,67.1,0.2429
2025-02-01,3,2025-01-19,40,-0.6063,-2.5227,1.9164,0.2467
2025-02-01,3,2025-01-19,41,30.3589,19.715633,10.643267,0.2398
2025-02-01,3,2025-01-19,42,193.79,90.454167,103.335833,0.1828
2025-02-01,3,2025-01-19,43,123.5695,118.76865,4.80085,0.1078
2025-02-01,3,2025-01-19,44,-171.2233,124.016306,-295.239606,0.1135
2025-02-01,3,2025-01-19,45,-446.15,135.083333,-581.233333,0.1523
2025-02-01,3,2025-01-19,46,-396.7494,156.586839,-553.336239,0.1002
2025-02-01,3,2025-01-19,47,-36.4688,123.519467,-159.988267,0.1642
2025-02-01,3,2025-01-19,48,235.45,45.845833,189.604167,0.334
2025-02-01,3,2025-01-19,49,-6.1172,14.939394,-21.056594,0.3767
2025-02-01,3,2025-01-19,50,-108.286,75.406206,-183.692206,0.3732
2025-02-01,3,2025-01-19,51,-3.97,187.55625,-191.52625,0.3679
2025-02-01,3,2025-01-19,52,-232.9066,261.465122,-494.371722,0.3097
2025-02-01,3,2025-01-19,53,-347.8061,292.133311,-639.939411,0.2369
2025-02-01,3,2025-01-19,54,-106.4,285.322917,-391.722917,0.23
2025-02-01,3,2025-01-19,55,231.4085,241.313483,-9.904983,0.3336
2025-02-01,3,2025-01-19,56,263.8303,183.480556,80.349744,0.3758
2025-02-01,3,2025-01-19,57,57.91,141.060417,-83.150417,0.3063
2025-02-01,3,2025-01-19,58,49.8278,133.310428,-83.482628,0.2383
2025-02-01,3,2025-01-19,59,156.6516,139.556383,17.095217,0.2314
2025-02-01,3,2025-01-19,60,189.59,125.466667,64.123333,0.2559
2025-02-01,3,2025-01-19,61,63.5427,67.622972,-4.080272,0.2449
2025-02-01,3,2025-01-19,62,-16.9166,3.364039,-20.280639,0.2719
2025-02-01,3,2025-01-19,63,54.97,39.975,14.995,0.3203
2025-02-01,3,2025-01-19,64,200.1515,254.4981,-54.3466,0.2898
2025-02-01,3,2025-01-19,65,280.2978,395.968867,-115.671067,0.2474
2025-02-01,3,2025-01-19,66,242.16,400.025,-157.865,0.2387
2025-02-01,3,2025-01-19,67,130.2225,416.688817,-286.466317,0.2369
2025-02-01,3,2025-01-19,68,-9.9959,382.975317,-392.971217,0.1936
2025-02-01,3,2025-01-19,69,-82.86,322.395833,-405.255833,0.1789
2025-02-01,3,2025-01-19,70,20.1289,349.401239,-329.272339,0.2943
2025-02-01,3,2025-01-19,71,243.4147,375.774383,-132.359683,0.2865
2025-02-01,3,2025-01-19,72,222.06,361.110417,-139.050417,0.1457
2025-02-01,3,2025-01-19,73,-345.3687,348.472144,-693.840844,0.126
2025-02-01,3,2025-01-19,74,-488.0423,314.102222,-802.144522,0.2037
2025-02-01,3,2025-01-19,75,-119.52,205.039583,-324.559583,0.2709
2025-02-01,3,2025-01-19,76,-69.5553,6.465217,-76.020517,0.2577
2025-02-01,3,2025-01-19,77,-35.5982,-108.320922,72.722722,0.2824
2025-02-01,3,2025-01-19,78,23.7,-147.375,171.075,0.3416
2025-02-01,3,2025-01-19,79,-176.9517,-257.205678,80.253978,0.3203
2025-02-01,3,2025-01-19,80,-41.587,-239.130061,197.543061,0.3265
2025-02-01,3,2025-01-19,81,290.33,-147.895833,438.225833,0.3589
2025-02-01,3,2025-01-19,82,71.5498,-245.934483,317.484283,0.3092
2025-02-01,3,2025-01-19,83,-62.8778,-272.206306,209.328506,0.3037
2025-02-01,3,2025-01-19,84,103.67,-166.602083,270.272083,0.3559
2025-02-01,3,2025-01-19,85,130.3834,-140.033333,270.416733,0.3403
2025-02-01,3,2025-01-19,86,44.0404,-148.660667,192.701067,0.266
2025-02-01,3,2025-01-19,87,-25.22,-158.735417,133.515417,0.2213
2025-02-01,3,2025-01-19,88,21.8598,-194.786189,216.645989,0.2901
2025-02-01,3,2025-01-19,89,237.5169,-205.426144,442.943044,0.3689
2025-02-01,3,2025-01-19,90,396.63,-138.458333,535.088333,0.3613
2025-02-01,3,2025-01-19,91,175.9694,3.588333,172.381067,0.2668
2025-02-01,3,2025-01-19,92,-89.8588,81.062872,-170.921672,0.2362
2025-02-01,3,2025-01-19,93,-197.19,49.920833,-247.110833,0.2757
2025-02-01,3,2025-01-19,94,-198.7104,-3.766117,-194.944283,0.2627
2025-02-01,3,2025-01-19,95,3.3855,3.500189,-0.114689,0.284
2025-02-01,3,2025-01-19,96,152.11,54.6625,97.4475,0.3249
2025-02-01,3,2025-01-19,97,-140.3451,66.409267,-206.754367,0.2747
2025-02-01,3,2025-01-19,98,-234.2251,81.360311,-315.585411,0.2519
2025-02-01,3,2025-01-19,99,45.07,106.510417,-61.440417,0.2949
2025-02-01,3,2025-01-19,100,196.9591,100.120706,96.838394,0.3199
2025-02-01,3,2025-01-19,101,-51.9162,95.575122,-147.491322,0.3173
2025-02-01,3,2025-01-19,102,-401.09,84.3125,-485.4025,0.3098
2025-02-01,3,2025-01-19,103,-293.6184,19.682328,-313.300728,0.3234
2025-02-01,3,2025-01-19,104,-158.556,-2.57465,-155.98135,0.3479
2025-02-01,3,2025-01-19,105,-125.63,0.0,-125.63,0.368
2025-02-01,3,2025-01-19,106,66.6111,1.136461,65.474639,0.3578
2025-02-01,3,2025-01-19,107,63.8337,-0.184839,64.018539,0.2416
2025-02-01,3,2025-01-19,108,-75.41,0.0,-75.41,0.107
2025-02-01,3,2025-01-19,109,93.6759,0.081622,93.594278,0.1361
2025-02-01,3,2025-01-19,110,275.6443,-0.013267,275.657567,0.1907
2025-02-01,3,2025-01-19,111,128.14,0.0,128.14,0.1778
2025-02-01,3,2025-01-19,112,-337.2744,0.005906,-337.280306,0.1464
2025-02-01,3,2025-01-19,113,-319.848,-0.000817,-319.847183,0.1986
2025-02-01,3,2025-01-19,114,69.16,0.0,69.16,0.2753
2025-02-01,3,2025-01-19,115,-45.9883,0.0,-45.9883,0.2113
2025-02-01,3,2025-01-19,116,-188.6382,0.0,-188.6382,0.1047
2025-02-01,3,2025-01-19,117,0.04,0.0,0.04,0.0754
2025-02-01,3,2025-01-19,118,330.0109,0.0,330.0109,0.1506
2025-02-01,3,2025-01-19,119,312.5741,0.0,312.5741,0.1805
2025-02-01,3,2025-01-19,120,-55.11,0.0,-55.11,0.1469
2025-02-01,3,2025-01-19,121,-266.6018,0.0,-266.6018,0.1687
2025-02-01,3,2025-01-19,122,-25.0415,0.0,-25.0415,0.2136
2025-02-01,3,2025-01-19,123,335.43,0.0,335.43,0.2375
2025-02-01,3,2025-01-19,124,158.0923,0.0,158.0923,0.2263
2025-02-01,3,2025-01-19,125,-217.6648,0.0,-217.6648,0.1742
2025-02-01,3,2025-01-19,126,-278.6,0.0,-278.6,0.1305
2025-02-01,3,2025-01-19,127,140.3029,0.0,140.3029,0.1611
2025-02-01,3,2025-01-19,128,186.1823,0.0,186.1823,0.1897
2025-02-01,3,2025-01-19,129,-129.13,0.0,-129.13,0.174
2025-02-01,3,2025-01-19,130,1.7582,0.0,1.7582,0.1441
2025-02-01,3,2025-01-19,131,120.0232,0.0,120.0232,0.1367
2025-02-01,3,2025-01-19,132,-2.0,0.0,-2.0,0.1279
2025-02-01,3,2025-01-19,133,-68.1546,0.0,-68.1546,0.0719
2025-02-01,3,2025-01-19,134,59.9041,0.0,59.9041,0.0807
2025-02-01,3,2025-01-19,135,176.97,0.0,176.97,0.1344
2025-02-01,3,2025-01-19,136,-12.9404,0.0,-12.9404,0.106
2025-02-01,3,2025-01-19,137,-9.9332,0.0,-9.9332,0.114
2025-02-01,3,2025-01-19,138,142.12,0.0,142.12,0.1611
2025-02-01,3,2025-01-19,139,-62.7693,0.0,-62.7693,0.1247
2025-02-01,3,2025-01-19,140,-38.2692,0.0,-38.2692,0.0965
2025-02-01,3,2025-01-19,141,99.39,0.0,99.39,0.1128
2025-02-01,3,2025-01-19,142,-310.8528,0.0,-310.8528,0.107
2025-02-01,3,2025-01-19,143,-241.7554,0.0,-241.7554,0.0463
2025-02-01,3,2025-01-19,144,225.77,0.0,225.77,-0.0099
2025-02-01,4,2025-01-26,1,-203.0449,0.0,-203.0449,0.1216
2025-02-01,4,2025-01-26,2,44.9884,0.0,44.9884,0.0679
2025-02-01,4,2025-01-26,3,35.08,0.0,35.08,0.0569
2025-02-01,4,2025-01-26,4,-198.3146,0.0,-198.3146,0.0937
2025-02-01,4,2025-01-26,5,-186.2215,0.0,-186.2215,0.1229
2025-02-01,4,2025-01-26,6,40.41,0.0,40.41,0.1208
2025-02-01,4,2025-01-26,7,15.8328,0.0,15.8328,0.1076
2025-02-01,4,2025-01-26,8,-53.6818,0.0,-53.6818,0.0947
2025-02-01,4,2025-01-26,9,-65.81,0.0,-65.81,0.0889
2025-02-01,4,2025-01-26,10,-147.9819,0.0,-147.9819,0.0977
2025-02-01,4,2025-01-26,11,-231.7332,0.0,-231.7332,0.1365
2025-02-01,4,2025-01-26,12,-185.94,0.0,-185.94,0.181
2025-02-01,4,2025-01-26,13,28.4354,0.0,28.4354,0.1792
2025-02-01,4,2025-01-26,14,61.3777,0.0,61.3777,0.1374
2025-02-01,4,2025-01-26,15,-38.86,0.0,-38.86,0.1058
2025-02-01,4,2025-01-26,16,75.0533,0.0,75.0533,0.1228
2025-02-01,4,2025-01-26,17,-9.8222,0.0,-9.8222,0.0717
2025-02-01,4,2025-01-26,18,-310.15,0.0,-310.15,-0.0067
2025-02-01,4,2025-01-26,19,-350.4095,0.0,-350.4095,0.0444
2025-02-01,4,2025-01-26,20,-63.3982,0.0,-63.3982,0.0671
2025-02-01,4,2025-01-26,21,284.48,0.0,284.48,0.0256
2025-02-01,4,2025-01-26,22,319.4034,0.0,319.4034,0.046
2025-02-01,4,2025-01-26,23,141.0995,0.0,141.0995,0.0942
2025-02-01,4,2025-01-26,24,41.28,0.0,41.28,0.1141
2025-02-01,4,2025-01-26,25,212.8427,0.0,212.8427,0.0926
2025-02-01,4,2025-01-26,26,198.0267,0.0,198.0267,0.1057
2025-02-01,4,2025-01-26,27,37.53,0.0,37.53,0.1632
2025-02-01,4,2025-01-26,28,199.0513,0.0,199.0513,0.1911
2025-02-01,4,2025-01-26,29,237.094,0.00106,237.09294,0.1381
2025-02-01,4,2025-01-26,30,71.71,0.0,71.71,0.0693
2025-02-01,4,2025-01-26,31,66.8168,-0.000528,66.817328,0.1021
2025-02-01,4,2025-01-26,32,-19.1292,0.012084,-19.141284,0.1244
2025-02-01,4,2025-01-26,33,-49.6,0.0,-49.6,0.0737
2025-02-01,4,2025-01-26,34,350.8976,-0.0093,350.9069,0.0158
2025-02-01,4,2025-01-26,35,413.4057,0.168184,413.237516,0.0899
2025-02-01,4,2025-01-26,36,74.74,0.0,74.74,0.209
2025-02-01,4,2025-01-26,37,33.0471,-0.130412,33.177512,0.1575
2025-02-01,4,2025-01-26,38,53.2398,2.342132,50.897668,0.1649
2025-02-01,4,2025-01-26,39,-58.38,0.0,-58.38,0.2579
2025-02-01,4,2025-01-26,40,-176.6275,-1.816344,-174.811156,0.2242
2025-02-01,4,2025-01-26,41,-59.5562,38.343968,-97.900168,0.1604
2025-02-01,4,2025-01-26,42,194.03,142.044,51.986,0.1786
2025-02-01,4,2025-01-26,43,259.8559,159.62318,100.23272,0.2727
2025-02-01,4,2025-01-26,44,361.019,134.87774,226.14126,0.241
2025-02-01,4,2025-01-26,45,453.2,122.88,330.32,0.0974
2025-02-01,4,2025-01-26,46,231.0939,142.03702,89.05688,0.0737
2025-02-01,4,2025-01-26,47,-28.4904,173.354456,-201.844856,0.208
2025-02-01,4,2025-01-26,48,-60.42,208.524,-268.944,0.3601
2025-02-01,4,2025-01-26,49,131.6279,249.019936,-117.392036,0.3511
2025-02-01,4,2025-01-26,50,141.7659,260.68854,-118.92264,0.3478
2025-02-01,4,2025-01-26,51,62.83,295.6995,-232.8695,0.393
2025-02-01,4,2025-01-26,52,321.9041,425.8989,-103.9948,0.3634
2025-02-01,4,2025-01-26,53,327.5846,434.02396,-106.43936,0.3184
2025-02-01,4,2025-01-26,54,12.41,347.394,-334.984,0.2811
2025-02-01,4,2025-01-26,55,-68.3937,420.970948,-489.364648,0.2199
2025-02-01,4,2025-01-26,56,-3.5353,552.545312,-556.080612,0.2136
2025-02-01,4,2025-01-26,57,81.45,635.646,-554.196,0.267
2025-02-01,4,2025-01-26,58,144.1269,634.395744,-490.268844,0.3013
2025-02-01,4,2025-01-26,59,-33.0328,452.992184,-486.024984,0.3126
2025-02-01,4,2025-01-26,60,-174.9,248.0715,-422.9715,0.3141
2025-02-01,4,2025-01-26,61,188.0684,312.832984,-124.764584,0.3097
2025-02-01,4,2025-01-26,62,203.9733,421.696748,-217.723448,0.2851
2025-02-01,4,2025-01-26,63,-121.86,410.7075,-532.5675,0.2713
2025-02-01,4,2025-01-26,64,10.5774,324.092352,-313.514952,0.3194
2025-02-01,4,2025-01-26,65,-138.8475,259.675904,-398.523404,0.3609
2025-02-01,4,2025-01-26,66,-454.69,279.78,-734.47,0.3667
2025-02-01,4,2025-01-26,67,-50.7461,341.5933,-392.3394,0.3666
2025-02-01,4,2025-01-26,68,84.4223,187.812396,-103.390096,0.3455
2025-02-01,4,2025-01-26,69,-220.97,-60.393,-160.577,0.3089
2025-02-01,4,2025-01-26,70,-148.5805,-21.340812,-127.239688,0.2906
2025-02-01,4,2025-01-26,71,-87.7987,15.871088,-103.669788,0.3062
2025-02-01,4,2025-01-26,72,-90.45,-103.179,12.729,0.3338
2025-02-01,4,2025-01-26,73,207.6637,-254.546464,462.210164,0.3426
2025-02-01,4,2025-01-26,74,253.577,-426.811036,680.388036,0.3897
2025-02-01,4,2025-01-26,75,27.65,-583.941,611.591,0.4087
2025-02-01,4,2025-01-26,76,55.8882,-658.826376,714.714576,0.2834
2025-02-01,4,2025-01-26,77,-9.0799,-681.26978,672.18988,0.2719
2025-02-01,4,2025-01-26,78,-212.6,-632.1105,419.5105,0.3752
2025-02-01,4,2025-01-26,79,-208.2959,-449.470816,241.174916,0.3501
2025-02-01,4,2025-01-26,80,-186.542,-195.594348,9.052348,0.3723
2025-02-01,4,2025-01-26,81,-211.94,40.9605,-252.9005,0.4432
2025-02-01,4,2025-01-26,82,-149.8754,177.900604,-327.776004,0.3742
2025-02-01,4,2025-01-26,83,-121.7266,144.044048,-265.770648,0.3374
2025-02-01,4,2025-01-26,84,-83.06,56.412,-139.472,0.3818
2025-02-01,4,2025-01-26,85,127.8286,115.9772,11.8514,0.377
2025-02-01,4,2025-01-26,86,221.9085,129.144336,92.764164,0.3369
2025-02-01,4,2025-01-26,87,47.53,64.89,-17.36,0.3021
2025-02-01,4,2025-01-26,88,-258.5726,75.275028,-333.847628,0.2949
2025-02-01,4,2025-01-26,89,-424.2432,5.698072,-429.941272,0.3096
2025-02-01,4,2025-01-26,90,-319.75,-59.2305,-260.5195,0.3472
2025-02-01,4,2025-01-26,91,-26.686,135.254932,-161.940932,0.3943
2025-02-01,4,2025-01-26,92,226.7589,265.25702,-38.49812,0.3367
2025-02-01,4,2025-01-26,93,284.33,218.04,66.29,0.2406
2025-02-01,4,2025-01-26,94,138.8569,191.167444,-52.310544,0.2932
2025-02-01,4,2025-01-26,95,-47.5898,187.186212,-234.776012,0.3448
2025-02-01,4,2025-01-26,96,-80.64,181.125,-261.765,0.3279
2025-02-01,4,2025-01-26,97,99.5734,175.87268,-76.29928,0.3197
2025-02-01,4,2025-01-26,98,74.4458,184.245044,-109.799244,0.3083
2025-02-01,4,2025-01-26,99,-143.93,203.559,-347.489,0.2856
2025-02-01,4,2025-01-26,100,-109.8625,215.524236,-325.386736,0.2685
2025-02-01,4,2025-01-26,101,148.2327,209.374096,-61.141396,0.2616
2025-02-01,4,2025-01-26,102,303.68,156.822,146.858,0.2794
2025-02-01,4,2025-01-26,103,70.0952,39.53512,30.56008,0.3307
2025-02-01,4,2025-01-26,104,-12.3454,-1.853748,-10.491652,0.3546
2025-02-01,4,2025-01-26,105,137.36,0.0,137.36,0.356
2025-02-01,4,2025-01-26,106,72.4039,2.383676,70.020224,0.373
2025-02-01,4,2025-01-26,107,-95.9047,-0.133084,-95.771616,0.2571
2025-02-01,4,2025-01-26,108,-144.43,0.0,-144.43,0.1024
2025-02-01,4,2025-01-26,109,-8.7448,0.171164,-8.915964,0.1658
2025-02-01,4,2025-01-26,110,-86.8868,-0.009552,-86.877248,0.2104
2025-02-01,4,2025-01-26,111,-159.38,0.0,-159.38,0.1549
2025-02-01,4,2025-01-26,112,317.6351,0.012396,317.622704,0.1527
2025-02-01,4,2025-01-26,113,317.7736,-0.000588,317.774188,0.1643
2025-02-01,4,2025-01-26,114,-148.25,0.0,-148.25,0.1571
2025-02-01,4,2025-01-26,115,-52.9597,0.001056,-52.960756,0.1555
2025-02-01,4,2025-01-26,116,-13.4285,0.0,-13.4285,0.1741
2025-02-01,4,2025-01-26,117,-180.42,0.0,-180.42,0.2049
2025-02-01,4,2025-01-26,118,-43.1724,0.0,-43.1724,0.2189
2025-02-01,4,2025-01-26,119,9.2081,0.0,9.2081,0.1871
2025-02-01,4,2025-01-26,120,-32.64,0.0,-32.64,0.1456
2025-02-01,4,2025-01-26,121,182.9644,0.0,182.9644,0.1658
2025-02-01,4,2025-01-26,122,37.584,0.0,37.584,0.2057
2025-02-01,4,2025-01-26,123,-339.54,0.0,-339.54,0.2202
2025-02-01,4,2025-01-26,124,-148.5658,0.0,-148.5658,0.2001
2025-02-01,4,2025-01-26,125,123.6594,0.0,123.6594,0.1728
2025-02-01,4,2025-01-26,126,84.31,0.0,84.31,0.1629
2025-02-01,4,2025-01-26,127,-154.2292,0.0,-154.2292,0.1716
2025-02-01,4,2025-01-26,128,-187.7058,0.0,-187.7058,0.1535
2025-02-01,4,2025-01-26,129,-52.69,0.0,-52.69,0.1152
2025-02-01,4,2025-01-26,130,-127.1855,0.0,-127.1855,0.1083
2025-02-01,4,2025-01-26,131,-134.7421,0.0,-134.7421,0.1129
2025-02-01,4,2025-01-26,132,1.33,0.0,1.33,0.1102
2025-02-01,4,2025-01-26,133,31.5643,0.0,31.5643,0.1006
2025-02-01,4,2025-01-26,134,-112.258,0.0,-112.258,0.0822
2025-02-01,4,2025-01-26,135,-221.51,0.0,-221.51,0.0806
2025-02-01,4,2025-01-26,136,-35.7148,0.0,-35.7148,0.1212
2025-02-01,4,2025-01-26,137,24.3893,0.0,24.3893,0.1244
2025-02-01,4,2025-01-26,138,-150.05,0.0,-150.05,0.0963
2025-02-01,4,2025-01-26,139,-217.8917,0.0,-217.8917,0.1118
2025-02-01,4,2025-01-26,140,6.8713,0.0,6.8713,0.0738
2025-02-01,4,2025-01-26,141,294.14,0.0,294.14,0.0133
2025-02-01,4,2025-01-26,142,228.1745,0.0,228.1745,0.069
2025-02-01,4,2025-01-26,143,120.9408,0.0,120.9408,0.124
2025-02-01,4,2025-01-26,144,67.52,0.0,67.52,0.088
2025-02-01,5,2025-01-12,1,198.5736,0.0,198.5736,0.1336
2025-02-01,5,2025-01-12,2,76.9967,0.0,76.9967,0.0574
2025-02-01,5,2025-01-12,3,-190.06,0.0,-190.06,0.0459
2025-02-01,5,2025-01-12,4,-39.1283,0.0,-39.1283,0.1815
2025-02-01,5,2025-01-12,5,43.4471,0.0,43.4471,0.2282
2025-02-01,5,2025-01-12,6,-129.78,0.0,-129.78,0.1283
2025-02-01,5,2025-01-12,7,-218.4709,0.0,-218.4709,0.0599
2025-02-01,5,2025-01-12,8,-60.0685,0.0,-60.0685,0.1021
2025-02-01,5,2025-01-12,9,206.14,0.0,206.14,0.1572
2025-02-01,5,2025-01-12,10,260.9485,0.0,260.9485,0.0683
2025-02-01,5,2025-01-12,11,74.9096,0.0,74.9096,0.0253
2025-02-01,5,2025-01-12,12,-195.46,0.0,-195.46,0.1039
2025-02-01,5,2025-01-12,13,-330.6979,0.0,-330.6979,0.1792
2025-02-01,5,2025-01-12,14,-304.0288,0.0,-304.0288,0.1452
2025-02-01,5,2025-01-12,15,-170.13,0.0,-170.13,0.0716
2025-02-01,5,2025-01-12,16,-13.4839,0.0,-13.4839,0.1171
2025-02-01,5,2025-01-12,17,91.0122,0.0,91.0122,0.1313
2025-02-01,5,2025-01-12,18,83.64,0.0,83.64,0.0774
2025-02-01,5,2025-01-12,19,-26.4454,0.0,-26.4454,0.0718
2025-02-01,5,2025-01-12,20,-18.5406,0.0,-18.5406,0.0725
2025-02-01,5,2025-01-12,21,57.22,0.0,57.22,0.0615
2025-02-01,5,2025-01-12,22,-63.0639,0.0,-63.0639,0.0674
2025-02-01,5,2025-01-12,23,-209.4331,0.0,-209.4331,0.0524
2025-02-01,5,2025-01-12,24,-223.41,0.0,-223.41,0.0451
2025-02-01,5,2025-01-12,25,-82.767,0.0,-82.767,0.1106
2025-02-01,5,2025-01-12,26,173.2766,0.0,173.2766,0.1297
2025-02-01,5,2025-01-12,27,253.65,0.0,253.65,0.094
2025-02-01,5,2025-01-12,28,-135.1269,0.0,-135.1269,0.104
2025-02-01,5,2025-01-12,29,-370.6454,0.0,-370.6454,0.0762
2025-02-01,5,2025-01-12,30,-187.29,0.0,-187.29,0.0509
2025-02-01,5,2025-01-12,31,115.9796,-0.0012,115.9808,0.1527
2025-02-01,5,2025-01-12,32,335.7814,0.0,335.7814,0.1663
2025-02-01,5,2025-01-12,33,307.36,0.0,307.36,0.0768
2025-02-01,5,2025-01-12,34,-10.9013,-0.021136,-10.880164,0.0924
2025-02-01,5,2025-01-12,35,-217.4169,0.0,-217.4169,0.1644
2025-02-01,5,2025-01-12,36,-170.46,0.0,-170.46,0.2102
2025-02-01,5,2025-01-12,37,-64.4131,-0.286436,-64.126664,0.2004
2025-02-01,5,2025-01-12,38,42.3551,0.0,42.3551,0.1826
2025-02-01,5,2025-01-12,39,88.11,0.0,88.11,0.1961
2025-02-01,5,2025-01-12,40,21.1699,-3.990118,25.160018,0.2256
2025-02-01,5,2025-01-12,41,-15.7749,2.2026,-17.9775,0.159
2025-02-01,5,2025-01-12,42,-95.03,40.564773,-135.594773,0.0607
2025-02-01,5,2025-01-12,43,-354.0293,50.945718,-404.975018,0.1135
2025-02-01,5,2025-01-12,44,-177.3664,47.932973,-225.299373,0.1709
2025-02-01,5,2025-01-12,45,267.26,44.935227,222.324773,0.1242
2025-02-01,5,2025-01-12,46,147.9402,50.1735,97.7667,0.0347
2025-02-01,5,2025-01-12,47,-143.097,57.107927,-200.204927,0.143
2025-02-01,5,2025-01-12,48,-258.15,57.006818,-315.156818,0.3595
2025-02-01,5,2025-01-12,49,-222.7252,53.411045,-276.136245,0.3568
2025-02-01,5,2025-01-12,50,-109.2245,89.570136,-198.794636,0.3428
2025-02-01,5,2025-01-12,51,21.77,140.086364,-118.316364,0.3885
2025-02-01,5,2025-01-12,52,115.7505,119.687109,-3.936609,0.3534
2025-02-01,5,2025-01-12,53,70.9675,20.938291,50.029209,0.3375
2025-02-01,5,2025-01-12,54,-72.68,-72.582955,-0.097045,0.3194
2025-02-01,5,2025-01-12,55,-165.3028,-55.242745,-110.060055,0.1833
2025-02-01,5,2025-01-12,56,-227.1142,-15.987745,-211.126455,0.1583
2025-02-01,5,2025-01-12,57,-217.04,-94.469318,-122.570682,0.2601
2025-02-01,5,2025-01-12,58,-57.6996,-337.225382,279.525782,0.2775
2025-02-01,5,2025-01-12,59,57.3645,-428.533527,485.898027,0.2885
2025-02-01,5,2025-01-12,60,-1.02,-310.656818,309.636818,0.3236
2025-02-01,5,2025-01-12,61,-173.2248,-226.844045,53.619245,0.314
2025-02-01,5,2025-01-12,62,-192.4768,-226.501664,34.024864,0.2879
2025-02-01,5,2025-01-12,63,-83.33,-226.547727,143.217727,0.2871
2025-02-01,5,2025-01-12,64,-88.6464,-145.209173,56.562773,0.3244
2025-02-01,5,2025-01-12,65,18.3615,-210.309736,228.671236,0.3402
2025-02-01,5,2025-01-12,66,46.15,-354.225,400.375,0.3008
2025-02-01,5,2025-01-12,67,-387.4458,-267.672591,-119.773209,0.2341
2025-02-01,5,2025-01-12,68,-328.4063,-160.888618,-167.517682,0.2323
2025-02-01,5,2025-01-12,69,167.77,-178.694318,346.464318,0.2857
2025-02-01,5,2025-01-12,70,57.0695,-261.302409,318.371909,0.2923
2025-02-01,5,2025-01-12,71,-272.6318,-328.672864,56.041064,0.2551
2025-02-01,5,2025-01-12,72,-334.11,-311.076136,-23.033864,0.2193
2025-02-01,5,2025-01-12,73,-34.2454,-198.488445,164.243045,0.232
2025-02-01,5,2025-01-12,74,249.258,-156.870791,406.128791,0.2789
2025-02-01,5,2025-01-12,75,291.96,-166.029545,457.989545,0.2748
2025-02-01,5,2025-01-12,76,159.2597,-67.604809,226.864509,0.1614
2025-02-01,5,2025-01-12,77,2.3793,-54.641164,57.020464,0.1934
2025-02-01,5,2025-01-12,78,-46.98,-47.625,0.645,0.3491
2025-02-01,5,2025-01-12,79,37.3018,206.296427,-168.994627,0.3426
2025-02-01,5,2025-01-12,80,25.0889,230.104827,-205.015927,0.2471
2025-02-01,5,2025-01-12,81,-60.26,9.177273,-69.437273,0.1996
2025-02-01,5,2025-01-12,82,-11.1337,11.514736,-22.648436,0.2626
2025-02-01,5,2025-01-12,83,-131.47,50.948882,-182.418882,0.3262
2025-02-01,5,2025-01-12,84,-401.55,14.955682,-416.505682,0.3111
2025-02-01,5,2025-01-12,85,-425.3206,4.571355,-429.891955,0.24
2025-02-01,5,2025-01-12,86,-137.6381,1.233927,-138.872027,0.2383
2025-02-01,5,2025-01-12,87,71.89,31.8375,40.0525,0.2911
2025-02-01,5,2025-01-12,88,-244.8223,142.564136,-387.386436,0.2694
2025-02-01,5,2025-01-12,89,-344.4562,154.310855,-498.767055,0.2429
2025-02-01,5,2025-01-12,90,-154.97,52.005682,-206.975682,0.2584
2025-02-01,5,2025-01-12,91,-288.6278,3.766882,-292.394682,0.2849
2025-02-01,5,2025-01-12,92,-234.812,24.398327,-259.210327,0.2836
2025-02-01,5,2025-01-12,93,68.17,59.860227,8.309773,0.2502
2025-02-01,5,2025-01-12,94,89.8343,56.822382,33.011918,0.2222
2025-02-01,5,2025-01-12,95,-103.9451,73.6083,-177.5534,0.2538
2025-02-01,5,2025-01-12,96,-205.67,116.638636,-322.308636,0.3245
2025-02-01,5,2025-01-12,97,21.9293,125.967427,-104.038127,0.3511
2025-02-01,5,2025-01-12,98,210.8983,97.765718,113.132582,0.313
2025-02-01,5,2025-01-12,99,143.31,67.718182,75.591818,0.2548
2025-02-01,5,2025-01-12,100,-49.3019,74.581082,-123.882982,0.2527
2025-02-01,5,2025-01-12,101,-63.1558,73.026673,-136.182473,0.3158
2025-02-01,5,2025-01-12,102,68.72,42.971591,25.748409,0.4023
2025-02-01,5,2025-01-12,103,53.4,0.7207,52.6793,0.4386
2025-02-01,5,2025-01-12,104,51.2895,-3.395318,54.684818,0.3624
2025-02-01,5,2025-01-12,105,38.05,0.0,38.05,0.2791
2025-02-01,5,2025-01-12,106,-151.6957,0.0,-151.6957,0.3465
2025-02-01,5,2025-01-12,107,-71.1826,-0.243773,-70.938827,0.2909
2025-02-01,5,2025-01-12,108,141.94,0.0,141.94,0.1143
2025-02-01,5,2025-01-12,109,-109.9283,0.0,-109.9283,0.1052
2025-02-01,5,2025-01-12,110,-321.1607,-0.017455,-321.143245,0.1639
2025-02-01,5,2025-01-12,111,-158.32,0.0,-158.32,0.1709
2025-02-01,5,2025-01-12,112,177.5715,0.0,177.5715,0.1245
2025-02-01,5,2025-01-12,113,197.3644,-0.001336,197.365736,0.1569
2025-02-01,5,2025-01-12,114,-82.61,0.0,-82.61,0.2447
2025-02-01,5,2025-01-12,115,-174.7548,0.0,-174.7548,0.2261
2025-02-01,5,2025-01-12,116,-9.8183,0.0,-9.8183,0.137
2025-02-01,5,2025-01-12,117,65.57,0.0,65.57,0.0635
2025-02-01,5,2025-01-12,118,-315.3439,0.0,-315.3439,0.0627
2025-02-01,5,2025-01-12,119,-415.3705,0.0,-415.3705,0.0805
2025-02-01,5,2025-01-12,120,-27.29,0.0,-27.29,0.0982
2025-02-01,5,2025-01-12,121,284.7898,0.0,284.7898,0.1445
2025-02-01,5,2025-01-12,122,136.501,0.0,136.501,0.1839
2025-02-01,5,2025-01-12,123,-169.7,0.0,-169.7,0.1901
2025-02-01,5,2025-01-12,124,8.0123,0.0,8.0123,0.1707
2025-02-01,5,2025-01-12,125,160.8762,0.0,160.8762,0.1652
2025-02-01,5,2025-01-12,126,29.66,0.0,29.66,0.1638
2025-02-01,5,2025-01-12,127,-124.6404,0.0,-124.6404,0.1295
2025-02-01,5,2025-01-12,128,-145.6417,0.0,-145.6417,0.1361
2025-02-01,5,2025-01-12,129,-113.63,0.0,-113.63,0.178
2025-02-01,5,2025-01-12,130,-196.8521,0.0,-196.8521,0.1748
2025-02-01,5,2025-01-12,131,-116.2059,0.0,-116.2059,0.1728
2025-02-01,5,2025-01-12,132,90.31,0.0,90.31,0.1814
2025-02-01,5,2025-01-12,133,84.9802,0.0,84.9802,0.1587
2025-02-01,5,2025-01-12,134,45.3649,0.0,45.3649,0.1355
2025-02-01,5,2025-01-12,135,41.45,0.0,41.45,0.1223
2025-02-01,5,2025-01-12,136,-28.3364,0.0,-28.3364,0.1002
2025-02-01,5,2025-01-12,137,2.2787,0.0,2.2787,0.089
2025-02-01,5,2025-01-12,138,131.48,0.0,131.48,0.1029
2025-02-01,5,2025-01-12,139,148.1082,0.0,148.1082,0.1313
2025-02-01,5,2025-01-12,140,-33.7292,0.0,-33.7292,0.1288
2025-02-01,5,2025-01-12,141,-196.6,0.0,-196.6,0.0976
2025-02-01,5,2025-01-12,142,-52.4515,0.0,-52.4515,0.0729
2025-02-01,5,2025-01-12,143,-76.7629,0.0,-76.7629,0.0055
2025-02-01,5,2025-01-12,144,-220.59,0.0,-220.59,-0.0405
2025-02-01,6,2025-01-26,1,-203.0449,0.0,-203.0449,0.1216
2025-02-01,6,2025-01-26,2,44.9884,0.0,44.9884,0.0679
2025-02-01,6,2025-01-26,3,35.08,0.0,35.08,0.0569
2025-02-01,6,2025-01-26,4,-198.3146,0.0,-198.3146,0.0937
2025-02-01,6,2025-01-26,5,-186.2215,0.0,-186.2215,0.1229
2025-02-01,6,2025-01-26,6,40.41,0.0,40.41,0.1208
2025-02-01,6,2025-01-26,7,15.8328,0.0,15.8328,0.1076
2025-02-01,6,2025-01-26,8,-53.6818,0.0,-53.6818,0.0947
2025-02-01,6,2025-01-26,9,-65.81,0.0,-65.81,0.0889
2025-02-01,6,2025-01-26,10,-147.9819,0.0,-147.9819,0.0977
2025-02-01,6,2025-01-26,11,-231.7332,0.0,-231.7332,0.1365
2025-02-01,6,2025-01-26,12,-185.94,0.0,-185.94,0.181
2025-02-01,6,2025-01-26,13,28.4354,0.0,28.4354,0.1792
2025-02-01,6,2025-01-26,14,61.3777,0.0,61.3777,0.1374
2025-02-01,6,2025-01-26,15,-38.86,0.0,-38.86,0.1058
2025-02-01,6,2025-01-26,16,75.0533,0.0,75.0533,0.1228
2025-02-01,6,2025-01-26,17,-9.8222,0.0,-9.8222,0.0717
2025-02-01,6,2025-01-26,18,-310.15,0.0,-310.15,-0.0067
2025-02-01,6,2025-01-26,19,-350.4095,0.0,-350.4095,0.0444
2025-02-01,6,2025-01-26,20,-63.3982,0.0,-63.3982,0.0671
2025-02-01,6,2025-01-26,21,284.48,0.0,284.48,0.0256
2025-02-01,6,2025-01-26,22,319.4034,0.0,319.4034,0.046
2025-02-01,6,2025-01-26,23,141.0995,0.0,141.0995,0.0942
2025-02-01,6,2025-01-26,24,41.28,0.0,41.28,0.1141
2025-02-01,6,2025-01-26,25,212.8427,0.0,212.8427,0.0926
2025-02-01,6,2025-01-26,26,198.0267,0.0,198.0267,0.1057
2025-02-01,6,2025-01-26,27,37.53,0.0,37.53,0.1632
2025-02-01,6,2025-01-26,28,199.0513,0.0,199.0513,0.1911
2025-02-01,6,2025-01-26,29,237.094,0.00106,237.09294,0.1381
2025-02-01,6,2025-01-26,30,71.71,0.0,71.71,0.0693
2025-02-01,6,2025-01-26,31,66.8168,-0.000528,66.817328,0.1021
2025-02-01,6,2025-01-26,32,-19.1292,0.012084,-19.141284,0.1244
2025-02-01,6,2025-01-26,33,-49.6,0.0,-49.6,0.0737
2025-02-01,6,2025-01-26,34,350.8976,-0.0093,350.9069,0.0158
2025-02-01,6,2025-01-26,35,413.4057,0.168184,413.237516,0.0899
2025-02-01,6,2025-01-26,36,74.74,0.0,74.74,0.209
2025-02-01,6,2025-01-26,37,33.0471,-0.130412,33.177512,0.1575
2025-02-01,6,2025-01-26,38,53.2398,2.342132,50.897668,0.1649
2025-02-01,6,2025-01-26,39,-58.38,0.0,-58.38,0.2579
2025-02-01,6,2025-01-26,40,-176.6275,-1.816344,-174.811156,0.2242
2025-02-01,6,2025-01-26,41,-59.5562,38.343968,-97.900168,0.1604
2025-02-01,6,2025-01-26,42,194.03,142.044,51.986,0.1786
2025-02-01,6,2025-01-26,43,259.8559,159.62318,100.23272,0.2727
2025-02-01,6,2025-01-26,44,361.019,134.87774,226.14126,0.241
2025-02-01,6,2025-01-26,45,453.2,122.88,330.32,0.0974
2025-02-01,6,2025-01-26,46,231.0939,142.03702,89.05688,0.0737
2025-02-01,6,2025-01-26,47,-28.4904,173.354456,-201.844856,0.208
2025-02-01,6,2025-01-26,48,-60.42,208.524,-268.944,0.3601
2025-02-01,6,2025-01-26,49,131.6279,249.019936,-117.392036,0.3511
2025-02-01,6,2025-01-26,50,141.7659,260.68854,-118.92264,0.3478
2025-02-01,6,2025-01-26,51,62.83,295.6995,-232.8695,0.393
2025-02-01,6,2025-01-26,52,321.9041,425.8989,-103.9948,0.3634
2025-02-01,6,2025-01-26,53,327.5846,434.02396,-106.43936,0.3184
2025-02-01,6,2025-01-26,54,12.41,347.394,-334.984,0.2811
2025-02-01,6,2025-01-26,55,-68.3937,420.970948,-489.364648,0.2199
2025-02-01,6,2025-01-26,56,-3.5353,552.545312,-556.080612,0.2136
2025-02-01,6,2025-01-26,57,81.45,635.646,-554.196,0.267
2025-02-01,6,2025-01-26,58,144.1269,634.395744,-490.268844,0.3013
2025-02-01,6,2025-01-26,59,-33.0328,452.992184,-486.024984,0.3126
2025-02-01,6,2025-01-26,60,-174.9,248.0715,-422.9715,0.3141
2025-02-01,6,2025-01-26,61,188.0684,312.832984,-124.764584,0.3097
2025-02-01,6,2025-01-26,62,203.9733,421.696748,-217.723448,0.2851
2025-02-01,6,2025-01-26,63,-121.86,410.7075,-532.5675,0.2713
2025-02-01,6,2025-01-26,64,10.5774,324.092352,-313.514952,0.3194
2025-02-01,6,2025-01-26,65,-138.8475,259.675904,-398.523404,0.3609
2025-02-01,6,2025-01-26,66,-454.69,279.78,-734.47,0.3667
2025-02-01,6,2025-01-26,67,-50.7461,341.5933,-392.3394,0.3666
2025-02-01,6,2025-01-26,68,84.4223,187.812396,-103.390096,0.3455
2025-02-01,6,2025-01-26,69,-220.97,-60.393,-160.577,0.3089
2025-02-01,6,2025-01-26,70,-148.5805,-21.340812,-127.239688,0.2906
2025-02-01,6,2025-01-26,71,-87.7987,15.871088,-103.669788,0.3062
2025-02-01,6,2025-01-26,72,-90.45,-103.179,12.729,0.3338
2025-02-01,6,2025-01-26,73,207.6637,-254.546464,462.210164,0.3426
2025-02-01,6,2025-01-26,74,253.577,-426.811036,680.388036,0.3897
2025-02-01,6,2025-01-26,75,27.65,-583.941,611.591,0.4087
2025-02-01,6,2025-01-26,76,55.8882,-658.826376,714.714576,0.2834
2025-02-01,6,2025-01-26,77,-9.0799,-681.26978,672.18988,0.2719
2025-02-01,6,2025-01-26,78,-212.6,-632.1105,419.5105,0.3752
2025-02-01,6,2025-01-26,79,-208.2959,-449.470816,241.174916,0.3501
2025-02-01,6,2025-01-26,80,-186.542,-195.594348,9.052348,0.3723
2025-02-01,6,2025-01-26,81,-211.94,40.9605,-252.9005,0.4432
2025-02-01,6,2025-01-26,82,-149.8754,177.900604,-327.776004,0.3742
2025-02-01,6,2025-01-26,83,-121.7266,144.044048,-265.770648,0.3374
2025-02-01,6,2025-01-26,84,-83.06,56.412,-139.472,0.3818
2025-02-01,6,2025-01-26,85,127.8286,115.9772,11.8514,0.377
2025-02-01,6,2025-01-26,86,221.9085,129.144336,92.764164,0.3369
2025-02-01,6,2025-01-26,87,47.53,64.89,-17.36,0.3021
2025-02-01,6,2025-01-26,88,-258.5726,75.275028,-333.847628,0.2949
2025-02-01,6,2025-01-26,89,-424.2432,5.698072,-429.941272,0.3096
2025-02-01,6,2025-01-26,90,-319.75,-59.2305,-260.5195,0.3472
2025-02-01,6,2025-01-26,91,-26.686,135.254932,-161.940932,0.3943
2025-02-01,6,2025-01-26,92,226.7589,265.25702,-38.49812,0.3367
2025-02-01,6,2025-01-26,93,284.33,218.04,66.29,0.2406
2025-02-01,6,2025-01-26,94,138.8569,191.167444,-52.310544,0.2932
2025-02-01,6,2025-01-26,95,-47.5898,187.186212,-234.776012,0.3448
2025-02-01,6,2025-01-26,96,-80.64,181.125,-261.765,0.3279
2025-02-01,6,2025-01-26,97,99.5734,175.87268,-76.29928,0.3197
2025-02-01,6,2025-01-26,98,74.4458,184.245044,-109.799244,0.3083
2025-02-01,6,2025-01-26,99,-143.93,203.559,-347.489,0.2856
2025-02-01,6,2025-01-26,100,-109.8625,215.524236,-325.386736,0.2685
2025-02-01,6,2025-01-26,101,148.2327,209.374096,-61.141396,0.2616
2025-02-01,6,2025-01-26,102,303.68,156.822,146.858,0.2794
2025-02-01,6,2025-01-26,103,70.0952,39.53512,30.56008,0.3307
2025-02-01,6,2025-01-26,104,-12.3454,-1.853748,-10.491652,0.3546
2025-02-01,6,2025-01-26,105,137.36,0.0,137.36,0.356
2025-02-01,6,2025-01-26,106,72.4039,2.383676,70.020224,0.373
2025-02-01,6,2025-01-26,107,-95.9047,-0.133084,-95.771616,0.2571
2025-02-01,6,2025-01-26,108,-144.43,0.0,-144.43,0.1024
2025-02-01,6,2025-01-26,109,-8.7448,0.171164,-8.915964,0.1658
2025-02-01,6,2025-01-26,110,-86.8868,-0.009552,-86.877248,0.2104
2025-02-01,6,2025-01-26,111,-159.38,0.0,-159.38,0.1549
2025-02-01,6,2025-01-26,112,317.6351,0.012396,317.622704,0.1527
2025-02-01,6,2025-01-26,113,317.7736,-0.000588,317.774188,0.1643
2025-02-01,6,2025-01-26,114,-148.25,0.0,-148.25,0.1571
2025-02-01,6,2025-01-26,115,-52.9597,0.001056,-52.960756,0.1555
2025-02-01,6,2025-01-26,116,-13.4285,0.0,-13.4285,0.1741
2025-02-01,6,2025-01-26,117,-180.42,0.0,-180.42,0.2049
2025-02-01,6,2025-01-26,118,-43.1724,0.0,-43.1724,0.2189
2025-02-01,6,2025-01-26,119,9.2081,0.0,9.2081,0.1871
2025-02-01,6,2025-01-26,120,-32.64,0.0,-32.64,0.1456
2025-02-01,6,2025-01-26,121,182.9644,0.0,182.9644,0.1658
2025-02-01,6,2025-01-26,122,37.584,0.0,37.584,0.2057
2025-02-01,6,2025-01-26,123,-339.54,0.0,-339.54,0.2202
2025-02-01,6,2025-01-26,124,-148.5658,0.0,-148.5658,0.2001
2025-02-01,6,2025-01-26,125,123.6594,0.0,123.6594,0.1728
2025-02-01,6,2025-01-26,126,84.31,0.0,84.31,0.1629
2025-02-01,6,2025-01-26,127,-154.2292,0.0,-154.2292,0.1716
2025-02-01,6,2025-01-26,128,-187.7058,0.0,-187.7058,0.1535
2025-02-01,6,2025-01-26,129,-52.69,0.0,-52.69,0.1152
2025-02-01,6,2025-01-26,130,-127.1855,0.0,-127.1855,0.1083
2025-02-01,6,2025-01-26,131,-134.7421,0.0,-134.7421,0.1129
2025-02-01,6,2025-01-26,132,1.33,0.0,1.33,0.1102
2025-02-01,6,2025-01-26,133,31.5643,0.0,31.5643,0.1006
2025-02-01,6,2025-01-26,134,-112.258,0.0,-112.258,0.0822
2025-02-01,6,2025-01-26,135,-221.51,0.0,-221.51,0.0806
2025-02-01,6,2025-01-26,136,-35.7148,0.0,-35.7148,0.1212
2025-02-01,6,2025-01-26,137,24.3893,0.0,24.3893,0.1244
2025-02-01,6,2025-01-26,138,-150.05,0.0,-150.05,0.0963
2025-02-01,6,2025-01-26,139,-217.8917,0.0,-217.8917,0.1118
2025-02-01,6,2025-01-26,140,6.8713,0.0,6.8713,0.0738
2025-02-01,6,2025-01-26,141,294.14,0.0,294.14,0.0133
2025-02-01,6,2025-01-26,142,228.1745,0.0,228.1745,0.069
2025-02-01,6,2025-01-26,143,120.9408,0.0,120.9408,0.124
2025-02-01,6,2025-01-26,144,67.52,0.0,67.52,0.088
2025-02-01,7,2025-01-04,1,-672.082833,0.0,-672.082833,-0.0783
2025-02-01,7,2025-01-04,2,-639.445633,0.0,-639.445633,-0.0933
2025-02-01,7,2025-01-04,3,-550.3,0.0,-550.3,-0.0506
2025-02-01,7,2025-01-04,4,-665.8995,0.0,-665.8995,-0.0533
2025-02-01,7,2025-01-04,5,-715.505967,0.0,-715.505967,-0.033
2025-02-01,7,2025-01-04,6,-600.593333,0.0,-600.593333,0.0142
2025-02-01,7,2025-01-04,7,-526.7314,0.0,-526.7314,0.0157
2025-02-01,7,2025-01-04,8,-656.618867,0.0,-656.618867,0.0258
2025-02-01,7,2025-01-04,9,-775.416667,0.0,-775.416667,0.026
2025-02-01,7,2025-01-04,10,-550.384467,0.0,-550.384467,-0.058
2025-02-01,7,2025-01-04,11,-590.4782,0.0,-590.4782,-0.1034
2025-02-01,7,2025-01-04,12,-826.836667,0.0,-826.836667,-0.0581
2025-02-01,7,2025-01-04,13,-597.326633,0.0,-597.326633,0.0152
2025-02-01,7,2025-01-04,14,-501.212433,0.0,-501.212433,0.0815
2025-02-01,7,2025-01-04,15,-679.38,0.0,-679.38,0.0918
2025-02-01,7,2025-01-04,16,-654.332833,0.0,-654.332833,0.0153
2025-02-01,7,2025-01-04,17,-600.880933,0.0,-600.880933,-0.0211
2025-02-01,7,2025-01-04,18,-651.816667,0.0,-651.816667,0.0286
2025-02-01,7,2025-01-04,19,-721.803433,0.0,-721.803433,0.0858
2025-02-01,7,2025-01-04,20,-713.797467,0.0,-713.797467,0.0604
2025-02-01,7,2025-01-04,21,-666.143333,0.0,-666.143333,-0.0229
2025-02-01,7,2025-01-04,22,-681.9007,0.0,-681.9007,-0.0501
2025-02-01,7,2025-01-04,23,-595.9025,0.0,-595.9025,-0.0177
2025-02-01,7,2025-01-04,24,-556.19,0.0,-556.19,0.0059
2025-02-01,7,2025-01-04,25,-856.817267,0.0,-856.817267,-0.0421
2025-02-01,7,2025-01-04,26,-884.5225,0.0,-884.5225,-0.0413
2025-02-01,7,2025-01-04,27,-606.523333,0.0,-606.523333,0.0148
2025-02-01,7,2025-01-04,28,-596.869833,0.0,-596.869833,0.0112
2025-02-01,7,2025-01-04,29,-622.8489,0.0,-622.8489,-0.0152
2025-02-01,7,2025-01-04,30,-512.38,0.0,-512.38,-0.0126
2025-02-01,7,2025-01-04,31,-402.261967,0.0003,-402.262267,0.0248
2025-02-01,7,2025-01-04,32,-558.548333,0.0,-558.548333,0.0251
2025-02-01,7,2025-01-04,33,-792.03,0.0,-792.03,-0.0224
2025-02-01,7,2025-01-04,34,-691.134567,0.0041,-691.138667,-0.0538
2025-02-01,7,2025-01-04,35,-858.186333,0.0,-858.186333,-0.0311
2025-02-01,7,2025-01-04,36,-1357.35,0.0,-1357.35,-0.0083
2025-02-01,7,2025-01-04,37,-1585.3904,0.058,-1585.4484,-0.0648
2025-02-01,7,2025-01-04,38,-1467.7224,0.0,-1467.7224,-0.0556
2025-02-01,7,2025-01-04,39,-1307.523333,0.0,-1307.523333,0.0176
2025-02-01,7,2025-01-04,40,-1435.9736,0.8087,-1436.7823,0.0078
2025-02-01,7,2025-01-04,41,-1376.8139,0.0,-1376.8139,-0.0071
2025-02-01,7,2025-01-04,42,-1084.353333,5.475,-1089.828333,0.0222
2025-02-01,7,2025-01-04,43,-1022.0552,39.7663,-1061.8215,0.049
2025-02-01,7,2025-01-04,44,-1147.496267,60.0811,-1207.577367,-0.0023
2025-02-01,7,2025-01-04,45,-1230.68,64.3125,-1294.9925,-0.0844
2025-02-01,7,2025-01-04,46,-1174.431767,90.1455,-1264.577267,-0.0726
2025-02-01,7,2025-01-04,47,-1588.902633,119.1151,-1708.017733,-0.0452
2025-02-01,7,2025-01-04,48,-2341.353333,91.8,-2433.153333,-0.0425
2025-02-01,7,2025-01-04,49,-2596.7814,-12.5905,-2584.1909,-0.0274
2025-02-01,7,2025-01-04,50,-2400.683333,29.3307,-2430.014033,-0.0139
2025-02-01,7,2025-01-04,51,-2217.286667,145.8375,-2363.124167,-0.0073
2025-02-01,7,2025-01-04,52,-2416.234667,48.1096,-2464.344267,0.0013
2025-02-01,7,2025-01-04,53,-2279.2549,-9.0651,-2270.1898,-0.0109
2025-02-01,7,2025-01-04,54,-1823.97,54.9375,-1878.9075,-0.036
2025-02-01,7,2025-01-04,55,-1792.315833,60.8631,-1853.178933,-0.036
2025-02-01,7,2025-01-04,56,-1809.4818,43.0661,-1852.5479,-0.0117
2025-02-01,7,2025-01-04,57,-1796.97,28.9125,-1825.8825,0.0005
2025-02-01,7,2025-01-04,58,-2043.116933,-23.8636,-2019.253333,-0.0321
2025-02-01,7,2025-01-04,59,-1990.719533,-173.0732,-1817.646333,-0.0253
2025-02-01,7,2025-01-04,60,-1627.166667,-306.4875,-1320.679167,0.0383
2025-02-01,7,2025-01-04,61,-1551.9251,-193.3733,-1358.5518,0.0763
2025-02-01,7,2025-01-04,62,-1755.342567,166.9766,-1922.319167,0.0009
2025-02-01,7,2025-01-04,63,-1891.05,462.3,-2353.35,-0.0849
2025-02-01,7,2025-01-04,64,-1664.866567,345.5009,-2010.367467,0.0074
2025-02-01,7,2025-01-04,65,-1662.613067,318.6103,-1981.223367,0.0546
2025-02-01,7,2025-01-04,66,-1941.603333,512.3625,-2453.965833,-0.0197
2025-02-01,7,2025-01-04,67,-1960.7919,582.9373,-2543.7292,-0.0731
2025-02-01,7,2025-01-04,68,-1789.068333,623.0479,-2412.116233,-0.0888
2025-02-01,7,2025-01-04,69,-1692.55,597.3,-2289.85,-0.0919
2025-02-01,7,2025-01-04,70,-1818.148733,332.858,-2151.006733,-0.0911
2025-02-01,7,2025-01-04,71,-1719.771667,78.2184,-1797.990067,-0.0096
2025-02-01,7,2025-01-04,72,-1480.766667,107.025,-1587.791667,0.0672
2025-02-01,7,2025-01-04,73,-1606.214567,442.1813,-2048.395867,-0.0308
2025-02-01,7,2025-01-04,74,-1606.868467,471.2251,-2078.093567,-0.089
2025-02-01,7,2025-01-04,75,-1445.326667,245.9625,-1691.289167,-0.0482
2025-02-01,7,2025-01-04,76,-1597.993233,371.3109,-1969.304133,-0.0598
2025-02-01,7,2025-01-04,77,-1779.5655,401.0509,-2180.6164,-0.1032
2025-02-01,7,2025-01-04,78,-1838.256667,190.6875,-2028.944167,-0.1088
2025-02-01,7,2025-01-04,79,-1863.305633,68.3628,-1931.668433,-0.0324
2025-02-01,7,2025-01-04,80,-1608.0293,-37.4171,-1570.6122,0.0596
2025-02-01,7,2025-01-04,81,-1349.313333,-213.45,-1135.863333,0.0955
2025-02-01,7,2025-01-04,82,-1674.862667,-392.5975,-1282.265167,0.0479
2025-02-01,7,2025-01-04,83,-1994.562933,-278.3242,-1716.238733,-0.0244
2025-02-01,7,2025-01-04,84,-1955.796667,-34.5375,-1921.259167,-0.0411
2025-02-01,7,2025-01-04,85,-1773.746933,-137.551,-1636.195933,0.0335
2025-02-01,7,2025-01-04,86,-1762.284867,-261.5811,-1500.703767,0.0635
2025-02-01,7,2025-01-04,87,-1848.153333,-226.2375,-1621.915833,0.0359
2025-02-01,7,2025-01-04,88,-1713.587933,-163.9145,-1549.673433,0.0525
2025-02-01,7,2025-01-04,89,-1669.3891,-57.3467,-1612.0424,0.0194
2025-02-01,7,2025-01-04,90,-1802.823333,24.975,-1827.798333,-0.0519
2025-02-01,7,2025-01-04,91,-1873.366667,-33.0707,-1840.295967,-0.0492
2025-02-01,7,2025-01-04,92,-1869.6437,-41.4308,-1828.2129,-0.074
2025-02-01,7,2025-01-04,93,-1836.52,7.4625,-1843.9825,-0.0918
2025-02-01,7,2025-01-04,94,-1786.427733,-53.2215,-1733.206233,0.0272
2025-02-01,7,2025-01-04,95,-1635.3855,-56.5547,-1578.8308,0.0427
2025-02-01,7,2025-01-04,96,-1553.056667,15.3375,-1568.394167,-0.0683
2025-02-01,7,2025-01-04,97,-1784.643067,2.9271,-1787.570167,-0.0736
2025-02-01,7,2025-01-04,98,-1798.641033,-25.0682,-1773.572833,0.0296
2025-02-01,7,2025-01-04,99,-1591.993333,-21.3375,-1570.655833,0.1144
2025-02-01,7,2025-01-04,100,-1726.111533,-13.3431,-1712.768433,0.0504
2025-02-01,7,2025-01-04,101,-2113.483,-3.7713,-2109.7117,-0.0335
2025-02-01,7,2025-01-04,102,-2403.0,3.7875,-2406.7875,-0.0559
2025-02-01,7,2025-01-04,103,-2303.2767,0.0,-2303.2767,-0.0456
2025-02-01,7,2025-01-04,104,-2128.123667,-0.6952,-2127.428467,-0.02
2025-02-01,7,2025-01-04,105,-2178.823333,0.0,-2178.823333,-0.0107
2025-02-01,7,2025-01-04,106,-2397.595033,0.0,-2397.595033,-0.0372
2025-02-01,7,2025-01-04,107,-2001.949067,-0.0499,-2001.899167,-0.0034
2025-02-01,7,2025-01-04,108,-1216.046667,0.0,-1216.046667,0.0602
2025-02-01,7,2025-01-04,109,-1052.274767,0.0,-1052.274767,0.0298
2025-02-01,7,2025-01-04,110,-966.774633,-0.0036,-966.771033,0.0209
2025-02-01,7,2025-01-04,111,-807.963333,0.0,-807.963333,0.0561
2025-02-01,7,2025-01-04,112,-1019.3787,0.0,-1019.3787,0.0346
2025-02-01,7,2025-01-04,113,-1259.839733,-0.0002,-1259.839533,-0.0212
2025-02-01,7,2025-01-04,114,-1262.633333,0.0,-1262.633333,-0.0591
2025-02-01,7,2025-01-04,115,-1070.797267,0.0,-1070.797267,-0.0453
2025-02-01,7,2025-01-04,116,-851.038633,0.0,-851.038633,-0.0115
2025-02-01,7,2025-01-04,117,-847.356667,0.0,-847.356667,-0.0055
2025-02-01,7,2025-01-04,118,-1169.5379,0.0,-1169.5379,-0.0454
2025-02-01,7,2025-01-04,119,-1225.813567,0.0,-1225.813567,-0.0381
2025-02-01,7,2025-01-04,120,-1000.896667,0.0,-1000.896667,0.0037
2025-02-01,7,2025-01-04,121,-1033.479367,0.0,-1033.479367,-0.0234
2025-02-01,7,2025-01-04,122,-1083.855233,0.0,-1083.855233,-0.051
2025-02-01,7,2025-01-04,123,-1058.433333,0.0,-1058.433333,-0.0272
2025-02-01,7,2025-01-04,124,-1109.234433,0.0,-1109.234433,0.0195
2025-02-01,7,2025-01-04,125,-994.857933,0.0,-994.857933,-0.0101
2025-02-01,7,2025-01-04,126,-828.266667,0.0,-828.266667,-0.0654
2025-02-01,7,2025-01-04,127,-975.853533,0.0,-975.853533,-0.0002
2025-02-01,7,2025-01-04,128,-1016.796367,0.0,-1016.796367,0.0525
2025-02-01,7,2025-01-04,129,-903.496667,0.0,-903.496667,0.0327
2025-02-01,7,2025-01-04,130,-997.598667,0.0,-997.598667,0.0099
2025-02-01,7,2025-01-04,131,-1011.579267,0.0,-1011.579267,-0.0101
2025-02-01,7,2025-01-04,132,-808.8,0.0,-808.8,-0.0046
2025-02-01,7,2025-01-04,133,-583.9217,0.0,-583.9217,0.0514
2025-02-01,7,2025-01-04,134,-564.837733,0.0,-564.837733,0.0619
2025-02-01,7,2025-01-04,135,-666.14,0.0,-666.14,0.0185
2025-02-01,7,2025-01-04,136,-610.063133,0.0,-610.063133,0.0105
2025-02-01,7,2025-01-04,137,-608.156967,0.0,-608.156967,0.0463
2025-02-01,7,2025-01-04,138,-687.396667,0.0,-687.396667,0.0663
2025-02-01,7,2025-01-04,139,-634.082,0.0,-634.082,0.008
2025-02-01,7,2025-01-04,140,-517.2773,0.0,-517.2773,-0.0198
2025-02-01,7,2025-01-04,141,-568.123333,0.0,-568.123333,0.0087
2025-02-01,7,2025-01-04,142,-845.285333,0.0,-845.285333,0.0184
2025-02-01,7,2025-01-04,143,-426.603433,0.0,-426.603433,0.0373
2025-02-01,7,2025-01-04,144,469.046667,0.0,469.046667,0.0908
2025-02-01,8,2025-01-25,1,28.5258,0.0,28.5258,0.0333
2025-02-01,8,2025-01-25,2,-7.9703,0.0,-7.9703,0.0456
2025-02-01,8,2025-01-25,3,-9.1,0.0,-9.1,-0.0411
2025-02-01,8,2025-01-25,4,164.6312,0.0,164.6312,-0.0759
2025-02-01,8,2025-01-25,5,-30.9045,0.0,-30.9045,-0.048
2025-02-01,8,2025-01-25,6,-314.1,0.0,-314.1,-0.0121
2025-02-01,8,2025-01-25,7,135.9967,0.0,135.9967,-0.0227
2025-02-01,8,2025-01-25,8,353.0171,0.0,353.0171,-0.0235
2025-02-01,8,2025-01-25,9,149.07,0.0,149.07,0.0036
2025-02-01,8,2025-01-25,10,240.5619,0.0,240.5619,0.0129
2025-02-01,8,2025-01-25,11,61.7011,0.0,61.7011,-0.0277
2025-02-01,8,2025-01-25,12,-245.94,0.0,-245.94,-0.0841
2025-02-01,8,2025-01-25,13,91.1901,0.0,91.1901,-0.0836
2025-02-01,8,2025-01-25,14,252.5748,0.0,252.5748,-0.0489
2025-02-01,8,2025-01-25,15,8.97,0.0,8.97,-0.0199
2025-02-01,8,2025-01-25,16,-43.9401,0.0,-43.9401,-0.0168
2025-02-01,8,2025-01-25,17,-8.3082,0.0,-8.3082,-0.0105
2025-02-01,8,2025-01-25,18,-3.62,0.0,-3.62,0.0088
2025-02-01,8,2025-01-25,19,20.3956,0.0,20.3956,0.0244
2025-02-01,8,2025-01-25,20,114.7846,0.0,114.7846,0.0397
2025-02-01,8,2025-01-25,21,198.39,0.0,198.39,0.0471
2025-02-01,8,2025-01-25,22,106.6101,0.0,106.6101,0.0325
2025-02-01,8,2025-01-25,23,-130.7627,0.0,-130.7627,0.0148
2025-02-01,8,2025-01-25,24,-297.98,0.0,-297.98,-0.006
2025-02-01,8,2025-01-25,25,-161.8002,0.0,-161.8002,-0.0398
2025-02-01,8,2025-01-25,26,42.0729,0.0,42.0729,-0.0351
2025-02-01,8,2025-01-25,27,67.78,0.0,67.78,-0.0252
2025-02-01,8,2025-01-25,28,-112.729,0.0,-112.729,-0.0829
2025-02-01,8,2025-01-25,29,-115.0463,0.001,-115.0473,-0.0487
2025-02-01,8,2025-01-25,30,-9.74,0.0,-9.74,0.0385
2025-02-01,8,2025-01-25,31,-193.8845,-0.00055,-193.88395,-0.014
2025-02-01,8,2025-01-25,32,-171.7721,0.011442,-171.783542,0.0057
2025-02-01,8,2025-01-25,33,126.85,0.0,126.85,0.1049
2025-02-01,8,2025-01-25,34,219.9062,-0.009688,219.915887,0.0682
2025-02-01,8,2025-01-25,35,44.6682,0.15915,44.50905,0.0166
2025-02-01,8,2025-01-25,36,-131.74,0.0,-131.74,0.0424
2025-02-01,8,2025-01-25,37,7.4603,-0.135846,7.596146,0.1034
2025-02-01,8,2025-01-25,38,122.6679,2.216283,120.451617,0.0916
2025-02-01,8,2025-01-25,39,78.21,0.0,78.21,0.0225
2025-02-01,8,2025-01-25,40,69.8625,-1.892025,71.754525,0.0077
2025-02-01,8,2025-01-25,41,128.3869,36.216529,92.170371,-0.0089
2025-02-01,8,2025-01-25,42,31.23,131.4,-100.17,-0.0349
2025-02-01,8,2025-01-25,43,-382.8765,141.188417,-524.064917,-0.0131
2025-02-01,8,2025-01-25,44,-252.2441,145.474729,-397.718829,0.0077
2025-02-01,8,2025-01-25,45,311.01,156.320313,154.689687,0.0124
2025-02-01,8,2025-01-25,46,300.1278,113.488042,186.639758,0.0308
2025-02-01,8,2025-01-25,47,45.102,114.231621,-69.129621,0.0297
2025-02-01,8,2025-01-25,48,-49.5,153.384375,-202.884375,0.0079
2025-02-01,8,2025-01-25,49,57.7659,130.13035,-72.36445,0.0038
2025-02-01,8,2025-01-25,50,65.228,127.902646,-62.674646,0.0224
2025-02-01,8,2025-01-25,51,-29.9,157.160938,-187.060938,0.0282
2025-02-01,8,2025-01-25,52,21.2806,147.311563,-126.030963,-0.0141
2025-02-01,8,2025-01-25,53,-34.9553,181.515479,-216.470779,-0.0178
2025-02-01,8,2025-01-25,54,-188.82,281.204688,-470.024688,0.0292
2025-02-01,8,2025-01-25,55,-150.5499,376.342029,-526.891929,0.048
2025-02-01,8,2025-01-25,56,-76.5542,437.703658,-514.257858,0.0192
2025-02-01,8,2025-01-25,57,-71.33,463.654687,-534.984688,-0.0198
2025-02-01,8,2025-01-25,58,-54.85,467.657442,-522.507442,-0.015
2025-02-01,8,2025-01-25,59,106.5527,459.659567,-353.106867,-0.0054
2025-02-01,8,2025-01-25,60,254.57,475.360938,-220.790937,-0.0167
2025-02-01,8,2025-01-25,61,93.1201,554.567483,-461.447383,-0.0294
2025-02-01,8,2025-01-25,62,-27.9086,647.773175,-675.681775,-0.0018
2025-02-01,8,2025-01-25,63,17.16,717.0,-699.84,0.0248
2025-02-01,8,2025-01-25,64,50.0137,741.722138,-691.708438,-0.0304
2025-02-01,8,2025-01-25,65,214.4229,646.217296,-431.794396,-0.0571
2025-02-01,8,2025-01-25,66,326.56,604.445312,-277.885313,-0.0316
2025-02-01,8,2025-01-25,67,27.3419,831.100417,-803.758517,-0.0333
2025-02-01,8,2025-01-25,68,-121.5916,691.506871,-813.098471,-0.0128
2025-02-01,8,2025-01-25,69,42.95,316.621875,-273.671875,0.0536
2025-02-01,8,2025-01-25,70,104.8886,487.869779,-382.981179,0.1159
2025-02-01,8,2025-01-25,71,-119.3825,691.355821,-810.738321,0.0708
2025-02-01,8,2025-01-25,72,-363.9,677.170313,-1041.070313,-0.0173
2025-02-01,8,2025-01-25,73,-196.4914,703.064621,-899.556021,0.0139
2025-02-01,8,2025-01-25,74,-37.193,673.927046,-711.120046,0.0098
2025-02-01,8,2025-01-25,75,-47.15,647.11875,-694.26875,-0.0383
2025-02-01,8,2025-01-25,76,-0.1571,831.1969,-831.354,0.0115
2025-02-01,8,2025-01-25,77,-14.6365,1055.613979,-1070.250479,0.0007
2025-02-01,8,2025-01-25,78,-58.21,1170.028125,-1228.238125,-0.071
2025-02-01,8,2025-01-25,79,44.3055,1160.875192,-1116.569692,-0.0454
2025-02-01,8,2025-01-25,80,83.5449,1091.101304,-1007.556404,-0.0646
2025-02-01,8,2025-01-25,81,46.76,1045.909375,-999.149375,-0.137
2025-02-01,8,2025-01-25,82,95.6067,1057.963546,-962.356846,-0.1183
2025-02-01,8,2025-01-25,83,-67.0742,945.015363,-1012.089563,-0.0918
2025-02-01,8,2025-01-25,84,-282.3,765.285937,-1047.585937,-0.0896
2025-02-01,8,2025-01-25,85,-70.3043,749.775521,-820.079821,-0.056
2025-02-01,8,2025-01-25,86,60.9708,660.948579,-599.977779,-0.0251
2025-02-01,8,2025-01-25,87,-69.02,535.210938,-604.230938,-0.0216
2025-02-01,8,2025-01-25,88,-143.4693,637.932425,-781.401725,-0.0346
2025-02-01,8,2025-01-25,89,-172.6587,595.790804,-768.449504,-0.0405
2025-02-01,8,2025-01-25,90,-117.8,387.598437,-505.398437,-0.0495
2025-02-01,8,2025-01-25,91,94.9025,362.149721,-267.247221,-0.0845
2025-02-01,8,2025-01-25,92,143.465,300.393875,-156.928875,-0.0772
2025-02-01,8,2025-01-25,93,-96.95,217.59375,-314.54375,-0.0441
2025-02-01,8,2025-01-25,94,-417.8252,357.024317,-774.849517,-0.0684
2025-02-01,8,2025-01-25,95,-484.2424,366.646679,-850.889079,-0.0717
2025-02-01,8,2025-01-25,96,-311.06,206.09375,-517.15375,-0.0399
2025-02-01,8,2025-01-25,97,-213.359,190.347062,-403.706062,-0.041
2025-02-01,8,2025-01-25,98,-194.11,203.774108,-397.884108,-0.0516
2025-02-01,8,2025-01-25,99,-160.98,172.275,-333.255,-0.0624
2025-02-01,8,2025-01-25,100,-65.3128,160.721808,-226.034608,-0.074
2025-02-01,8,2025-01-25,101,-74.16,170.980412,-245.140412,0.0195
2025-02-01,8,2025-01-25,102,-147.48,148.317187,-295.797187,0.1231
2025-02-01,8,2025-01-25,103,-84.4641,39.790229,-124.254329,0.0319
2025-02-01,8,2025-01-25,104,-73.7913,-1.930988,-71.860312,-0.0069
2025-02-01,8,2025-01-25,105,-129.07,0.0,-129.07,0.0462
2025-02-01,8,2025-01-25,106,-70.2852,2.4231,-72.7083,-0.0064
2025-02-01,8,2025-01-25,107,-38.7071,-0.138629,-38.568471,-0.0232
2025-02-01,8,2025-01-25,108,-134.56,0.0,-134.56,0.0353
2025-02-01,8,2025-01-25,109,-274.0377,0.174025,-274.211725,0.0535
2025-02-01,8,2025-01-25,110,-153.9151,-0.00995,-153.90515,0.0555
2025-02-01,8,2025-01-25,111,147.18,0.0,147.18,0.0582
2025-02-01,8,2025-01-25,112,246.8405,0.0126,246.8279,0.0415
2025-02-01,8,2025-01-25,113,279.7468,-0.000613,279.747412,0.0181
2025-02-01,8,2025-01-25,114,306.34,0.0,306.34,0.0123
2025-02-01,8,2025-01-25,115,190.3126,0.0011,190.3115,0.036
2025-02-01,8,2025-01-25,116,-141.8791,0.0,-141.8791,0.0417
2025-02-01,8,2025-01-25,117,-368.77,0.0,-368.77,0.0063
2025-02-01,8,2025-01-25,118,-61.5778,0.0,-61.5778,-0.0418
2025-02-01,8,2025-01-25,119,158.8701,0.0,158.8701,-0.0272
2025-02-01,8,2025-01-25,120,70.36,0.0,70.36,0.0346
2025-02-01,8,2025-01-25,121,33.6098,0.0,33.6098,0.0507
2025-02-01,8,2025-01-25,122,77.7814,0.0,77.7814,0.0246
2025-02-01,8,2025-01-25,123,81.7,0.0,81.7,-0.0073
2025-02-01,8,2025-01-25,124,-61.0435,0.0,-61.0435,-0.013
2025-02-01,8,2025-01-25,125,-163.8109,0.0,-163.8109,-0.0085
2025-02-01,8,2025-01-25,126,-115.42,0.0,-115.42,-0.005
2025-02-01,8,2025-01-25,127,6.2728,0.0,6.2728,0.003
2025-02-01,8,2025-01-25,128,-20.7035,0.0,-20.7035,0.0239
2025-02-01,8,2025-01-25,129,-122.37,0.0,-122.37,0.0295
2025-02-01,8,2025-01-25,130,-19.3272,0.0,-19.3272,-0.0103
2025-02-01,8,2025-01-25,131,76.0263,0.0,76.0263,0.007
2025-02-01,8,2025-01-25,132,3.79,0.0,3.79,0.0503
2025-02-01,8,2025-01-25,133,-170.3307,0.0,-170.3307,-0.0127
2025-02-01,8,2025-01-25,134,-205.5798,0.0,-205.5798,-0.0567
2025-02-01,8,2025-01-25,135,-71.04,0.0,-71.04,-0.041
2025-02-01,8,2025-01-25,136,44.1739,0.0,44.1739,-0.048
2025-02-01,8,2025-01-25,137,76.8648,0.0,76.8648,-0.0504
2025-02-01,8,2025-01-25,138,-13.09,0.0,-13.09,-0.0508
2025-02-01,8,2025-01-25,139,-205.6252,0.0,-205.6252,-0.0698
2025-02-01,8,2025-01-25,140,-210.436,0.0,-210.436,0.0266
2025-02-01,8,2025-01-25,141,-15.17,0.0,-15.17,0.1335
2025-02-01,8,2025-01-25,142,72.185,0.0,72.185,0.0134
2025-02-01,8,2025-01-25,143,-136.9781,0.0,-136.9781,-0.007
2025-02-01,8,2025-01-25,144,-383.55,0.0,-383.55,0.1224
2025-02-01,9,2025-01-25,1,28.5258,0.0,28.5258,0.0333
2025-02-01,9,2025-01-25,2,-7.9703,0.0,-7.9703,0.0456
2025-02-01,9,2025-01-25,3,-9.1,0.0,-9.1,-0.0411
2025-02-01,9,2025-01-25,4,164.6312,0.0,164.6312,-0.0759
2025-02-01,9,2025-01-25,5,-30.9045,0.0,-30.9045,-0.048
2025-02-01,9,2025-01-25,6,-314.1,0.0,-314.1,-0.0121
2025-02-01,9,2025-01-25,7,135.9967,0.0,135.9967,-0.0227
2025-02-01,9,2025-01-25,8,353.0171,0.0,353.0171,-0.0235
2025-02-01,9,2025-01-25,9,149.07,0.0,149.07,0.0036
2025-02-01,9,2025-01-25,10,240.5619,0.0,240.5619,0.0129
2025-02-01,9,2025-01-25,11,61.7011,0.0,61.7011,-0.0277
2025-02-01,9,2025-01-25,12,-245.94,0.0,-245.94,-0.0841
2025-02-01,9,2025-01-25,13,91.1901,0.0,91.1901,-0.0836
2025-02-01,9,2025-01-25,14,252.5748,0.0,252.5748,-0.0489
2025-02-01,9,2025-01-25,15,8.97,0.0,8.97,-0.0199
2025-02-01,9,2025-01-25,16,-43.9401,0.0,-43.9401,-0.0168
2025-02-01,9,2025-01-25,17,-8.3082,0.0,-8.3082,-0.0105
2025-02-01,9,2025-01-25,18,-3.62,0.0,-3.62,0.0088
2025-02-01,9,2025-01-25,19,20.3956,0.0,20.3956,0.0244
2025-02-01,9,2025-01-25,20,114.7846,0.0,114.7846,0.0397
2025-02-01,9,2025-01-25,21,198.39,0.0,198.39,0.0471
2025-02-01,9,2025-01-25,22,106.6101,0.0,106.6101,0.0325
2025-02-01,9,2025-01-25,23,-130.7627,0.0,-130.7627,0.0148
2025-02-01,9,2025-01-25,24,-297.98,0.0,-297.98,-0.006
2025-02-01,9,2025-01-25,25,-161.8002,0.0,-161.8002,-0.0398
2025-02-01,9,2025-01-25,26,42.0729,0.0,42.0729,-0.0351
2025-02-01,9,2025-01-25,27,67.78,0.0,67.78,-0.0252
2025-02-01,9,2025-01-25,28,-112.729,0.0,-112.729,-0.0829
2025-02-01,9,2025-01-25,29,-115.0463,0.001,-115.0473,-0.0487
2025-02-01,9,2025-01-25,30,-9.74,0.0,-9.74,0.0385
2025-02-01,9,2025-01-25,31,-193.8845,-0.00055,-193.88395,-0.014
2025-02-01,9,2025-01-25,32,-171.7721,0.011442,-171.783542,0.0057
2025-02-01,9,2025-01-25,33,126.85,0.0,126.85,0.1049
2025-02-01,9,2025-01-25,34,219.9062,-0.009688,219.915887,0.0682
2025-02-01,9,2025-01-25,35,44.6682,0.15915,44.50905,0.0166
2025-02-01,9,2025-01-25,36,-131.74,0.0,-131.74,0.0424
2025-02-01,9,2025-01-25,37,7.4603,-0.135846,7.596146,0.1034
2025-02-01,9,2025-01-25,38,122.6679,2.216283,120.451617,0.0916
2025-02-01,9,2025-01-25,39,78.21,0.0,78.21,0.0225
2025-02-01,9,2025-01-25,40,69.8625,-1.892025,71.754525,0.0077
2025-02-01,9,2025-01-25,41,128.3869,36.216529,92.170371,-0.0089
2025-02-01,9,2025-01-25,42,31.23,131.4,-100.17,-0.0349
2025-02-01,9,2025-01-25,43,-382.8765,141.188417,-524.064917,-0.0131
2025-02-01,9,2025-01-25,44,-252.2441,145.474729,-397.718829,0.0077
2025-02-01,9,2025-01-25,45,311.01,156.320313,154.689687,0.0124
2025-02-01,9,2025-01-25,46,300.1278,113.488042,186.639758,0.0308
2025-02-01,9,2025-01-25,47,45.102,114.231621,-69.129621,0.0297
2025-02-01,9,2025-01-25,48,-49.5,153.384375,-202.884375,0.0079
2025-02-01,9,2025-01-25,49,57.7659,130.13035,-72.36445,0.0038
2025-02-01,9,2025-01-25,50,65.228,127.902646,-62.674646,0.0224
2025-02-01,9,2025-01-25,51,-29.9,157.160938,-187.060938,0.0282
2025-02-01,9,2025-01-25,52,21.2806,147.311563,-126.030963,-0.0141
2025-02-01,9,2025-01-25,53,-34.9553,181.515479,-216.470779,-0.0178
2025-02-01,9,2025-01-25,54,-188.82,281.204688,-470.024688,0.0292
2025-02-01,9,2025-01-25,55,-150.5499,376.342029,-526.891929,0.048
2025-02-01,9,2025-01-25,56,-76.5542,437.703658,-514.257858,0.0192
2025-02-01,9,2025-01-25,57,-71.33,463.654687,-534.984688,-0.0198
2025-02-01,9,2025-01-25,58,-54.85,467.657442,-522.507442,-0.015
2025-02-01,9,2025-01-25,59,106.5527,459.659567,-353.106867,-0.0054
2025-02-01,9,2025-01-25,60,254.57,475.360938,-220.790937,-0.0167
2025-02-01,9,2025-01-25,61,93.1201,554.567483,-461.447383,-0.0294
2025-02-01,9,2025-01-25,62,-27.9086,647.773175,-675.681775,-0.0018
2025-02-01,9,2025-01-25,63,17.16,717.0,-699.84,0.0248
2025-02-01,9,2025-01-25,64,50.0137,741.722138,-691.708438,-0.0304
2025-02-01,9,2025-01-25,65,214.4229,646.217296,-431.794396,-0.0571
2025-02-01,9,2025-01-25,66,326.56,604.445312,-277.885313,-0.0316
2025-02-01,9,2025-01-25,67,27.3419,831.100417,-803.758517,-0.0333
2025-02-01,9,2025-01-25,68,-121.5916,691.506871,-813.098471,-0.0128
2025-02-01,9,2025-01-25,69,42.95,316.621875,-273.671875,0.0536
2025-02-01,9,2025-01-25,70,104.8886,487.869779,-382.981179,0.1159
2025-02-01,9,2025-01-25,71,-119.3825,691.355821,-810.738321,0.0708
2025-02-01,9,2025-01-25,72,-363.9,677.170313,-1041.070313,-0.0173
2025-02-01,9,2025-01-25,73,-196.4914,703.064621,-899.556021,0.0139
2025-02-01,9,2025-01-25,74,-37.193,673.927046,-711.120046,0.0098
2025-02-01,9,2025-01-25,75,-47.15,647.11875,-694.26875,-0.0383
2025-02-01,9,2025-01-25,76,-0.1571,831.1969,-831.354,0.0115
2025-02-01,9,2025-01-25,77,-14.6365,1055.613979,-1070.250479,0.0007
2025-02-01,9,2025-01-25,78,-58.21,1170.028125,-1228.238125,-0.071
2025-02-01,9,2025-01-25,79,44.3055,1160.875192,-1116.569692,-0.0454
2025-02-01,9,2025-01-25,80,83.5449,1091.101304,-1007.556404,-0.0646
2025-02-01,9,2025-01-25,81,46.76,1045.909375,-999.149375,-0.137
2025-02-01,9,2025-01-25,82,95.6067,1057.963546,-962.356846,-0.1183
2025-02-01,9,2025-01-25,83,-67.0742,945.015363,-1012.089563,-0.0918
2025-02-01,9,2025-01-25,84,-282.3,765.285937,-1047.585937,-0.0896
2025-02-01,9,2025-01-25,85,-70.3043,749.775521,-820.079821,-0.056
2025-02-01,9,2025-01-25,86,60.9708,660.948579,-599.977779,-0.0251
2025-02-01,9,2025-01-25,87,-69.02,535.210938,-604.230938,-0.0216
2025-02-01,9,2025-01-25,88,-143.4693,637.932425,-781.401725,-0.0346
2025-02-01,9,2025-01-25,89,-172.6587,595.790804,-768.449504,-0.0405
2025-02-01,9,2025-01-25,90,-117.8,387.598437,-505.398437,-0.0495
2025-02-01,9,2025-01-25,91,94.9025,362.149721,-267.247221,-0.0845
2025-02-01,9,2025-01-25,92,143.465,300.393875,-156.928875,-0.0772
2025-02-01,9,2025-01-25,93,-96.95,217.59375,-314.54375,-0.0441
2025-02-01,9,2025-01-25,94,-417.8252,357.024317,-774.849517,-0.0684
2025-02-01,9,2025-01-25,95,-484.2424,366.646679,-850.889079,-0.0717
2025-02-01,9,2025-01-25,96,-311.06,206.09375,-517.15375,-0.0399
2025-02-01,9,2025-01-25,97,-213.359,190.347062,-403.706062,-0.041
2025-02-01,9,2025-01-25,98,-194.11,203.774108,-397.884108,-0.0516
2025-02-01,9,2025-01-25,99,-160.98,172.275,-333.255,-0.0624
2025-02-01,9,2025-01-25,100,-65.3128,160.721808,-226.034608,-0.074
2025-02-01,9,2025-01-25,101,-74.16,170.980412,-245.140412,0.0195
2025-02-01,9,2025-01-25,102,-147.48,148.317187,-295.797187,0.1231
2025-02-01,9,2025-01-25,103,-84.4641,39.790229,-124.254329,0.0319
2025-02-01,9,2025-01-25,104,-73.7913,-1.930988,-71.860312,-0.0069
2025-02-01,9,2025-01-25,105,-129.07,0.0,-129.07,0.0462
2025-02-01,9,2025-01-25,106,-70.2852,2.4231,-72.7083,-0.0064
2025-02-01,9,2025-01-25,107,-38.7071,-0.138629,-38.568471,-0.0232
2025-02-01,9,2025-01-25,108,-134.56,0.0,-134.56,0.0353
2025-02-01,9,2025-01-25,109,-274.0377,0.174025,-274.211725,0.0535
2025-02-01,9,2025-01-25,110,-153.9151,-0.00995,-153.90515,0.0555
2025-02-01,9,2025-01-25,111,147.18,0.0,147.18,0.0582
2025-02-01,9,2025-01-25,112,246.8405,0.0126,246.8279,0.0415
2025-02-01,9,2025-01-25,113,279.7468,-0.000613,279.747412,0.0181
2025-02-01,9,2025-01-25,114,306.34,0.0,306.34,0.0123
2025-02-01,9,2025-01-25,115,190.3126,0.0011,190.3115,0.036
2025-02-01,9,2025-01-25,116,-141.8791,0.0,-141.8791,0.0417
2025-02-01,9,2025-01-25,117,-368.77,0.0,-368.77,0.0063
2025-02-01,9,2025-01-25,118,-61.5778,0.0,-61.5778,-0.0418
2025-02-01,9,2025-01-25,119,158.8701,0.0,158.8701,-0.0272
2025-02-01,9,2025-01-25,120,70.36,0.0,70.36,0.0346
2025-02-01,9,2025-01-25,121,33.6098,0.0,33.6098,0.0507
2025-02-01,9,2025-01-25,122,77.7814,0.0,77.7814,0.0246
2025-02-01,9,2025-01-25,123,81.7,0.0,81.7,-0.0073
2025-02-01,9,2025-01-25,124,-61.0435,0.0,-61.0435,-0.013
2025-02-01,9,2025-01-25,125,-163.8109,0.0,-163.8109,-0.0085
2025-02-01,9,2025-01-25,126,-115.42,0.0,-115.42,-0.005
2025-02-01,9,2025-01-25,127,6.2728,0.0,6.2728,0.003
2025-02-01,9,2025-01-25,128,-20.7035,0.0,-20.7035,0.0239
2025-02-01,9,2025-01-25,129,-122.37,0.0,-122.37,0.0295
2025-02-01,9,2025-01-25,130,-19.3272,0.0,-19.3272,-0.0103
2025-02-01,9,2025-01-25,131,76.0263,0.0,76.0263,0.007
2025-02-01,9,2025-01-25,132,3.79,0.0,3.79,0.0503
2025-02-01,9,2025-01-25,133,-170.3307,0.0,-170.3307,-0.0127
2025-02-01,9,2025-01-25,134,-205.5798,0.0,-205.5798,-0.0567
2025-02-01,9,2025-01-25,135,-71.04,0.0,-71.04,-0.041
2025-02-01,9,2025-01-25,136,44.1739,0.0,44.1739,-0.048
2025-02-01,9,2025-01-25,137,76.8648,0.0,76.8648,-0.0504
2025-02-01,9,2025-01-25,138,-13.09,0.0,-13.09,-0.0508
2025-02-01,9,2025-01-25,139,-205.6252,0.0,-205.6252,-0.0698
2025-02-01,9,2025-01-25,140,-210.436,0.0,-210.436,0.0266
2025-02-01,9,2025-01-25,141,-15.17,0.0,-15.17,0.1335
2025-02-01,9,2025-01-25,142,72.185,0.0,72.185,0.0134
2025-02-01,9,2025-01-25,143,-136.9781,0.0,-136.9781,-0.007
2025-02-01,9,2025-01-25,144,-383.55,0.0,-383.55,0.1224
2025-02-01,10,2025-01-04,1,-672.082833,0.0,-672.082833,-0.0783
2025-02-01,10,2025-01-04,2,-639.445633,0.0,-639.445633,-0.0933
2025-02-01,10,2025-01-04,3,-550.3,0.0,-550.3,-0.0506
2025-02-01,10,2025-01-04,4,-665.8995,0.0,-665.8995,-0.0533
2025-02-01,10,2025-01-04,5,-715.505967,0.0,-715.505967,-0.033
2025-02-01,10,2025-01-04,6,-600.593333,0.0,-600.593333,0.0142
2025-02-01,10,2025-01-04,7,-526.7314,0.0,-526.7314,0.0157
2025-02-01,10,2025-01-04,8,-656.618867,0.0,-656.618867,0.0258
2025-02-01,10,2025-01-04,9,-775.416667,0.0,-775.416667,0.026
2025-02-01,10,2025-01-04,10,-550.384467,0.0,-550.384467,-0.058
2025-02-01,10,2025-01-04,11,-590.4782,0.0,-590.4782,-0.1034
2025-02-01,10,2025-01-04,12,-826.836667,0.0,-826.836667,-0.0581
2025-02-01,10,2025-01-04,13,-597.326633,0.0,-597.326633,0.0152
2025-02-01,10,2025-01-04,14,-501.212433,0.0,-501.212433,0.0815
2025-02-01,10,2025-01-04,15,-679.38,0.0,-679.38,0.0918
2025-02-01,10,2025-01-04,16,-654.332833,0.0,-654.332833,0.0153
2025-02-01,10,2025-01-04,17,-600.880933,0.0,-600.880933,-0.0211
2025-02-01,10,2025-01-04,18,-651.816667,0.0,-651.816667,0.0286
2025-02-01,10,2025-01-04,19,-721.803433,0.0,-721.803433,0.0858
2025-02-01,10,2025-01-04,20,-713.797467,0.0,-713.797467,0.0604
2025-02-01,10,2025-01-04,21,-666.143333,0.0,-666.143333,-0.0229
2025-02-01,10,2025-01-04,22,-681.9007,0.0,-681.9007,-0.0501
2025-02-01,10,2025-01-04,23,-595.9025,0.0,-595.9025,-0.0177
2025-02-01,10,2025-01-04,24,-556.19,0.0,-556.19,0.0059
2025-02-01,10,2025-01-04,25,-856.817267,0.0,-856.817267,-0.0421
2025-02-01,10,2025-01-04,26,-884.5225,0.0,-884.5225,-0.0413
2025-02-01,10,2025-01-04,27,-606.523333,0.0,-606.523333,0.0148
2025-02-01,10,2025-01-04,28,-596.869833,0.0,-596.869833,0.0112
2025-02-01,10,2025-01-04,29,-622.8489,0.0,-622.8489,-0.0152
2025-02-01,10,2025-01-04,30,-512.38,0.0,-512.38,-0.0126
2025-02-01,10,2025-01-04,31,-402.261967,0.0003,-402.262267,0.0248
2025-02-01,10,2025-01-04,32,-558.548333,0.0,-558.548333,0.0251
2025-02-01,10,2025-01-04,33,-792.03,0.0,-792.03,-0.0224
2025-02-01,10,2025-01-04,34,-691.134567,0.0041,-691.138667,-0.0538
2025-02-01,10,2025-01-04,35,-858.186333,0.0,-858.186333,-0.0311
2025-02-01,10,2025-01-04,36,-1357.35,0.0,-1357.35,-0.0083
2025-02-01,10,2025-01-04,37,-1585.3904,0.058,-1585.4484,-0.0648
2025-02-01,10,2025-01-04,38,-1467.7224,0.0,-1467.7224,-0.0556
2025-02-01,10,2025-01-04,39,-1307.523333,0.0,-1307.523333,0.0176
2025-02-01,10,2025-01-04,40,-1435.9736,0.8087,-1436.7823,0.0078
2025-02-01,10,2025-01-04,41,-1376.8139,0.0,-1376.8139,-0.0071
2025-02-01,10,2025-01-04,42,-1084.353333,5.475,-1089.828333,0.0222
2025-02-01,10,2025-01-04,43,-1022.0552,39.7663,-1061.8215,0.049
2025-02-01,10,2025-01-04,44,-1147.496267,60.0811,-1207.577367,-0.0023
2025-02-01,10,2025-01-04,45,-1230.68,64.3125,-1294.9925,-0.0844
2025-02-01,10,2025-01-04,46,-1174.431767,90.1455,-1264.577267,-0.0726
2025-02-01,10,2025-01-04,47,-1588.902633,119.1151,-1708.017733,-0.0452
2025-02-01,10,2025-01-04,48,-2341.353333,91.8,-2433.153333,-0.0425
2025-02-01,10,2025-01-04,49,-2596.7814,-12.5905,-2584.1909,-0.0274
2025-02-01,10,2025-01-04,50,-2400.683333,29.3307,-2430.014033,-0.0139
2025-02-01,10,2025-01-04,51,-2217.286667,145.8375,-2363.124167,-0.0073
2025-02-01,10,2025-01-04,52,-2416.234667,48.1096,-2464.344267,0.0013
2025-02-01,10,2025-01-04,53,-2279.2549,-9.0651,-2270.1898,-0.0109
2025-02-01,10,2025-01-04,54,-1823.97,54.9375,-1878.9075,-0.036
2025-02-01,10,2025-01-04,55,-1792.315833,60.8631,-1853.178933,-0.036
2025-02-01,10,2025-01-04,56,-1809.4818,43.0661,-1852.5479,-0.0117
2025-02-01,10,2025-01-04,57,-1796.97,28.9125,-1825.8825,0.0005
2025-02-01,10,2025-01-04,58,-2043.116933,-23.8636,-2019.253333,-0.0321
2025-02-01,10,2025-01-04,59,-1990.719533,-173.0732,-1817.646333,-0.0253
2025-02-01,10,2025-01-04,60,-1627.166667,-306.4875,-1320.679167,0.0383
2025-02-01,10,2025-01-04,61,-1551.9251,-193.3733,-1358.5518,0.0763
2025-02-01,10,2025-01-04,62,-1755.342567,166.9766,-1922.319167,0.0009
2025-02-01,10,2025-01-04,63,-1891.05,462.3,-2353.35,-0.0849
2025-02-01,10,2025-01-04,64,-1664.866567,345.5009,-2010.367467,0.0074
2025-02-01,10,2025-01-04,65,-1662.613067,318.6103,-1981.223367,0.0546
2025-02-01,10,2025-01-04,66,-1941.603333,512.3625,-2453.965833,-0.0197
2025-02-01,10,2025-01-04,67,-1960.7919,582.9373,-2543.7292,-0.0731
2025-02-01,10,2025-01-04,68,-1789.068333,623.0479,-2412.116233,-0.0888
2025-02-01,10,2025-01-04,69,-1692.55,597.3,-2289.85,-0.0919
2025-02-01,10,2025-01-04,70,-1818.148733,332.858,-2151.006733,-0.0911
2025-02-01,10,2025-01-04,71,-1719.771667,78.2184,-1797.990067,-0.0096
2025-02-01,10,2025-01-04,72,-1480.766667,107.025,-1587.791667,0.0672
2025-02-01,10,2025-01-04,73,-1606.214567,442.1813,-2048.395867,-0.0308
2025-02-01,10,2025-01-04,74,-1606.868467,471.2251,-2078.093567,-0.089
2025-02-01,10,2025-01-04,75,-1445.326667,245.9625,-1691.289167,-0.0482
2025-02-01,10,2025-01-04,76,-1597.993233,371.3109,-1969.304133,-0.0598
2025-02-01,10,2025-01-04,77,-1779.5655,401.0509,-2180.6164,-0.1032
2025-02-01,10,2025-01-04,78,-1838.256667,190.6875,-2028.944167,-0.1088
2025-02-01,10,2025-01-04,79,-1863.305633,68.3628,-1931.668433,-0.0324
2025-02-01,10,2025-01-04,80,-1608.0293,-37.4171,-1570.6122,0.0596
2025-02-01,10,2025-01-04,81,-1349.313333,-213.45,-1135.863333,0.0955
2025-02-01,10,2025-01-04,82,-1674.862667,-392.5975,-1282.265167,0.0479
2025-02-01,10,2025-01-04,83,-1994.562933,-278.3242,-1716.238733,-0.0244
2025-02-01,10,2025-01-04,84,-1955.796667,-34.5375,-1921.259167,-0.0411
2025-02-01,10,2025-01-04,85,-1773.746933,-137.551,-1636.195933,0.0335
2025-02-01,10,2025-01-04,86,-1762.284867,-261.5811,-1500.703767,0.0635
2025-02-01,10,2025-01-04,87,-1848.153333,-226.2375,-1621.915833,0.0359
2025-02-01,10,2025-01-04,88,-1713.587933,-163.9145,-1549.673433,0.0525
2025-02-01,10,2025-01-04,89,-1669.3891,-57.3467,-1612.0424,0.0194
2025-02-01,10,2025-01-04,90,-1802.823333,24.975,-1827.798333,-0.0519
2025-02-01,10,2025-01-04,91,-1873.366667,-33.0707,-1840.295967,-0.0492
2025-02-01,10,2025-01-04,92,-1869.6437,-41.4308,-1828.2129,-0.074
2025-02-01,10,2025-01-04,93,-1836.52,7.4625,-1843.9825,-0.0918
2025-02-01,10,2025-01-04,94,-1786.427733,-53.2215,-1733.206233,0.0272
2025-02-01,10,2025-01-04,95,-1635.3855,-56.5547,-1578.8308,0.0427
2025-02-01,10,2025-01-04,96,-1553.056667,15.3375,-1568.394167,-0.0683
2025-02-01,10,2025-01-04,97,-1784.643067,2.9271,-1787.570167,-0.0736
2025-02-01,10,2025-01-04,98,-1798.641033,-25.0682,-1773.572833,0.0296
2025-02-01,10,2025-01-04,99,-1591.993333,-21.3375,-1570.655833,0.1144
2025-02-01,10,2025-01-04,100,-1726.111533,-13.3431,-1712.768433,0.0504
2025-02-01,10,2025-01-04,101,-2113.483,-3.7713,-2109.7117,-0.0335
2025-02-01,10,2025-01-04,102,-2403.0,3.7875,-2406.7875,-0.0559
2025-02-01,10,2025-01-04,103,-2303.2767,0.0,-2303.2767,-0.0456
2025-02-01,10,2025-01-04,104,-2128.123667,-0.6952,-2127.428467,-0.02
2025-02-01,10,2025-01-04,105,-2178.823333,0.0,-2178.823333,-0.0107
2025-02-01,10,2025-01-04,106,-2397.595033,0.0,-2397.595033,-0.0372
2025-02-01,10,2025-01-04,107,-2001.949067,-0.0499,-2001.899167,-0.0034
2025-02-01,10,2025-01-04,108,-1216.046667,0.0,-1216.046667,0.0602
2025-02-01,10,2025-01-04,109,-1052.274767,0.0,-1052.274767,0.0298
2025-02-01,10,2025-01-04,110,-966.774633,-0.0036,-966.771033,0.0209
2025-02-01,10,2025-01-04,111,-807.963333,0.0,-807.963333,0.0561
2025-02-01,10,2025-01-04,112,-1019.3787,0.0,-1019.3787,0.0346
2025-02-01,10,2025-01-04,113,-1259.839733,-0.0002,-1259.839533,-0.0212
2025-02-01,10,2025-01-04,114,-1262.633333,0.0,-1262.633333,-0.0591
2025-02-01,10,2025-01-04,115,-1070.797267,0.0,-1070.797267,-0.0453
2025-02-01,10,2025-01-04,116,-851.038633,0.0,-851.038633,-0.0115
2025-02-01,10,2025-01-04,117,-847.356667,0.0,-847.356667,-0.0055
2025-02-01,10,2025-01-04,118,-1169.5379,0.0,-1169.5379,-0.0454
2025-02-01,10,2025-01-04,119,-1225.813567,0.0,-1225.813567,-0.0381
2025-02-01,10,2025-01-04,120,-1000.896667,0.0,-1000.896667,0.0037
2025-02-01,10,2025-01-04,121,-1033.479367,0.0,-1033.479367,-0.0234
2025-02-01,10,2025-01-04,122,-1083.855233,0.0,-1083.855233,-0.051
2025-02-01,10,2025-01-04,123,-1058.433333,0.0,-1058.433333,-0.0272
2025-02-01,10,2025-01-04,124,-1109.234433,0.0,-1109.234433,0.0195
2025-02-01,10,2025-01-04,125,-994.857933,0.0,-994.857933,-0.0101
2025-02-01,10,2025-01-04,126,-828.266667,0.0,-828.266667,-0.0654
2025-02-01,10,2025-01-04,127,-975.853533,0.0,-975.853533,-0.0002
2025-02-01,10,2025-01-04,128,-1016.796367,0.0,-1016.796367,0.0525
2025-02-01,10,2025-01-04,129,-903.496667,0.0,-903.496667,0.0327
2025-02-01,10,2025-01-04,130,-997.598667,0.0,-997.598667,0.0099
2025-02-01,10,2025-01-04,131,-1011.579267,0.0,-1011.579267,-0.0101
2025-02-01,10,2025-01-04,132,-808.8,0.0,-808.8,-0.0046
2025-02-01,10,2025-01-04,133,-583.9217,0.0,-583.9217,0.0514
2025-02-01,10,2025-01-04,134,-564.837733,0.0,-564.837733,0.0619
2025-02-01,10,2025-01-04,135,-666.14,0.0,-666.14,0.0185
2025-02-01,10,2025-01-04,136,-610.063133,0.0,-610.063133,0.0105
2025-02-01,10,2025-01-04,137,-608.156967,0.0,-608.156967,0.0463
2025-02-01,10,2025-01-04,138,-687.396667,0.0,-687.396667,0.0663
2025-02-01,10,2025-01-04,139,-634.082,0.0,-634.082,0.008
2025-02-01,10,2025-01-04,140,-517.2773,0.0,-517.2773,-0.0198
2025-02-01,10,2025-01-04,141,-568.123333,0.0,-568.123333,0.0087
2025-02-01,10,2025-01-04,142,-845.285333,0.0,-845.285333,0.0184
2025-02-01,10,2025-01-04,143,-426.603433,0.0,-426.603433,0.0373
2025-02-01,10,2025-01-04,144,469.046667,0.0,469.046667,0.0908
2025-02-01,11,2025-01-05,1,1052.3192,0.0,1052.3192,0.159
2025-02-01,11,2025-01-05,2,976.3367,0.0,976.3367,0.1655
2025-02-01,11,2025-01-05,3,965.86,0.0,965.86,0.1199
2025-02-01,11,2025-01-05,4,1138.7828,0.0,1138.7828,0.1065
2025-02-01,11,2025-01-05,5,1162.583,0.0,1162.583,0.1078
2025-02-01,11,2025-01-05,6,961.84,0.0,961.84,0.1056
2025-02-01,11,2025-01-05,7,816.3888,0.0,816.3888,0.1074
2025-02-01,11,2025-01-05,8,935.1886,0.0,935.1886,0.1194
2025-02-01,11,2025-01-05,9,1080.72,0.0,1080.72,0.1398
2025-02-01,11,2025-01-05,10,839.0755,0.0,839.0755,0.1559
2025-02-01,11,2025-01-05,11,761.3592,0.0,761.3592,0.142
2025-02-01,11,2025-01-05,12,1001.07,0.0,1001.07,0.1187
2025-02-01,11,2025-01-05,13,1149.5837,0.0,1149.5837,0.1339
2025-02-01,11,2025-01-05,14,1128.9614,0.0,1128.9614,0.1444
2025-02-01,11,2025-01-05,15,1066.48,0.0,1066.48,0.1183
2025-02-01,11,2025-01-05,16,1117.6491,0.0,1117.6491,0.0756
2025-02-01,11,2025-01-05,17,1098.8385,0.0,1098.8385,0.0971
2025-02-01,11,2025-01-05,18,963.86,0.0,963.86,0.1235
2025-02-01,11,2025-01-05,19,866.166,0.0,866.166,0.0283
2025-02-01,11,2025-01-05,20,860.9182,0.0,860.9182,0.0217
2025-02-01,11,2025-01-05,21,910.96,0.0,910.96,0.1156
2025-02-01,11,2025-01-05,22,931.5591,0.0,931.5591,0.108
2025-02-01,11,2025-01-05,23,913.7368,0.0,913.7368,0.0728
2025-02-01,11,2025-01-05,24,979.54,0.0,979.54,0.0918
2025-02-01,11,2025-01-05,25,1200.0155,0.0,1200.0155,0.1453
2025-02-01,11,2025-01-05,26,1037.0269,0.0,1037.0269,0.0795
2025-02-01,11,2025-01-05,27,715.64,0.0,715.64,-0.0059
2025-02-01,11,2025-01-05,28,1008.5574,0.0,1008.5574,0.1357
2025-02-01,11,2025-01-05,29,1240.5286,0.0,1240.5286,0.2057
2025-02-01,11,2025-01-05,30,1010.11,0.0,1010.11,0.0971
2025-02-01,11,2025-01-05,31,621.826,-0.0005,621.8265,0.0084
2025-02-01,11,2025-01-05,32,590.8155,0.0,590.8155,0.0296
2025-02-01,11,2025-01-05,33,800.21,0.0,800.21,0.102
2025-02-01,11,2025-01-05,34,784.5955,-0.0073,784.6028,0.1058
2025-02-01,11,2025-01-05,35,1336.5434,0.0,1336.5434,0.1433
2025-02-01,11,2025-01-05,36,2249.21,0.0,2249.21,0.2351
2025-02-01,11,2025-01-05,37,2372.8829,-0.1022,2372.9851,0.2817
2025-02-01,11,2025-01-05,38,2065.6627,0.0,2065.6627,0.2611
2025-02-01,11,2025-01-05,39,1937.35,0.0,1937.35,0.2212
2025-02-01,11,2025-01-05,40,2186.0781,-1.4242,2187.5023,0.2224
2025-02-01,11,2025-01-05,41,1977.2584,0.0,1977.2584,0.1845
2025-02-01,11,2025-01-05,42,1467.51,0.6375,1466.8725,0.1277
2025-02-01,11,2025-01-05,43,1632.3725,-35.9181,1668.2906,0.1583
2025-02-01,11,2025-01-05,44,1769.2011,-79.3923,1848.5934,0.1847
2025-02-01,11,2025-01-05,45,1596.15,-101.3625,1697.5125,0.184
2025-02-01,11,2025-01-05,46,1682.4921,-97.2805,1779.7726,0.2308
2025-02-01,11,2025-01-05,47,2539.2309,-108.0306,2647.2615,0.3071
2025-02-01,11,2025-01-05,48,3595.23,-97.1625,3692.3925,0.3384
2025-02-01,11,2025-01-05,49,3693.2994,5.1642,3688.1352,0.276
2025-02-01,11,2025-01-05,50,3533.1841,56.7783,3476.4058,0.2892
2025-02-01,11,2025-01-05,51,3571.64,59.4,3512.24,0.3467
2025-02-01,11,2025-01-05,52,3542.445,138.3782,3404.0668,0.2596
2025-02-01,11,2025-01-05,53,3183.8703,131.5189,3052.3514,0.2188
2025-02-01,11,2025-01-05,54,2720.95,16.6875,2704.2625,0.2754
2025-02-01,11,2025-01-05,55,2666.2366,-58.7667,2725.0033,0.291
2025-02-01,11,2025-01-05,56,2779.7009,-122.1253,2901.8262,0.3168
2025-02-01,11,2025-01-05,57,2816.86,-157.7625,2974.6225,0.3398
2025-02-01,11,2025-01-05,58,2746.1522,-75.719,2821.8712,0.2762
2025-02-01,11,2025-01-05,59,2630.7564,147.7134,2483.043,0.2126
2025-02-01,11,2025-01-05,60,2528.72,338.6625,2190.0575,0.1942
2025-02-01,11,2025-01-05,61,2496.2656,243.8201,2252.4455,0.1984
2025-02-01,11,2025-01-05,62,2672.0045,10.8951,2661.1094,0.2641
2025-02-01,11,2025-01-05,63,2822.47,-142.05,2964.52,0.3497
2025-02-01,11,2025-01-05,64,2562.1649,-122.8353,2685.0002,0.3436
2025-02-01,11,2025-01-05,65,2445.1079,-201.1661,2646.274,0.2512
2025-02-01,11,2025-01-05,66,2713.1,-415.4625,3128.5625,0.183
2025-02-01,11,2025-01-05,67,3024.9546,-565.9302,3590.8848,0.2595
2025-02-01,11,2025-01-05,68,2939.5773,-769.7577,3709.335,0.3404
2025-02-01,11,2025-01-05,69,2597.04,-867.7875,3464.8275,0.3424
2025-02-01,11,2025-01-05,70,2532.3365,-533.7422,3066.0787,0.3079
2025-02-01,11,2025-01-05,71,2479.7449,-197.3741,2677.119,0.2908
2025-02-01,11,2025-01-05,72,2420.25,-208.725,2628.975,0.3077
2025-02-01,11,2025-01-05,73,2584.365,-511.2206,3095.5856,0.3274
2025-02-01,11,2025-01-05,74,2423.458,-543.2101,2966.6681,0.2892
2025-02-01,11,2025-01-05,75,2023.21,-318.9375,2342.1475,0.2175
2025-02-01,11,2025-01-05,76,2092.4271,-313.2979,2405.725,0.2068
2025-02-01,11,2025-01-05,77,2494.9049,-79.2568,2574.1617,0.2639
2025-02-01,11,2025-01-05,78,2847.0,337.3125,2509.6875,0.3103
2025-02-01,11,2025-01-05,79,2816.7336,365.5643,2451.1693,0.2506
2025-02-01,11,2025-01-05,80,2407.4584,251.8394,2155.619,0.1656
2025-02-01,11,2025-01-05,81,2175.22,290.5875,1884.6325,0.1557
2025-02-01,11,2025-01-05,82,2739.8448,472.5673,2267.2775,0.2581
2025-02-01,11,2025-01-05,83,3144.3368,266.6458,2877.691,0.3619
2025-02-01,11,2025-01-05,84,2994.79,-168.4125,3163.2025,0.3842
2025-02-01,11,2025-01-05,85,2777.9458,-115.4522,2893.398,0.3286
2025-02-01,11,2025-01-05,86,2652.3466,111.2881,2541.0585,0.2825
2025-02-01,11,2025-01-05,87,2660.98,142.4625,2518.5175,0.2739
2025-02-01,11,2025-01-05,88,2772.9155,-64.6016,2837.5171,0.258
2025-02-01,11,2025-01-05,89,2767.6195,-113.2683,2880.8878,0.2207
2025-02-01,11,2025-01-05,90,2703.98,35.5875,2668.3925,0.2119
2025-02-01,11,2025-01-05,91,2823.0462,69.2633,2753.7829,0.2938
2025-02-01,11,2025-01-05,92,2808.994,117.1652,2691.8288,0.3578
2025-02-01,11,2025-01-05,93,2675.57,182.625,2492.945,0.3308
2025-02-01,11,2025-01-05,94,2743.8603,115.2478,2628.6125,0.2511
2025-02-01,11,2025-01-05,95,2697.1615,104.6423,2592.5192,0.2704
2025-02-01,11,2025-01-05,96,2562.84,156.5625,2406.2775,0.3418
2025-02-01,11,2025-01-05,97,2681.6818,84.1218,2597.56,0.2744
2025-02-01,11,2025-01-05,98,2641.3232,9.8921,2631.4311,0.1977
2025-02-01,11,2025-01-05,99,2472.53,-0.3375,2472.8675,0.1896
2025-02-01,11,2025-01-05,100,2682.0509,-3.7391,2685.79,0.2112
2025-02-01,11,2025-01-05,101,3131.0221,-1.5085,3132.5306,0.2873
2025-02-01,11,2025-01-05,102,3477.65,4.6125,3473.0375,0.3555
2025-02-01,11,2025-01-05,103,3467.6342,0.0,3467.6342,0.3087
2025-02-01,11,2025-01-05,104,3334.0097,-0.7712,3334.7809,0.2708
2025-02-01,11,2025-01-05,105,3415.17,0.0,3415.17,0.2996
2025-02-01,11,2025-01-05,106,3695.5768,0.0,3695.5768,0.3199
2025-02-01,11,2025-01-05,107,2903.4979,-0.0553,2903.5532,0.2319
2025-02-01,11,2025-01-05,108,1549.04,0.0,1549.04,0.1261
2025-02-01,11,2025-01-05,109,1484.0832,0.0,1484.0832,0.183
2025-02-01,11,2025-01-05,110,1604.3122,-0.0039,1604.3161,0.1789
2025-02-01,11,2025-01-05,111,1397.34,0.0,1397.34,0.0949
2025-02-01,11,2025-01-05,112,1507.7962,0.0,1507.7962,0.1388
2025-02-01,11,2025-01-05,113,1794.4823,-0.0003,1794.4826,0.2018
2025-02-01,11,2025-01-05,114,1953.44,0.0,1953.44,0.205
2025-02-01,11,2025-01-05,115,1804.8218,0.0,1804.8218,0.1854
2025-02-01,11,2025-01-05,116,1478.7891,0.0,1478.7891,0.1892
2025-02-01,11,2025-01-05,117,1361.53,0.0,1361.53,0.2031
2025-02-01,11,2025-01-05,118,1742.6546,0.0,1742.6546,0.1826
2025-02-01,11,2025-01-05,119,1846.5424,0.0,1846.5424,0.1933
2025-02-01,11,2025-01-05,120,1478.11,0.0,1478.11,0.1942
2025-02-01,11,2025-01-05,121,1224.9481,0.0,1224.9481,0.0947
2025-02-01,11,2025-01-05,122,1389.1955,0.0,1389.1955,0.1266
2025-02-01,11,2025-01-05,123,1716.81,0.0,1716.81,0.2325
2025-02-01,11,2025-01-05,124,1666.6873,0.0,1666.6873,0.1288
2025-02-01,11,2025-01-05,125,1446.7109,0.0,1446.7109,0.0987
2025-02-01,11,2025-01-05,126,1349.84,0.0,1349.84,0.1845
2025-02-01,11,2025-01-05,127,1470.0723,0.0,1470.0723,0.1484
2025-02-01,11,2025-01-05,128,1549.065,0.0,1549.065,0.1666
2025-02-01,11,2025-01-05,129,1558.18,0.0,1558.18,0.253
2025-02-01,11,2025-01-05,130,1642.8118,0.0,1642.8118,0.218
2025-02-01,11,2025-01-05,131,1404.8792,0.0,1404.8792,0.1348
2025-02-01,11,2025-01-05,132,917.36,0.0,917.36,0.0828
2025-02-01,11,2025-01-05,133,718.1991,0.0,718.1991,0.0698
2025-02-01,11,2025-01-05,134,764.4851,0.0,764.4851,0.0718
2025-02-01,11,2025-01-05,135,881.95,0.0,881.95,0.077
2025-02-01,11,2025-01-05,136,951.0196,0.0,951.0196,0.087
2025-02-01,11,2025-01-05,137,986.3134,0.0,986.3134,0.0758
2025-02-01,11,2025-01-05,138,983.06,0.0,983.06,0.0579
2025-02-01,11,2025-01-05,139,896.3526,0.0,896.3526,0.0774
2025-02-01,11,2025-01-05,140,741.7972,0.0,741.7972,0.1071
2025-02-01,11,2025-01-05,141,782.81,0.0,782.81,0.1201
2025-02-01,11,2025-01-05,142,1189.4708,0.0,1189.4708,0.1117
2025-02-01,11,2025-01-05,143,897.1031,0.0,897.1031,0.0877
2025-02-01,11,2025-01-05,144,54.01,0.0,54.01,0.0227
2025-02-01,12,2025-01-11,1,-82.2186,0.0,-82.2186,0.0024
2025-02-01,12,2025-01-11,2,-5.9342,0.0,-5.9342,0.0318
2025-02-01,12,2025-01-11,3,26.27,0.0,26.27,0.0498
2025-02-01,12,2025-01-11,4,77.6034,0.0,77.6034,-0.0523
2025-02-01,12,2025-01-11,5,88.5968,0.0,88.5968,-0.0545
2025-02-01,12,2025-01-11,6,13.34,0.0,13.34,0.0582
2025-02-01,12,2025-01-11,7,-100.0814,0.0,-100.0814,0.0702
2025-02-01,12,2025-01-11,8,-25.4568,0.0,-25.4568,-0.0002
2025-02-01,12,2025-01-11,9,124.67,0.0,124.67,-0.0365
2025-02-01,12,2025-01-11,10,37.6435,0.0,37.6435,0.043
2025-02-01,12,2025-01-11,11,103.6233,0.0,103.6233,0.048
2025-02-01,12,2025-01-11,12,258.03,0.0,258.03,-0.0312
2025-02-01,12,2025-01-11,13,47.1069,0.0,47.1069,-0.0147
2025-02-01,12,2025-01-11,14,-30.9407,0.0,-30.9407,0.0436
2025-02-01,12,2025-01-11,15,86.23,0.0,86.23,0.0749
2025-02-01,12,2025-01-11,16,-25.4497,0.0,-25.4497,0.0665
2025-02-01,12,2025-01-11,17,-34.4279,0.0,-34.4279,0.0452
2025-02-01,12,2025-01-11,18,85.86,0.0,85.86,0.0121
2025-02-01,12,2025-01-11,19,19.8234,0.0,19.8234,-0.0477
2025-02-01,12,2025-01-11,20,67.2245,0.0,67.2245,-0.0723
2025-02-01,12,2025-01-11,21,197.49,0.0,197.49,-0.0316
2025-02-01,12,2025-01-11,22,37.4535,0.0,37.4535,0.0361
2025-02-01,12,2025-01-11,23,-199.9048,0.0,-199.9048,0.0257
2025-02-01,12,2025-01-11,24,-200.0,0.0,-200.0,-0.0299
2025-02-01,12,2025-01-11,25,124.4216,0.0,124.4216,0.0032
2025-02-01,12,2025-01-11,26,184.0342,0.0,184.0342,0.0516
2025-02-01,12,2025-01-11,27,-62.66,0.0,-62.66,0.0175
2025-02-01,12,2025-01-11,28,-102.1603,0.0,-102.1603,-0.0988
2025-02-01,12,2025-01-11,29,-61.895,0.0,-61.895,-0.038
2025-02-01,12,2025-01-11,30,-129.16,0.0,-129.16,0.112
2025-02-01,12,2025-01-11,31,-277.3481,-0.00132,-277.34678,0.0191
2025-02-01,12,2025-01-11,32,-87.4988,0.0,-87.4988,-0.0009
2025-02-01,12,2025-01-11,33,266.62,0.0,266.62,0.1055
2025-02-01,12,2025-01-11,34,160.0067,-0.01445,160.02115,0.0648
2025-02-01,12,2025-01-11,35,-87.274,0.0,-87.274,0.0105
2025-02-01,12,2025-01-11,36,-104.78,0.0,-104.78,0.0106
2025-02-01,12,2025-01-11,37,128.8727,-0.2009,129.0736,-0.0056
2025-02-01,12,2025-01-11,38,51.5565,0.0,51.5565,0.0144
2025-02-01,12,2025-01-11,39,-158.8,0.0,-158.8,0.0462
2025-02-01,12,2025-01-11,40,171.2284,-2.79875,174.02715,0.0025
2025-02-01,12,2025-01-11,41,210.9402,0.0,210.9402,-0.0224
2025-02-01,12,2025-01-11,42,-138.69,33.81375,-172.50375,0.0026
2025-02-01,12,2025-01-11,43,-121.4377,52.41744,-173.85514,0.015
2025-02-01,12,2025-01-11,44,-10.3936,38.50393,-48.89753,0.0174
2025-02-01,12,2025-01-11,45,92.3,6.8175,85.4825,0.0445
2025-02-01,12,2025-01-11,46,357.0553,-5.32213,362.37743,0.1074
2025-02-01,12,2025-01-11,47,313.5243,-32.72629,346.25059,0.0723
2025-02-01,12,2025-01-11,48,37.22,-70.07625,107.29625,-0.0124
2025-02-01,12,2025-01-11,49,91.7729,-60.79211,152.56501,0.0296
2025-02-01,12,2025-01-11,50,167.093,19.75901,147.33399,0.0212
2025-02-01,12,2025-01-11,51,122.1,130.005,-7.905,-0.0581
2025-02-01,12,2025-01-11,52,110.7419,186.55946,-75.81756,-0.046
2025-02-01,12,2025-01-11,53,-91.1742,171.50044,-262.67464,-0.0296
2025-02-01,12,2025-01-11,54,-289.03,139.03125,-428.06125,-0.015
2025-02-01,12,2025-01-11,55,-34.7097,153.04163,-187.75133,0.0749
2025-02-01,12,2025-01-11,56,97.196,102.53953,-5.34353,0.0768
2025-02-01,12,2025-01-11,57,45.65,-11.31,56.96,-0.0219
2025-02-01,12,2025-01-11,58,271.7112,-55.10723,326.81843,-0.0612
2025-02-01,12,2025-01-11,59,254.1826,0.96302,253.21958,-0.0391
2025-02-01,12,2025-01-11,60,-121.62,9.15,-130.77,-0.0043
2025-02-01,12,2025-01-11,61,-367.5072,-201.34922,-166.15798,-0.0005
2025-02-01,12,2025-01-11,62,-246.9966,-306.77049,59.77389,-0.0192
2025-02-01,12,2025-01-11,63,-67.77,-154.36875,86.59875,-0.0359
2025-02-01,12,2025-01-11,64,-302.8521,109.30208,-412.15418,-0.0341
2025-02-01,12,2025-01-11,65,-232.4069,329.97576,-562.38266,-0.0334
2025-02-01,12,2025-01-11,66,218.57,451.44,-232.87,-0.0293
2025-02-01,12,2025-01-11,67,327.078,501.37902,-174.30102,0.0005
2025-02-01,12,2025-01-11,68,-10.9741,458.80712,-469.78122,0.0183
2025-02-01,12,2025-01-11,69,-327.16,349.7925,-676.9525,0.0173
2025-02-01,12,2025-01-11,70,-76.0642,250.51201,-326.57621,0.0254
2025-02-01,12,2025-01-11,71,8.5339,193.61918,-185.08528,0.0235
2025-02-01,12,2025-01-11,72,-168.51,136.06875,-304.57875,0.0152
2025-02-01,12,2025-01-11,73,-3.9762,25.08611,-29.06231,0.019
2025-02-01,12,2025-01-11,74,74.2173,18.33569,55.88161,-0.0176
2025-02-01,12,2025-01-11,75,-14.8,161.51625,-176.31625,-0.0524
2025-02-01,12,2025-01-11,76,97.7073,338.04121,-240.33391,0.0054
2025-02-01,12,2025-01-11,77,133.1741,444.02835,-310.85425,0.0009
2025-02-01,12,2025-01-11,78,6.75,397.0725,-390.3225,-0.0661
2025-02-01,12,2025-01-11,79,-102.549,190.51497,-293.06397,-0.0421
2025-02-01,12,2025-01-11,80,-382.4561,44.21981,-426.67591,-0.0214
2025-02-01,12,2025-01-11,81,-502.09,-4.87875,-497.21125,-0.0451
2025-02-01,12,2025-01-11,82,89.7547,-82.87066,172.62536,-0.0525
2025-02-01,12,2025-01-11,83,413.5945,-25.58063,439.17513,-0.0449
2025-02-01,12,2025-01-11,84,127.53,61.49625,66.03375,-0.0261
2025-02-01,12,2025-01-11,85,-163.794,-119.43959,-44.35441,0.0053
2025-02-01,12,2025-01-11,86,-191.6694,-269.52417,77.85477,0.0197
2025-02-01,12,2025-01-11,87,-103.18,-246.015,142.835,0.0064
2025-02-01,12,2025-01-11,88,-193.5788,-189.02374,-4.55506,-0.0147
2025-02-01,12,2025-01-11,89,-95.3131,-134.0334,38.7203,-0.0117
2025-02-01,12,2025-01-11,90,123.19,-92.94375,216.13375,0.0035
2025-02-01,12,2025-01-11,91,28.4131,-65.62624,94.03934,-0.0073
2025-02-01,12,2025-01-11,92,113.2085,14.92538,98.28312,-0.0046
2025-02-01,12,2025-01-11,93,333.22,116.08875,217.13125,0.0255
2025-02-01,12,2025-01-11,94,105.5891,128.90678,-23.31768,0.046
2025-02-01,12,2025-01-11,95,-217.163,103.9258,-321.0888,0.0026
2025-02-01,12,2025-01-11,96,-322.71,114.4425,-437.1525,-0.0737
2025-02-01,12,2025-01-11,97,-231.5645,180.35911,-411.92361,-0.0851
2025-02-01,12,2025-01-11,98,-155.1589,187.66398,-342.82288,-0.0205
2025-02-01,12,2025-01-11,99,-117.79,126.50625,-244.29625,0.0503
2025-02-01,12,2025-01-11,100,9.3669,94.59855,-85.23165,0.0403
2025-02-01,12,2025-01-11,101,49.2362,71.58214,-22.34594,0.0185
2025-02-01,12,2025-01-11,102,-57.44,38.4,-95.84,-0.006
2025-02-01,12,2025-01-11,103,-161.5294,0.0,-161.5294,-0.0755
2025-02-01,12,2025-01-11,104,-79.3426,-2.89269,-76.44991,-0.0458
2025-02-01,12,2025-01-11,105,114.46,0.0,114.46,0.0474
2025-02-01,12,2025-01-11,106,147.0217,0.0,147.0217,0.0216
2025-02-01,12,2025-01-11,107,17.7129,-0.20765,17.92055,0.0097
2025-02-01,12,2025-01-11,108,-73.24,0.0,-73.24,0.047
2025-02-01,12,2025-01-11,109,30.2919,0.0,30.2919,0.0329
2025-02-01,12,2025-01-11,110,-171.6248,-0.01491,-171.60989,0.0342
2025-02-01,12,2025-01-11,111,-437.0,0.0,-437.0,0.0435
2025-02-01,12,2025-01-11,112,-16.9937,0.0,-16.9937,-0.0178
2025-02-01,12,2025-01-11,113,274.3165,-0.00147,274.31797,-0.0416
2025-02-01,12,2025-01-11,114,112.76,0.0,112.76,-0.0033
2025-02-01,12,2025-01-11,115,-47.2744,0.0,-47.2744,0.0115
2025-02-01,12,2025-01-11,116,-188.0714,0.0,-188.0714,0.002
2025-02-01,12,2025-01-11,117,-148.8,0.0,-148.8,0.0093
2025-02-01,12,2025-01-11,118,251.0967,0.0,251.0967,0.067
2025-02-01,12,2025-01-11,119,264.4743,0.0,264.4743,0.1052
2025-02-01,12,2025-01-11,120,-142.51,0.0,-142.51,0.0739
2025-02-01,12,2025-01-11,121,-249.3579,0.0,-249.3579,-0.0056
2025-02-01,12,2025-01-11,122,-107.7099,0.0,-107.7099,-0.0185
2025-02-01,12,2025-01-11,123,93.82,0.0,93.82,0.0319
2025-02-01,12,2025-01-11,124,211.4861,0.0,211.4861,0.0368
2025-02-01,12,2025-01-11,125,34.6532,0.0,34.6532,0.0241
2025-02-01,12,2025-01-11,126,-219.73,0.0,-219.73,0.0266
2025-02-01,12,2025-01-11,127,-109.5262,0.0,-109.5262,0.0355
2025-02-01,12,2025-01-11,128,-48.3424,0.0,-48.3424,0.0066
2025-02-01,12,2025-01-11,129,-130.63,0.0,-130.63,-0.0279
2025-02-01,12,2025-01-11,130,-38.4291,0.0,-38.4291,-0.0005
2025-02-01,12,2025-01-11,131,49.0913,0.0,49.0913,-0.0276
2025-02-01,12,2025-01-11,132,-60.08,0.0,-60.08,-0.0848
2025-02-01,12,2025-01-11,133,-302.9043,0.0,-302.9043,-0.0333
2025-02-01,12,2025-01-11,134,-108.1437,0.0,-108.1437,-0.0208
2025-02-01,12,2025-01-11,135,252.23,0.0,252.23,-0.0576
2025-02-01,12,2025-01-11,136,-21.2015,0.0,-21.2015,-0.0075
2025-02-01,12,2025-01-11,137,-21.6587,0.0,-21.6587,0.0144
2025-02-01,12,2025-01-11,138,232.29,0.0,232.29,-0.0252
2025-02-01,12,2025-01-11,139,-189.4269,0.0,-189.4269,-0.0416
2025-02-01,12,2025-01-11,140,-452.8483,0.0,-452.8483,-0.0644
2025-02-01,12,2025-01-11,141,-181.17,0.0,-181.17,-0.0595
2025-02-01,12,2025-01-11,142,130.6719,0.0,130.6719,0.0514
2025-02-01,12,2025-01-11,143,170.8313,0.0,170.8313,0.1546
2025-02-01,12,2025-01-11,144,81.32,0.0,81.32,0.1762
2025-02-01,13,2025-01-12,1,198.5736,0.0,198.5736,0.1336
2025-02-01,13,2025-01-12,2,76.9967,0.0,76.9967,0.0574
2025-02-01,13,2025-01-12,3,-190.06,0.0,-190.06,0.0459
2025-02-01,13,2025-01-12,4,-39.1283,0.0,-39.1283,0.1815
2025-02-01,13,2025-01-12,5,43.4471,0.0,43.4471,0.2282
2025-02-01,13,2025-01-12,6,-129.78,0.0,-129.78,0.1283
2025-02-01,13,2025-01-12,7,-218.4709,0.0,-218.4709,0.0599
2025-02-01,13,2025-01-12,8,-60.0685,0.0,-60.0685,0.1021
2025-02-01,13,2025-01-12,9,206.14,0.0,206.14,0.1572
2025-02-01,13,2025-01-12,10,260.9485,0.0,260.9485,0.0683
2025-02-01,13,2025-01-12,11,74.9096,0.0,74.9096,0.0253
2025-02-01,13,2025-01-12,12,-195.46,0.0,-195.46,0.1039
2025-02-01,13,2025-01-12,13,-330.6979,0.0,-330.6979,0.1792
2025-02-01,13,2025-01-12,14,-304.0288,0.0,-304.0288,0.1452
2025-02-01,13,2025-01-12,15,-170.13,0.0,-170.13,0.0716
2025-02-01,13,2025-01-12,16,-13.4839,0.0,-13.4839,0.1171
2025-02-01,13,2025-01-12,17,91.0122,0.0,91.0122,0.1313
2025-02-01,13,2025-01-12,18,83.64,0.0,83.64,0.0774
2025-02-01,13,2025-01-12,19,-26.4454,0.0,-26.4454,0.0718
2025-02-01,13,2025-01-12,20,-18.5406,0.0,-18.5406,0.0725
2025-02-01,13,2025-01-12,21,57.22,0.0,57.22,0.0615
2025-02-01,13,2025-01-12,22,-63.0639,0.0,-63.0639,0.0674
2025-02-01,13,2025-01-12,23,-209.4331,0.0,-209.4331,0.0524
2025-02-01,13,2025-01-12,24,-223.41,0.0,-223.41,0.0451
2025-02-01,13,2025-01-12,25,-82.767,0.0,-82.767,0.1106
2025-02-01,13,2025-01-12,26,173.2766,0.0,173.2766,0.1297
2025-02-01,13,2025-01-12,27,253.65,0.0,253.65,0.094
2025-02-01,13,2025-01-12,28,-135.1269,0.0,-135.1269,0.104
2025-02-01,13,2025-01-12,29,-370.6454,0.0,-370.6454,0.0762
2025-02-01,13,2025-01-12,30,-187.29,0.0,-187.29,0.0509
2025-02-01,13,2025-01-12,31,115.9796,-0.0012,115.9808,0.1527
2025-02-01,13,2025-01-12,32,335.7814,0.0,335.7814,0.1663
2025-02-01,13,2025-01-12,33,307.36,0.0,307.36,0.0768
2025-02-01,13,2025-01-12,34,-10.9013,-0.021136,-10.880164,0.0924
2025-02-01,13,2025-01-12,35,-217.4169,0.0,-217.4169,0.1644
2025-02-01,13,2025-01-12,36,-170.46,0.0,-170.46,0.2102
2025-02-01,13,2025-01-12,37,-64.4131,-0.286436,-64.126664,0.2004
2025-02-01,13,2025-01-12,38,42.3551,0.0,42.3551,0.1826
2025-02-01,13,2025-01-12,39,88.11,0.0,88.11,0.1961
2025-02-01,13,2025-01-12,40,21.1699,-3.990118,25.160018,0.2256
2025-02-01,13,2025-01-12,41,-15.7749,2.2026,-17.9775,0.159
2025-02-01,13,2025-01-12,42,-95.03,40.564773,-135.594773,0.0607
2025-02-01,13,2025-01-12,43,-354.0293,50.945718,-404.975018,0.1135
2025-02-01,13,2025-01-12,44,-177.3664,47.932973,-225.299373,0.1709
2025-02-01,13,2025-01-12,45,267.26,44.935227,222.324773,0.1242
2025-02-01,13,2025-01-12,46,147.9402,50.1735,97.7667,0.0347
2025-02-01,13,2025-01-12,47,-143.097,57.107927,-200.204927,0.143
2025-02-01,13,2025-01-12,48,-258.15,57.006818,-315.156818,0.3595
2025-02-01,13,2025-01-12,49,-222.7252,53.411045,-276.136245,0.3568
2025-02-01,13,2025-01-12,50,-109.2245,89.570136,-198.794636,0.3428
2025-02-01,13,2025-01-12,51,21.77,140.086364,-118.316364,0.3885
2025-02-01,13,2025-01-12,52,115.7505,119.687109,-3.936609,0.3534
2025-02-01,13,2025-01-12,53,70.9675,20.938291,50.029209,0.3375
2025-02-01,13,2025-01-12,54,-72.68,-72.582955,-0.097045,0.3194
2025-02-01,13,2025-01-12,55,-165.3028,-55.242745,-110.060055,0.1833
2025-02-01,13,2025-01-12,56,-227.1142,-15.987745,-211.126455,0.1583
2025-02-01,13,2025-01-12,57,-217.04,-94.469318,-122.570682,0.2601
2025-02-01,13,2025-01-12,58,-57.6996,-337.225382,279.525782,0.2775
2025-02-01,13,2025-01-12,59,57.3645,-428.533527,485.898027,0.2885
2025-02-01,13,2025-01-12,60,-1.02,-310.656818,309.636818,0.3236
2025-02-01,13,2025-01-12,61,-173.2248,-226.844045,53.619245,0.314
2025-02-01,13,2025-01-12,62,-192.4768,-226.501664,34.024864,0.2879
2025-02-01,13,2025-01-12,63,-83.33,-226.547727,143.217727,0.2871
2025-02-01,13,2025-01-12,64,-88.6464,-145.209173,56.562773,0.3244
2025-02-01,13,2025-01-12,65,18.3615,-210.309736,228.671236,0.3402
2025-02-01,13,2025-01-12,66,46.15,-354.225,400.375,0.3008
2025-02-01,13,2025-01-12,67,-387.4458,-267.672591,-119.773209,0.2341
2025-02-01,13,2025-01-12,68,-328.4063,-160.888618,-167.517682,0.2323
2025-02-01,13,2025-01-12,69,167.77,-178.694318,346.464318,0.2857
2025-02-01,13,2025-01-12,70,57.0695,-261.302409,318.371909,0.2923
2025-02-01,13,2025-01-12,71,-272.6318,-328.672864,56.041064,0.2551
2025-02-01,13,2025-01-12,72,-334.11,-311.076136,-23.033864,0.2193
2025-02-01,13,2025-01-12,73,-34.2454,-198.488445,164.243045,0.232
2025-02-01,13,2025-01-12,74,249.258,-156.870791,406.128791,0.2789
2025-02-01,13,2025-01-12,75,291.96,-166.029545,457.989545,0.2748
2025-02-01,13,2025-01-12,76,159.2597,-67.604809,226.864509,0.1614
2025-02-01,13,2025-01-12,77,2.3793,-54.641164,57.020464,0.1934
2025-02-01,13,2025-01-12,78,-46.98,-47.625,0.645,0.3491
2025-02-01,13,2025-01-12,79,37.3018,206.296427,-168.994627,0.3426
2025-02-01,13,2025-01-12,80,25.0889,230.104827,-205.015927,0.2471
2025-02-01,13,2025-01-12,81,-60.26,9.177273,-69.437273,0.1996
2025-02-01,13,2025-01-12,82,-11.1337,11.514736,-22.648436,0.2626
2025-02-01,13,2025-01-12,83,-131.47,50.948882,-182.418882,0.3262
2025-02-01,13,2025-01-12,84,-401.55,14.955682,-416.505682,0.3111
2025-02-01,13,2025-01-12,85,-425.3206,4.571355,-429.891955,0.24
2025-02-01,13,2025-01-12,86,-137.6381,1.233927,-138.872027,0.2383
2025-02-01,13,2025-01-12,87,71.89,31.8375,40.0525,0.2911
2025-02-01,13,2025-01-12,88,-244.8223,142.564136,-387.386436,0.2694
2025-02-01,13,2025-01-12,89,-344.4562,154.310855,-498.767055,0.2429
2025-02-01,13,2025-01-12,90,-154.97,52.005682,-206.975682,0.2584
2025-02-01,13,2025-01-12,91,-288.6278,3.766882,-292.394682,0.2849
2025-02-01,13,2025-01-12,92,-234.812,24.398327,-259.210327,0.2836
2025-02-01,13,2025-01-12,93,68.17,59.860227,8.309773,0.2502
2025-02-01,13,2025-01-12,94,89.8343,56.822382,33.011918,0.2222
2025-02-01,13,2025-01-12,95,-103.9451,73.6083,-177.5534,0.2538
2025-02-01,13,2025-01-12,96,-205.67,116.638636,-322.308636,0.3245
2025-02-01,13,2025-01-12,97,21.9293,125.967427,-104.038127,0.3511
2025-02-01,13,2025-01-12,98,210.8983,97.765718,113.132582,0.313
2025-02-01,13,2025-01-12,99,143.31,67.718182,75.591818,0.2548
2025-02-01,13,2025-01-12,100,-49.3019,74.581082,-123.882982,0.2527
2025-02-01,13,2025-01-12,101,-63.1558,73.026673,-136.182473,0.3158
2025-02-01,13,2025-01-12,102,68.72,42.971591,25.748409,0.4023
2025-02-01,13,2025-01-12,103,53.4,0.7207,52.6793,0.4386
2025-02-01,13,2025-01-12,104,51.2895,-3.395318,54.684818,0.3624
2025-02-01,13,2025-01-12,105,38.05,0.0,38.05,0.2791
2025-02-01,13,2025-01-12,106,-151.6957,0.0,-151.6957,0.3465
2025-02-01,13,2025-01-12,107,-71.1826,-0.243773,-70.938827,0.2909
2025-02-01,13,2025-01-12,108,141.94,0.0,141.94,0.1143
2025-02-01,13,2025-01-12,109,-109.9283,0.0,-109.9283,0.1052
2025-02-01,13,2025-01-12,110,-321.1607,-0.017455,-321.143245,0.1639
2025-02-01,13,2025-01-12,111,-158.32,0.0,-158.32,0.1709
2025-02-01,13,2025-01-12,112,177.5715,0.0,177.5715,0.1245
2025-02-01,13,2025-01-12,113,197.3644,-0.001336,197.365736,0.1569
2025-02-01,13,2025-01-12,114,-82.61,0.0,-82.61,0.2447
2025-02-01,13,2025-01-12,115,-174.7548,0.0,-174.7548,0.2261
2025-02-01,13,2025-01-12,116,-9.8183,0.0,-9.8183,0.137
2025-02-01,13,2025-01-12,117,65.57,0.0,65.57,0.0635
2025-02-01,13,2025-01-12,118,-315.3439,0.0,-315.3439,0.0627
2025-02-01,13,2025-01-12,119,-415.3705,0.0,-415.3705,0.0805
2025-02-01,13,2025-01-12,120,-27.29,0.0,-27.29,0.0982
2025-02-01,13,2025-01-12,121,284.7898,0.0,284.7898,0.1445
2025-02-01,13,2025-01-12,122,136.501,0.0,136.501,0.1839
2025-02-01,13,2025-01-12,123,-169.7,0.0,-169.7,0.1901
2025-02-01,13,2025-01-12,124,8.0123,0.0,8.0123,0.1707
2025-02-01,13,2025-01-12,125,160.8762,0.0,160.8762,0.1652
2025-02-01,13,2025-01-12,126,29.66,0.0,29.66,0.1638
2025-02-01,13,2025-01-12,127,-124.6404,0.0,-124.6404,0.1295
2025-02-01,13,2025-01-12,128,-145.6417,0.0,-145.6417,0.1361
2025-02-01,13,2025-01-12,129,-113.63,0.0,-113.63,0.178
2025-02-01,13,2025-01-12,130,-196.8521,0.0,-196.8521,0.1748
2025-02-01,13,2025-01-12,131,-116.2059,0.0,-116.2059,0.1728
2025-02-01,13,2025-01-12,132,90.31,0.0,90.31,0.1814
2025-02-01,13,2025-01-12,133,84.9802,0.0,84.9802,0.1587
2025-02-01,13,2025-01-12,134,45.3649,0.0,45.3649,0.1355
2025-02-01,13,2025-01-12,135,41.45,0.0,41.45,0.1223
2025-02-01,13,2025-01-12,136,-28.3364,0.0,-28.3364,0.1002
2025-02-01,13,2025-01-12,137,2.2787,0.0,2.2787,0.089
2025-02-01,13,2025-01-12,138,131.48,0.0,131.48,0.1029
2025-02-01,13,2025-01-12,139,148.1082,0.0,148.1082,0.1313
2025-02-01,13,2025-01-12,140,-33.7292,0.0,-33.7292,0.1288
2025-02-01,13,2025-01-12,141,-196.6,0.0,-196.6,0.0976
2025-02-01,13,2025-01-12,142,-52.4515,0.0,-52.4515,0.0729
2025-02-01,13,2025-01-12,143,-76.7629,0.0,-76.7629,0.0055
2025-02-01,13,2025-01-12,144,-220.59,0.0,-220.59,-0.0405
2025-02-01,14,2025-01-12,1,198.5736,0.0,198.5736,0.1336
2025-02-01,14,2025-01-12,2,76.9967,0.0,76.9967,0.0574
2025-02-01,14,2025-01-12,3,-190.06,0.0,-190.06,0.0459
2025-02-01,14,2025-01-12,4,-39.1283,0.0,-39.1283,0.1815
2025-02-01,14,2025-01-12,5,43.4471,0.0,43.4471,0.2282
2025-02-01,14,2025-01-12,6,-129.78,0.0,-129.78,0.1283
2025-02-01,14,2025-01-12,7,-218.4709,0.0,-218.4709,0.0599
2025-02-01,14,2025-01-12,8,-60.0685,0.0,-60.0685,0.1021
2025-02-01,14,2025-01-12,9,206.14,0.0,206.14,0.1572
2025-02-01,14,2025-01-12,10,260.9485,0.0,260.9485,0.0683
2025-02-01,14,2025-01-12,11,74.9096,0.0,74.9096,0.0253
2025-02-01,14,2025-01-12,12,-195.46,0.0,-195.46,0.1039
2025-02-01,14,2025-01-12,13,-330.6979,0.0,-330.6979,0.1792
2025-02-01,14,2025-01-12,14,-304.0288,0.0,-304.0288,0.1452
2025-02-01,14,2025-01-12,15,-170.13,0.0,-170.13,0.0716
2025-02-01,14,2025-01-12,16,-13.4839,0.0,-13.4839,0.1171
2025-02-01,14,2025-01-12,17,91.0122,0.0,91.0122,0.1313
2025-02-01,14,2025-01-12,18,83.64,0.0,83.64,0.0774
2025-02-01,14,2025-01-12,19,-26.4454,0.0,-26.4454,0.0718
2025-02-01,14,2025-01-12,20,-18.5406,0.0,-18.5406,0.0725
2025-02-01,14,2025-01-12,21,57.22,0.0,57.22,0.0615
2025-02-01,14,2025-01-12,22,-63.0639,0.0,-63.0639,0.0674
2025-02-01,14,2025-01-12,23,-209.4331,0.0,-209.4331,0.0524
2025-02-01,14,2025-01-12,24,-223.41,0.0,-223.41,0.0451
2025-02-01,14,2025-01-12,25,-82.767,0.0,-82.767,0.1106
2025-02-01,14,2025-01-12,26,173.2766,0.0,173.2766,0.1297
2025-02-01,14,2025-01-12,27,253.65,0.0,253.65,0.094
2025-02-01,14,2025-01-12,28,-135.1269,0.0,-135.1269,0.104
2025-02-01,14,2025-01-12,29,-370.6454,0.0,-370.6454,0.0762
2025-02-01,14,2025-01-12,30,-187.29,0.0,-187.29,0.0509
2025-02-01,14,2025-01-12,31,115.9796,-0.0012,115.9808,0.1527
2025-02-01,14,2025-01-12,32,335.7814,0.0,335.7814,0.1663
2025-02-01,14,2025-01-12,33,307.36,0.0,307.36,0.0768
2025-02-01,14,2025-01-12,34,-10.9013,-0.021136,-10.880164,0.0924
2025-02-01,14,2025-01-12,35,-217.4169,0.0,-217.4169,0.1644
2025-02-01,14,2025-01-12,36,-170.46,0.0,-170.46,0.2102
2025-02-01,14,2025-01-12,37,-64.4131,-0.286436,-64.126664,0.2004
2025-02-01,14,2025-01-12,38,42.3551,0.0,42.3551,0.1826
2025-02-01,14,2025-01-12,39,88.11,0.0,88.11,0.1961
2025-02-01,14,2025-01-12,40,21.1699,-3.990118,25.160018,0.2256
2025-02-01,14,2025-01-12,41,-15.7749,2.2026,-17.9775,0.159
2025-02-01,14,2025-01-12,42,-95.03,40.564773,-135.594773,0.0607
2025-02-01,14,2025-01-12,43,-354.0293,50.945718,-404.975018,0.1135
2025-02-01,14,2025-01-12,44,-177.3664,47.932973,-225.299373,0.1709
2025-02-01,14,2025-01-12,45,267.26,44.935227,222.324773,0.1242
2025-02-01,14,2025-01-12,46,147.9402,50.1735,97.7667,0.0347
2025-02-01,14,2025-01-12,47,-143.097,57.107927,-200.204927,0.143
2025-02-01,14,2025-01-12,48,-258.15,57.006818,-315.156818,0.3595
2025-02-01,14,2025-01-12,49,-222.7252,53.411045,-276.136245,0.3568
2025-02-01,14,2025-01-12,50,-109.2245,89.570136,-198.794636,0.3428
2025-02-01,14,2025-01-12,51,21.77,140.086364,-118.316364,0.3885
2025-02-01,14,2025-01-12,52,115.7505,119.687109,-3.936609,0.3534
2025-02-01,14,2025-01-12,53,70.9675,20.938291,50.029209,0.3375
2025-02-01,14,2025-01-12,54,-72.68,-72.582955,-0.097045,0.3194
2025-02-01,14,2025-01-12,55,-165.3028,-55.242745,-110.060055,0.1833
2025-02-01,14,2025-01-12,56,-227.1142,-15.987745,-211.126455,0.1583
2025-02-01,14,2025-01-12,57,-217.04,-94.469318,-122.570682,0.2601
2025-02-01,14,2025-01-12,58,-57.6996,-337.225382,279.525782,0.2775
2025-02-01,14,2025-01-12,59,57.3645,-428.533527,485.898027,0.2885
2025-02-01,14,2025-01-12,60,-1.02,-310.656818,309.636818,0.3236
2025-02-01,14,2025-01-12,61,-173.2248,-226.844045,53.619245,0.314
2025-02-01,14,2025-01-12,62,-192.4768,-226.501664,34.024864,0.2879
2025-02-01,14,2025-01-12,63,-83.33,-226.547727,143.217727,0.2871
2025-02-01,14,2025-01-12,64,-88.6464,-145.209173,56.562773,0.3244
2025-02-01,14,2025-01-12,65,18.3615,-210.309736,228.671236,0.3402
2025-02-01,14,2025-01-12,66,46.15,-354.225,400.375,0.3008
2025-02-01,14,2025-01-12,67,-387.4458,-267.672591,-119.773209,0.2341
2025-02-01,14,2025-01-12,68,-328.4063,-160.888618,-167.517682,0.2323
2025-02-01,14,2025-01-12,69,167.77,-178.694318,346.464318,0.2857
2025-02-01,14,2025-01-12,70,57.0695,-261.302409,318.371909,0.2923
2025-02-01,14,2025-01-12,71,-272.6318,-328.672864,56.041064,0.2551
2025-02-01,14,2025-01-12,72,-334.11,-311.076136,-23.033864,0.2193
2025-02-01,14,2025-01-12,73,-34.2454,-198.488445,164.243045,0.232
2025-02-01,14,2025-01-12,74,249.258,-156.870791,406.128791,0.2789
2025-02-01,14,2025-01-12,75,291.96,-166.029545,457.989545,0.2748
2025-02-01,14,2025-01-12,76,159.2597,-67.604809,226.864509,0.1614
2025-02-01,14,2025-01-12,77,2.3793,-54.641164,57.020464,0.1934
2025-02-01,14,2025-01-12,78,-46.98,-47.625,0.645,0.3491
2025-02-01,14,2025-01-12,79,37.3018,206.296427,-168.994627,0.3426
2025-02-01,14,2025-01-12,80,25.0889,230.104827,-205.015927,0.2471
2025-02-01,14,2025-01-12,81,-60.26,9.177273,-69.437273,0.1996
2025-02-01,14,2025-01-12,82,-11.1337,11.514736,-22.648436,0.2626
2025-02-01,14,2025-01-12,83,-131.47,50.948882,-182.418882,0.3262
2025-02-01,14,2025-01-12,84,-401.55,14.955682,-416.505682,0.3111
2025-02-01,14,2025-01-12,85,-425.3206,4.571355,-429.891955,0.24
2025-02-01,14,2025-01-12,86,-137.6381,1.233927,-138.872027,0.2383
2025-02-01,14,2025-01-12,87,71.89,31.8375,40.0525,0.2911
2025-02-01,14,2025-01-12,88,-244.8223,142.564136,-387.386436,0.2694
2025-02-01,14,2025-01-12,89,-344.4562,154.310855,-498.767055,0.2429
2025-02-01,14,2025-01-12,90,-154.97,52.005682,-206.975682,0.2584
2025-02-01,14,2025-01-12,91,-288.6278,3.766882,-292.394682,0.2849
2025-02-01,14,2025-01-12,92,-234.812,24.398327,-259.210327,0.2836
2025-02-01,14,2025-01-12,93,68.17,59.860227,8.309773,0.2502
2025-02-01,14,2025-01-12,94,89.8343,56.822382,33.011918,0.2222
2025-02-01,14,2025-01-12,95,-103.9451,73.6083,-177.5534,0.2538
2025-02-01,14,2025-01-12,96,-205.67,116.638636,-322.308636,0.3245
2025-02-01,14,2025-01-12,97,21.9293,125.967427,-104.038127,0.3511
2025-02-01,14,2025-01-12,98,210.8983,97.765718,113.132582,0.313
2025-02-01,14,2025-01-12,99,143.31,67.718182,75.591818,0.2548
2025-02-01,14,2025-01-12,100,-49.3019,74.581082,-123.882982,0.2527
2025-02-01,14,2025-01-12,101,-63.1558,73.026673,-136.182473,0.3158
2025-02-01,14,2025-01-12,102,68.72,42.971591,25.748409,0.4023
2025-02-01,14,2025-01-12,103,53.4,0.7207,52.6793,0.4386
2025-02-01,14,2025-01-12,104,51.2895,-3.395318,54.684818,0.3624
2025-02-01,14,2025-01-12,105,38.05,0.0,38.05,0.2791
2025-02-01,14,2025-01-12,106,-151.6957,0.0,-151.6957,0.3465
2025-02-01,14,2025-01-12,107,-71.1826,-0.243773,-70.938827,0.2909
2025-02-01,14,2025-01-12,108,141.94,0.0,141.94,0.1143
2025-02-01,14,2025-01-12,109,-109.9283,0.0,-109.9283,0.1052
2025-02-01,14,2025-01-12,110,-321.1607,-0.017455,-321.143245,0.1639
2025-02-01,14,2025-01-12,111,-158.32,0.0,-158.32,0.1709
2025-02-01,14,2025-01-12,112,177.5715,0.0,177.5715,0.1245
2025-02-01,14,2025-01-12,113,197.3644,-0.001336,197.365736,0.1569
2025-02-01,14,2025-01-12,114,-82.61,0.0,-82.61,0.2447
2025-02-01,14,2025-01-12,115,-174.7548,0.0,-174.7548,0.2261
2025-02-01,14,2025-01-12,116,-9.8183,0.0,-9.8183,0.137
2025-02-01,14,2025-01-12,117,65.57,0.0,65.57,0.0635
2025-02-01,14,2025-01-12,118,-315.3439,0.0,-315.3439,0.0627
2025-02-01,14,2025-01-12,119,-415.3705,0.0,-415.3705,0.0805
2025-02-01,14,2025-01-12,120,-27.29,0.0,-27.29,0.0982
2025-02-01,14,2025-01-12,121,284.7898,0.0,284.7898,0.1445
2025-02-01,14,2025-01-12,122,136.501,0.0,136.501,0.1839
2025-02-01,14,2025-01-12,123,-169.7,0.0,-169.7,0.1901
2025-02-01,14,2025-01-12,124,8.0123,0.0,8.0123,0.1707
2025-02-01,14,2025-01-12,125,160.8762,0.0,160.8762,0.1652
2025-02-01,14,2025-01-12,126,29.66,0.0,29.66,0.1638
2025-02-01,14,2025-01-12,127,-124.6404,0.0,-124.6404,0.1295
2025-02-01,14,2025-01-12,128,-145.6417,0.0,-145.6417,0.1361
2025-02-01,14,2025-01-12,129,-113.63,0.0,-113.63,0.178
2025-02-01,14,2025-01-12,130,-196.8521,0.0,-196.8521,0.1748
2025-02-01,14,2025-01-12,131,-116.2059,0.0,-116.2059,0.1728
2025-02-01,14,2025-01-12,132,90.31,0.0,90.31,0.1814
2025-02-01,14,2025-01-12,133,84.9802,0.0,84.9802,0.1587
2025-02-01,14,2025-01-12,134,45.3649,0.0,45.3649,0.1355
2025-02-01,14,2025-01-12,135,41.45,0.0,41.45,0.1223
2025-02-01,14,2025-01-12,136,-28.3364,0.0,-28.3364,0.1002
2025-02-01,14,2025-01-12,137,2.2787,0.0,2.2787,0.089
2025-02-01,14,2025-01-12,138,131.48,0.0,131.48,0.1029
2025-02-01,14,2025-01-12,139,148.1082,0.0,148.1082,0.1313
2025-02-01,14,2025-01-12,140,-33.7292,0.0,-33.7292,0.1288
2025-02-01,14,2025-01-12,141,-196.6,0.0,-196.6,0.0976
2025-02-01,14,2025-01-12,142,-52.4515,0.0,-52.4515,0.0729
2025-02-01,14,2025-01-12,143,-76.7629,0.0,-76.7629,0.0055
2025-02-01,14,2025-01-12,144,-220.59,0.0,-220.59,-0.0405
2025-02-01,15,2025-01-05,1,1052.3192,0.0,1052.3192,0.159
2025-02-01,15,2025-01-05,2,976.3367,0.0,976.3367,0.1655
2025-02-01,15,2025-01-05,3,965.86,0.0,965.86,0.1199
2025-02-01,15,2025-01-05,4,1138.7828,0.0,1138.7828,0.1065
2025-02-01,15,2025-01-05,5,1162.583,0.0,1162.583,0.1078
2025-02-01,15,2025-01-05,6,961.84,0.0,961.84,0.1056
2025-02-01,15,2025-01-05,7,816.3888,0.0,816.3888,0.1074
2025-02-01,15,2025-01-05,8,935.1886,0.0,935.1886,0.1194
2025-02-01,15,2025-01-05,9,1080.72,0.0,1080.72,0.1398
2025-02-01,15,2025-01-05,10,839.0755,0.0,839.0755,0.1559
2025-02-01,15,2025-01-05,11,761.3592,0.0,761.3592,0.142
2025-02-01,15,2025-01-05,12,1001.07,0.0,1001.07,0.1187
2025-02-01,15,2025-01-05,13,1149.5837,0.0,1149.5837,0.1339
2025-02-01,15,2025-01-05,14,1128.9614,0.0,1128.9614,0.1444
2025-02-01,15,2025-01-05,15,1066.48,0.0,1066.48,0.1183
2025-02-01,15,2025-01-05,16,1117.6491,0.0,1117.6491,0.0756
2025-02-01,15,2025-01-05,17,1098.8385,0.0,1098.8385,0.0971
2025-02-01,15,2025-01-05,18,963.86,0.0,963.86,0.1235
2025-02-01,15,2025-01-05,19,866.166,0.0,866.166,0.0283
2025-02-01,15,2025-01-05,20,860.9182,0.0,860.9182,0.0217
2025-02-01,15,2025-01-05,21,910.96,0.0,910.96,0.1156
2025-02-01,15,2025-01-05,22,931.5591,0.0,931.5591,0.108
2025-02-01,15,2025-01-05,23,913.7368,0.0,913.7368,0.0728
2025-02-01,15,2025-01-05,24,979.54,0.0,979.54,0.0918
2025-02-01,15,2025-01-05,25,1200.0155,0.0,1200.0155,0.1453
2025-02-01,15,2025-01-05,26,1037.0269,0.0,1037.0269,0.0795
2025-02-01,15,2025-01-05,27,715.64,0.0,715.64,-0.0059
2025-02-01,15,2025-01-05,28,1008.5574,0.0,1008.5574,0.1357
2025-02-01,15,2025-01-05,29,1240.5286,0.0,1240.5286,0.2057
2025-02-01,15,2025-01-05,30,1010.11,0.0,1010.11,0.0971
2025-02-01,15,2025-01-05,31,621.826,-0.0005,621.8265,0.0084
2025-02-01,15,2025-01-05,32,590.8155,0.0,590.8155,0.0296
2025-02-01,15,2025-01-05,33,800.21,0.0,800.21,0.102
2025-02-01,15,2025-01-05,34,784.5955,-0.0073,784.6028,0.1058
2025-02-01,15,2025-01-05,35,1336.5434,0.0,1336.5434,0.1433
2025-02-01,15,2025-01-05,36,2249.21,0.0,2249.21,0.2351
2025-02-01,15,2025-01-05,37,2372.8829,-0.1022,2372.9851,0.2817
2025-02-01,15,2025-01-05,38,2065.6627,0.0,2065.6627,0.2611
2025-02-01,15,2025-01-05,39,1937.35,0.0,1937.35,0.2212
2025-02-01,15,2025-01-05,40,2186.0781,-1.4242,2187.5023,0.2224
2025-02-01,15,2025-01-05,41,1977.2584,0.0,1977.2584,0.1845
2025-02-01,15,2025-01-05,42,1467.51,0.6375,1466.8725,0.1277
2025-02-01,15,2025-01-05,43,1632.3725,-35.9181,1668.2906,0.1583
2025-02-01,15,2025-01-05,44,1769.2011,-79.3923,1848.5934,0.1847
2025-02-01,15,2025-01-05,45,1596.15,-101.3625,1697.5125,0.184
2025-02-01,15,2025-01-05,46,1682.4921,-97.2805,1779.7726,0.2308
2025-02-01,15,2025-01-05,47,2539.2309,-108.0306,2647.2615,0.3071
2025-02-01,15,2025-01-05,48,3595.23,-97.1625,3692.3925,0.3384
2025-02-01,15,2025-01-05,49,3693.2994,5.1642,3688.1352,0.276
2025-02-01,15,2025-01-05,50,3533.1841,56.7783,3476.4058,0.2892
2025-02-01,15,2025-01-05,51,3571.64,59.4,3512.24,0.3467
2025-02-01,15,2025-01-05,52,3542.445,138.3782,3404.0668,0.2596
2025-02-01,15,2025-01-05,53,3183.8703,131.5189,3052.3514,0.2188
2025-02-01,15,2025-01-05,54,2720.95,16.6875,2704.2625,0.2754
2025-02-01,15,2025-01-05,55,2666.2366,-58.7667,2725.0033,0.291
2025-02-01,15,2025-01-05,56,2779.7009,-122.1253,2901.8262,0.3168
2025-02-01,15,2025-01-05,57,2816.86,-157.7625,2974.6225,0.3398
2025-02-01,15,2025-01-05,58,2746.1522,-75.719,2821.8712,0.2762
2025-02-01,15,2025-01-05,59,2630.7564,147.7134,2483.043,0.2126
2025-02-01,15,2025-01-05,60,2528.72,338.6625,2190.0575,0.1942
2025-02-01,15,2025-01-05,61,2496.2656,243.8201,2252.4455,0.1984
2025-02-01,15,2025-01-05,62,2672.0045,10.8951,2661.1094,0.2641
2025-02-01,15,2025-01-05,63,2822.47,-142.05,2964.52,0.3497
2025-02-01,15,2025-01-05,64,2562.1649,-122.8353,2685.0002,0.3436
2025-02-01,15,2025-01-05,65,2445.1079,-201.1661,2646.274,0.2512
2025-02-01,15,2025-01-05,66,2713.1,-415.4625,3128.5625,0.183
2025-02-01,15,2025-01-05,67,3024.9546,-565.9302,3590.8848,0.2595
2025-02-01,15,2025-01-05,68,2939.5773,-769.7577,3709.335,0.3404
2025-02-01,15,2025-01-05,69,2597.04,-867.7875,3464.8275,0.3424
2025-02-01,15,2025-01-05,70,2532.3365,-533.7422,3066.0787,0.3079
2025-02-01,15,2025-01-05,71,2479.7449,-197.3741,2677.119,0.2908
2025-02-01,15,2025-01-05,72,2420.25,-208.725,2628.975,0.3077
2025-02-01,15,2025-01-05,73,2584.365,-511.2206,3095.5856,0.3274
2025-02-01,15,2025-01-05,74,2423.458,-543.2101,2966.6681,0.2892
2025-02-01,15,2025-01-05,75,2023.21,-318.9375,2342.1475,0.2175
2025-02-01,15,2025-01-05,76,2092.4271,-313.2979,2405.725,0.2068
2025-02-01,15,2025-01-05,77,2494.9049,-79.2568,2574.1617,0.2639
2025-02-01,15,2025-01-05,78,2847.0,337.3125,2509.6875,0.3103
2025-02-01,15,2025-01-05,79,2816.7336,365.5643,2451.1693,0.2506
2025-02-01,15,2025-01-05,80,2407.4584,251.8394,2155.619,0.1656
2025-02-01,15,2025-01-05,81,2175.22,290.5875,1884.6325,0.1557
2025-02-01,15,2025-01-05,82,2739.8448,472.5673,2267.2775,0.2581
2025-02-01,15,2025-01-05,83,3144.3368,266.6458,2877.691,0.3619
2025-02-01,15,2025-01-05,84,2994.79,-168.4125,3163.2025,0.3842
2025-02-01,15,2025-01-05,85,2777.9458,-115.4522,2893.398,0.3286
2025-02-01,15,2025-01-05,86,2652.3466,111.2881,2541.0585,0.2825
2025-02-01,15,2025-01-05,87,2660.98,142.4625,2518.5175,0.2739
2025-02-01,15,2025-01-05,88,2772.9155,-64.6016,2837.5171,0.258
2025-02-01,15,2025-01-05,89,2767.6195,-113.2683,2880.8878,0.2207
2025-02-01,15,2025-01-05,90,2703.98,35.5875,2668.3925,0.2119
2025-02-01,15,2025-01-05,91,2823.0462,69.2633,2753.7829,0.2938
2025-02-01,15,2025-01-05,92,2808.994,117.1652,2691.8288,0.3578
2025-02-01,15,2025-01-05,93,2675.57,182.625,2492.945,0.3308
2025-02-01,15,2025-01-05,94,2743.8603,115.2478,2628.6125,0.2511
2025-02-01,15,2025-01-05,95,2697.1615,104.6423,2592.5192,0.2704
2025-02-01,15,2025-01-05,96,2562.84,156.5625,2406.2775,0.3418
2025-02-01,15,2025-01-05,97,2681.6818,84.1218,2597.56,0.2744
2025-02-01,15,2025-01-05,98,2641.3232,9.8921,2631.4311,0.1977
2025-02-01,15,2025-01-05,99,2472.53,-0.3375,2472.8675,0.1896
2025-02-01,15,2025-01-05,100,2682.0509,-3.7391,2685.79,0.2112
2025-02-01,15,2025-01-05,101,3131.0221,-1.5085,3132.5306,0.2873
2025-02-01,15,2025-01-05,102,3477.65,4.6125,3473.0375,0.3555
2025-02-01,15,2025-01-05,103,3467.6342,0.0,3467.6342,0.3087
2025-02-01,15,2025-01-05,104,3334.0097,-0.7712,3334.7809,0.2708
2025-02-01,15,2025-01-05,105,3415.17,0.0,3415.17,0.2996
2025-02-01,15,2025-01-05,106,3695.5768,0.0,3695.5768,0.3199
2025-02-01,15,2025-01-05,107,2903.4979,-0.0553,2903.5532,0.2319
2025-02-01,15,2025-01-05,108,1549.04,0.0,1549.04,0.1261
2025-02-01,15,2025-01-05,109,1484.0832,0.0,1484.0832,0.183
2025-02-01,15,2025-01-05,110,1604.3122,-0.0039,1604.3161,0.1789
2025-02-01,15,2025-01-05,111,1397.34,0.0,1397.34,0.0949
2025-02-01,15,2025-01-05,112,1507.7962,0.0,1507.7962,0.1388
2025-02-01,15,2025-01-05,113,1794.4823,-0.0003,1794.4826,0.2018
2025-02-01,15,2025-01-05,114,1953.44,0.0,1953.44,0.205
2025-02-01,15,2025-01-05,115,1804.8218,0.0,1804.8218,0.1854
2025-02-01,15,2025-01-05,116,1478.7891,0.0,1478.7891,0.1892
2025-02-01,15,2025-01-05,117,1361.53,0.0,1361.53,0.2031
2025-02-01,15,2025-01-05,118,1742.6546,0.0,1742.6546,0.1826
2025-02-01,15,2025-01-05,119,1846.5424,0.0,1846.5424,0.1933
2025-02-01,15,2025-01-05,120,1478.11,0.0,1478.11,0.1942
2025-02-01,15,2025-01-05,121,1224.9481,0.0,1224.9481,0.0947
2025-02-01,15,2025-01-05,122,1389.1955,0.0,1389.1955,0.1266
2025-02-01,15,2025-01-05,123,1716.81,0.0,1716.81,0.2325
2025-02-01,15,2025-01-05,124,1666.6873,0.0,1666.6873,0.1288
2025-02-01,15,2025-01-05,125,1446.7109,0.0,1446.7109,0.0987
2025-02-01,15,2025-01-05,126,1349.84,0.0,1349.84,0.1845
2025-02-01,15,2025-01-05,127,1470.0723,0.0,1470.0723,0.1484
2025-02-01,15,2025-01-05,128,1549.065,0.0,1549.065,0.1666
2025-02-01,15,2025-01-05,129,1558.18,0.0,1558.18,0.253
2025-02-01,15,2025-01-05,130,1642.8118,0.0,1642.8118,0.218
2025-02-01,15,2025-01-05,131,1404.8792,0.0,1404.8792,0.1348
2025-02-01,15,2025-01-05,132,917.36,0.0,917.36,0.0828
2025-02-01,15,2025-01-05,133,718.1991,0.0,718.1991,0.0698
2025-02-01,15,2025-01-05,134,764.4851,0.0,764.4851,0.0718
2025-02-01,15,2025-01-05,135,881.95,0.0,881.95,0.077
2025-02-01,15,2025-01-05,136,951.0196,0.0,951.0196,0.087
2025-02-01,15,2025-01-05,137,986.3134,0.0,986.3134,0.0758
2025-02-01,15,2025-01-05,138,983.06,0.0,983.06,0.0579
2025-02-01,15,2025-01-05,139,896.3526,0.0,896.3526,0.0774
2025-02-01,15,2025-01-05,140,741.7972,0.0,741.7972,0.1071
2025-02-01,15,2025-01-05,141,782.81,0.0,782.81,0.1201
2025-02-01,15,2025-01-05,142,1189.4708,0.0,1189.4708,0.1117
2025-02-01,15,2025-01-05,143,897.1031,0.0,897.1031,0.0877
2025-02-01,15,2025-01-05,144,54.01,0.0,54.01,0.0227
2025-02-01,16,2025-01-26,1,-203.0449,0.0,-203.0449,0.1216
2025-02-01,16,2025-01-26,2,44.9884,0.0,44.9884,0.0679
2025-02-01,16,2025-01-26,3,35.08,0.0,35.08,0.0569
2025-02-01,16,2025-01-26,4,-198.3146,0.0,-198.3146,0.0937
2025-02-01,16,2025-01-26,5,-186.2215,0.0,-186.2215,0.1229
2025-02-01,16,2025-01-26,6,40.41,0.0,40.41,0.1208
2025-02-01,16,2025-01-26,7,15.8328,0.0,15.8328,0.1076
2025-02-01,16,2025-01-26,8,-53.6818,0.0,-53.6818,0.0947
2025-02-01,16,2025-01-26,9,-65.81,0.0,-65.81,0.0889
2025-02-01,16,2025-01-26,10,-147.9819,0.0,-147.9819,0.0977
2025-02-01,16,2025-01-26,11,-231.7332,0.0,-231.7332,0.1365
2025-02-01,16,2025-01-26,12,-185.94,0.0,-185.94,0.181
2025-02-01,16,2025-01-26,13,28.4354,0.0,28.4354,0.1792
2025-02-01,16,2025-01-26,14,61.3777,0.0,61.3777,0.1374
2025-02-01,16,2025-01-26,15,-38.86,0.0,-38.86,0.1058
2025-02-01,16,2025-01-26,16,75.0533,0.0,75.0533,0.1228
2025-02-01,16,2025-01-26,17,-9.8222,0.0,-9.8222,0.0717
2025-02-01,16,2025-01-26,18,-310.15,0.0,-310.15,-0.0067
2025-02-01,16,2025-01-26,19,-350.4095,0.0,-350.4095,0.0444
2025-02-01,16,2025-01-26,20,-63.3982,0.0,-63.3982,0.0671
2025-02-01,16,2025-01-26,21,284.48,0.0,284.48,0.0256
2025-02-01,16,2025-01-26,22,319.4034,0.0,319.4034,0.046
2025-02-01,16,2025-01-26,23,141.0995,0.0,141.0995,0.0942
2025-02-01,16,2025-01-26,24,41.28,0.0,41.28,0.1141
2025-02-01,16,2025-01-26,25,212.8427,0.0,212.8427,0.0926
2025-02-01,16,2025-01-26,26,198.0267,0.0,198.0267,0.1057
2025-02-01,16,2025-01-26,27,37.53,0.0,37.53,0.1632
2025-02-01,16,2025-01-26,28,199.0513,0.0,199.0513,0.1911
2025-02-01,16,2025-01-26,29,237.094,0.00106,237.09294,0.1381
2025-02-01,16,2025-01-26,30,71.71,0.0,71.71,0.0693
2025-02-01,16,2025-01-26,31,66.8168,-0.000528,66.817328,0.1021
2025-02-01,16,2025-01-26,32,-19.1292,0.012084,-19.141284,0.1244
2025-02-01,16,2025-01-26,33,-49.6,0.0,-49.6,0.0737
2025-02-01,16,2025-01-26,34,350.8976,-0.0093,350.9069,0.0158
2025-02-01,16,2025-01-26,35,413.4057,0.168184,413.237516,0.0899
2025-02-01,16,2025-01-26,36,74.74,0.0,74.74,0.209
2025-02-01,16,2025-01-26,37,33.0471,-0.130412,33.177512,0.1575
2025-02-01,16,2025-01-26,38,53.2398,2.342132,50.897668,0.1649
2025-02-01,16,2025-01-26,39,-58.38,0.0,-58.38,0.2579
2025-02-01,16,2025-01-26,40,-176.6275,-1.816344,-174.811156,0.2242
2025-02-01,16,2025-01-26,41,-59.5562,38.343968,-97.900168,0.1604
2025-02-01,16,2025-01-26,42,194.03,142.044,51.986,0.1786
2025-02-01,16,2025-01-26,43,259.8559,159.62318,100.23272,0.2727
2025-02-01,16,2025-01-26,44,361.019,134.87774,226.14126,0.241
2025-02-01,16,2025-01-26,45,453.2,122.88,330.32,0.0974
2025-02-01,16,2025-01-26,46,231.0939,142.03702,89.05688,0.0737
2025-02-01,16,2025-01-26,47,-28.4904,173.354456,-201.844856,0.208
2025-02-01,16,2025-01-26,48,-60.42,208.524,-268.944,0.3601
2025-02-01,16,2025-01-26,49,131.6279,249.019936,-117.392036,0.3511
2025-02-01,16,2025-01-26,50,141.7659,260.68854,-118.92264,0.3478
2025-02-01,16,2025-01-26,51,62.83,295.6995,-232.8695,0.393
2025-02-01,16,2025-01-26,52,321.9041,425.8989,-103.9948,0.3634
2025-02-01,16,2025-01-26,53,327.5846,434.02396,-106.43936,0.3184
2025-02-01,16,2025-01-26,54,12.41,347.394,-334.984,0.2811
2025-02-01,16,2025-01-26,55,-68.3937,420.970948,-489.364648,0.2199
2025-02-01,16,2025-01-26,56,-3.5353,552.545312,-556.080612,0.2136
2025-02-01,16,2025-01-26,57,81.45,635.646,-554.196,0.267
2025-02-01,16,2025-01-26,58,144.1269,634.395744,-490.268844,0.3013
2025-02-01,16,2025-01-26,59,-33.0328,452.992184,-486.024984,0.3126
2025-02-01,16,2025-01-26,60,-174.9,248.0715,-422.9715,0.3141
2025-02-01,16,2025-01-26,61,188.0684,312.832984,-124.764584,0.3097
2025-02-01,16,2025-01-26,62,203.9733,421.696748,-217.723448,0.2851
2025-02-01,16,2025-01-26,63,-121.86,410.7075,-532.5675,0.2713
2025-02-01,16,2025-01-26,64,10.5774,324.092352,-313.514952,0.3194
2025-02-01,16,2025-01-26,65,-138.8475,259.675904,-398.523404,0.3609
2025-02-01,16,2025-01-26,66,-454.69,279.78,-734.47,0.3667
2025-02-01,16,2025-01-26,67,-50.7461,341.5933,-392.3394,0.3666
2025-02-01,16,2025-01-26,68,84.4223,187.812396,-103.390096,0.3455
2025-02-01,16,2025-01-26,69,-220.97,-60.393,-160.577,0.3089
2025-02-01,16,2025-01-26,70,-148.5805,-21.340812,-127.239688,0.2906
2025-02-01,16,2025-01-26,71,-87.7987,15.871088,-103.669788,0.3062
2025-02-01,16,2025-01-26,72,-90.45,-103.179,12.729,0.3338
2025-02-01,16,2025-01-26,73,207.6637,-254.546464,462.210164,0.3426
2025-02-01,16,2025-01-26,74,253.577,-426.811036,680.388036,0.3897
2025-02-01,16,2025-01-26,75,27.65,-583.941,611.591,0.4087
2025-02-01,16,2025-01-26,76,55.8882,-658.826376,714.714576,0.2834
2025-02-01,16,2025-01-26,77,-9.0799,-681.26978,672.18988,0.2719
2025-02-01,16,2025-01-26,78,-212.6,-632.1105,419.5105,0.3752
2025-02-01,16,2025-01-26,79,-208.2959,-449.470816,241.174916,0.3501
2025-02-01,16,2025-01-26,80,-186.542,-195.594348,9.052348,0.3723
2025-02-01,16,2025-01-26,81,-211.94,40.9605,-252.9005,0.4432
2025-02-01,16,2025-01-26,82,-149.8754,177.900604,-327.776004,0.3742
2025-02-01,16,2025-01-26,83,-121.7266,144.044048,-265.770648,0.3374
2025-02-01,16,2025-01-26,84,-83.06,56.412,-139.472,0.3818
2025-02-01,16,2025-01-26,85,127.8286,115.9772,11.8514,0.377
2025-02-01,16,2025-01-26,86,221.9085,129.144336,92.764164,0.3369
2025-02-01,16,2025-01-26,87,47.53,64.89,-17.36,0.3021
2025-02-01,16,2025-01-26,88,-258.5726,75.275028,-333.847628,0.2949
2025-02-01,16,2025-01-26,89,-424.2432,5.698072,-429.941272,0.3096
2025-02-01,16,2025-01-26,90,-319.75,-59.2305,-260.5195,0.3472
2025-02-01,16,2025-01-26,91,-26.686,135.254932,-161.940932,0.3943
2025-02-01,16,2025-01-26,92,226.7589,265.25702,-38.49812,0.3367
2025-02-01,16,2025-01-26,93,284.33,218.04,66.29,0.2406
2025-02-01,16,2025-01-26,94,138.8569,191.167444,-52.310544,0.2932
2025-02-01,16,2025-01-26,95,-47.5898,187.186212,-234.776012,0.3448
2025-02-01,16,2025-01-26,96,-80.64,181.125,-261.765,0.3279
2025-02-01,16,2025-01-26,97,99.5734,175.87268,-76.29928,0.3197
2025-02-01,16,2025-01-26,98,74.4458,184.245044,-109.799244,0.3083
2025-02-01,16,2025-01-26,99,-143.93,203.559,-347.489,0.2856
2025-02-01,16,2025-01-26,100,-109.8625,215.524236,-325.386736,0.2685
2025-02-01,16,2025-01-26,101,148.2327,209.374096,-61.141396,0.2616
2025-02-01,16,2025-01-26,102,303.68,156.822,146.858,0.2794
2025-02-01,16,2025-01-26,103,70.0952,39.53512,30.56008,0.3307
2025-02-01,16,2025-01-26,104,-12.3454,-1.853748,-10.491652,0.3546
2025-02-01,16,2025-01-26,105,137.36,0.0,137.36,0.356
2025-02-01,16,2025-01-26,106,72.4039,2.383676,70.020224,0.373
2025-02-01,16,2025-01-26,107,-95.9047,-0.133084,-95.771616,0.2571
2025-02-01,16,2025-01-26,108,-144.43,0.0,-144.43,0.1024
2025-02-01,16,2025-01-26,109,-8.7448,0.171164,-8.915964,0.1658
2025-02-01,16,2025-01-26,110,-86.8868,-0.009552,-86.877248,0.2104
2025-02-01,16,2025-01-26,111,-159.38,0.0,-159.38,0.1549
2025-02-01,16,2025-01-26,112,317.6351,0.012396,317.622704,0.1527
2025-02-01,16,2025-01-26,113,317.7736,-0.000588,317.774188,0.1643
2025-02-01,16,2025-01-26,114,-148.25,0.0,-148.25,0.1571
2025-02-01,16,2025-01-26,115,-52.9597,0.001056,-52.960756,0.1555
2025-02-01,16,2025-01-26,116,-13.4285,0.0,-13.4285,0.1741
2025-02-01,16,2025-01-26,117,-180.42,0.0,-180.42,0.2049
2025-02-01,16,2025-01-26,118,-43.1724,0.0,-43.1724,0.2189
2025-02-01,16,2025-01-26,119,9.2081,0.0,9.2081,0.1871
2025-02-01,16,2025-01-26,120,-32.64,0.0,-32.64,0.1456
2025-02-01,16,2025-01-26,121,182.9644,0.0,182.9644,0.1658
2025-02-01,16,2025-01-26,122,37.584,0.0,37.584,0.2057
2025-02-01,16,2025-01-26,123,-339.54,0.0,-339.54,0.2202
2025-02-01,16,2025-01-26,124,-148.5658,0.0,-148.5658,0.2001
2025-02-01,16,2025-01-26,125,123.6594,0.0,123.6594,0.1728
2025-02-01,16,2025-01-26,126,84.31,0.0,84.31,0.1629
2025-02-01,16,2025-01-26,127,-154.2292,0.0,-154.2292,0.1716
2025-02-01,16,2025-01-26,128,-187.7058,0.0,-187.7058,0.1535
2025-02-01,16,2025-01-26,129,-52.69,0.0,-52.69,0.1152
2025-02-01,16,2025-01-26,130,-127.1855,0.0,-127.1855,0.1083
2025-02-01,16,2025-01-26,131,-134.7421,0.0,-134.7421,0.1129
2025-02-01,16,2025-01-26,132,1.33,0.0,1.33,0.1102
2025-02-01,16,2025-01-26,133,31.5643,0.0,31.5643,0.1006
2025-02-01,16,2025-01-26,134,-112.258,0.0,-112.258,0.0822
2025-02-01,16,2025-01-26,135,-221.51,0.0,-221.51,0.0806
2025-02-01,16,2025-01-26,136,-35.7148,0.0,-35.7148,0.1212
2025-02-01,16,2025-01-26,137,24.3893,0.0,24.3893,0.1244
2025-02-01,16,2025-01-26,138,-150.05,0.0,-150.05,0.0963
2025-02-01,16,2025-01-26,139,-217.8917,0.0,-217.8917,0.1118
2025-02-01,16,2025-01-26,140,6.8713,0.0,6.8713,0.0738
2025-02-01,16,2025-01-26,141,294.14,0.0,294.14,0.0133
2025-02-01,16,2025-01-26,142,228.1745,0.0,228.1745,0.069
2025-02-01,16,2025-01-26,143,120.9408,0.0,120.9408,0.124
2025-02-01,16,2025-01-26,144,67.52,0.0,67.52,0.088
2025-02-01,17,2025-01-12,1,198.5736,0.0,198.5736,0.1336
2025-02-01,17,2025-01-12,2,76.9967,0.0,76.9967,0.0574
2025-02-01,17,2025-01-12,3,-190.06,0.0,-190.06,0.0459
2025-02-01,17,2025-01-12,4,-39.1283,0.0,-39.1283,0.1815
2025-02-01,17,2025-01-12,5,43.4471,0.0,43.4471,0.2282
2025-02-01,17,2025-01-12,6,-129.78,0.0,-129.78,0.1283
2025-02-01,17,2025-01-12,7,-218.4709,0.0,-218.4709,0.0599
2025-02-01,17,2025-01-12,8,-60.0685,0.0,-60.0685,0.1021
2025-02-01,17,2025-01-12,9,206.14,0.0,206.14,0.1572
2025-02-01,17,2025-01-12,10,260.9485,0.0,260.9485,0.0683
2025-02-01,17,2025-01-12,11,74.9096,0.0,74.9096,0.0253
2025-02-01,17,2025-01-12,12,-195.46,0.0,-195.46,0.1039
2025-02-01,17,2025-01-12,13,-330.6979,0.0,-330.6979,0.1792
2025-02-01,17,2025-01-12,14,-304.0288,0.0,-304.0288,0.1452
2025-02-01,17,2025-01-12,15,-170.13,0.0,-170.13,0.0716
2025-02-01,17,2025-01-12,16,-13.4839,0.0,-13.4839,0.1171
2025-02-01,17,2025-01-12,17,91.0122,0.0,91.0122,0.1313
2025-02-01,17,2025-01-12,18,83.64,0.0,83.64,0.0774
2025-02-01,17,2025-01-12,19,-26.4454,0.0,-26.4454,0.0718
2025-02-01,17,2025-01-12,20,-18.5406,0.0,-18.5406,0.0725
2025-02-01,17,2025-01-12,21,57.22,0.0,57.22,0.0615
2025-02-01,17,2025-01-12,22,-63.0639,0.0,-63.0639,0.0674
2025-02-01,17,2025-01-12,23,-209.4331,0.0,-209.4331,0.0524
2025-02-01,17,2025-01-12,24,-223.41,0.0,-223.41,0.0451
2025-02-01,17,2025-01-12,25,-82.767,0.0,-82.767,0.1106
2025-02-01,17,2025-01-12,26,173.2766,0.0,173.2766,0.1297
2025-02-01,17,2025-01-12,27,253.65,0.0,253.65,0.094
2025-02-01,17,2025-01-12,28,-135.1269,0.0,-135.1269,0.104
2025-02-01,17,2025-01-12,29,-370.6454,0.0,-370.6454,0.0762
2025-02-01,17,2025-01-12,30,-187.29,0.0,-187.29,0.0509
2025-02-01,17,2025-01-12,31,115.9796,-0.0012,115.9808,0.1527
2025-02-01,17,2025-01-12,32,335.7814,0.0,335.7814,0.1663
2025-02-01,17,2025-01-12,33,307.36,0.0,307.36,0.0768
2025-02-01,17,2025-01-12,34,-10.9013,-0.021136,-10.880164,0.0924
2025-02-01,17,2025-01-12,35,-217.4169,0.0,-217.4169,0.1644
2025-02-01,17,2025-01-12,36,-170.46,0.0,-170.46,0.2102
2025-02-01,17,2025-01-12,37,-64.4131,-0.286436,-64.126664,0.2004
2025-02-01,17,2025-01-12,38,42.3551,0.0,42.3551,0.1826
2025-02-01,17,2025-01-12,39,88.11,0.0,88.11,0.1961
2025-02-01,17,2025-01-12,40,21.1699,-3.990118,25.160018,0.2256
2025-02-01,17,2025-01-12,41,-15.7749,2.2026,-17.9775,0.159
2025-02-01,17,2025-01-12,42,-95.03,40.564773,-135.594773,0.0607
2025-02-01,17,2025-01-12,43,-354.0293,50.945718,-404.975018,0.1135
2025-02-01,17,2025-01-12,44,-177.3664,47.932973,-225.299373,0.1709
2025-02-01,17,2025-01-12,45,267.26,44.935227,222.324773,0.1242
2025-02-01,17,2025-01-12,46,147.9402,50.1735,97.7667,0.0347
2025-02-01,17,2025-01-12,47,-143.097,57.107927,-200.204927,0.143
2025-02-01,17,2025-01-12,48,-258.15,57.006818,-315.156818,0.3595
2025-02-01,17,2025-01-12,49,-222.7252,53.411045,-276.136245,0.3568
2025-02-01,17,2025-01-12,50,-109.2245,89.570136,-198.794636,0.3428
2025-02-01,17,2025-01-12,51,21.77,140.086364,-118.316364,0.3885
2025-02-01,17,2025-01-12,52,115.7505,119.687109,-3.936609,0.3534
2025-02-01,17,2025-01-12,53,70.9675,20.938291,50.029209,0.3375
2025-02-01,17,2025-01-12,54,-72.68,-72.582955,-0.097045,0.3194
2025-02-01,17,2025-01-12,55,-165.3028,-55.242745,-110.060055,0.1833
2025-02-01,17,2025-01-12,56,-227.1142,-15.987745,-211.126455,0.1583
2025-02-01,17,2025-01-12,57,-217.04,-94.469318,-122.570682,0.2601
2025-02-01,17,2025-01-12,58,-57.6996,-337.225382,279.525782,0.2775
2025-02-01,17,2025-01-12,59,57.3645,-428.533527,485.898027,0.2885
2025-02-01,17,2025-01-12,60,-1.02,-310.656818,309.636818,0.3236
2025-02-01,17,2025-01-12,61,-173.2248,-226.844045,53.619245,0.314
2025-02-01,17,2025-01-12,62,-192.4768,-226.501664,34.024864,0.2879
2025-02-01,17,2025-01-12,63,-83.33,-226.547727,143.217727,0.2871
2025-02-01,17,2025-01-12,64,-88.6464,-145.209173,56.562773,0.3244
2025-02-01,17,2025-01-12,65,18.3615,-210.309736,228.671236,0.3402
2025-02-01,17,2025-01-12,66,46.15,-354.225,400.375,0.3008
2025-02-01,17,2025-01-12,67,-387.4458,-267.672591,-119.773209,0.2341
2025-02-01,17,2025-01-12,68,-328.4063,-160.888618,-167.517682,0.2323
2025-02-01,17,2025-01-12,69,167.77,-178.694318,346.464318,0.2857
2025-02-01,17,2025-01-12,70,57.0695,-261.302409,318.371909,0.2923
2025-02-01,17,2025-01-12,71,-272.6318,-328.672864,56.041064,0.2551
2025-02-01,17,2025-01-12,72,-334.11,-311.076136,-23.033864,0.2193
2025-02-01,17,2025-01-12,73,-34.2454,-198.488445,164.243045,0.232
2025-02-01,17,2025-01-12,74,249.258,-156.870791,406.128791,0.2789
2025-02-01,17,2025-01-12,75,291.96,-166.029545,457.989545,0.2748
2025-02-01,17,2025-01-12,76,159.2597,-67.604809,226.864509,0.1614
2025-02-01,17,2025-01-12,77,2.3793,-54.641164,57.020464,0.1934
2025-02-01,17,2025-01-12,78,-46.98,-47.625,0.645,0.3491
2025-02-01,17,2025-01-12,79,37.3018,206.296427,-168.994627,0.3426
2025-02-01,17,2025-01-12,80,25.0889,230.104827,-205.015927,0.2471
2025-02-01,17,2025-01-12,81,-60.26,9.177273,-69.437273,0.1996
2025-02-01,17,2025-01-12,82,-11.1337,11.514736,-22.648436,0.2626
2025-02-01,17,2025-01-12,83,-131.47,50.948882,-182.418882,0.3262
2025-02-01,17,2025-01-12,84,-401.55,14.955682,-416.505682,0.3111
2025-02-01,17,2025-01-12,85,-425.3206,4.571355,-429.891955,0.24
2025-02-01,17,2025-01-12,86,-137.6381,1.233927,-138.872027,0.2383
2025-02-01,17,2025-01-12,87,71.89,31.8375,40.0525,0.2911
2025-02-01,17,2025-01-12,88,-244.8223,142.564136,-387.386436,0.2694
2025-02-01,17,2025-01-12,89,-344.4562,154.310855,-498.767055,0.2429
2025-02-01,17,2025-01-12,90,-154.97,52.005682,-206.975682,0.2584
2025-02-01,17,2025-01-12,91,-288.6278,3.766882,-292.394682,0.2849
2025-02-01,17,2025-01-12,92,-234.812,24.398327,-259.210327,0.2836
2025-02-01,17,2025-01-12,93,68.17,59.860227,8.309773,0.2502
2025-02-01,17,2025-01-12,94,89.8343,56.822382,33.011918,0.2222
2025-02-01,17,2025-01-12,95,-103.9451,73.6083,-177.5534,0.2538
2025-02-01,17,2025-01-12,96,-205.67,116.638636,-322.308636,0.3245
2025-02-01,17,2025-01-12,97,21.9293,125.967427,-104.038127,0.3511
2025-02-01,17,2025-01-12,98,210.8983,97.765718,113.132582,0.313
2025-02-01,17,2025-01-12,99,143.31,67.718182,75.591818,0.2548
2025-02-01,17,2025-01-12,100,-49.3019,74.581082,-123.882982,0.2527
2025-02-01,17,2025-01-12,101,-63.1558,73.026673,-136.182473,0.3158
2025-02-01,17,2025-01-12,102,68.72,42.971591,25.748409,0.4023
2025-02-01,17,2025-01-12,103,53.4,0.7207,52.6793,0.4386
2025-02-01,17,2025-01-12,104,51.2895,-3.395318,54.684818,0.3624
2025-02-01,17,2025-01-12,105,38.05,0.0,38.05,0.2791
2025-02-01,17,2025-01-12,106,-151.6957,0.0,-151.6957,0.3465
2025-02-01,17,2025-01-12,107,-71.1826,-0.243773,-70.938827,0.2909
2025-02-01,17,2025-01-12,108,141.94,0.0,141.94,0.1143
2025-02-01,17,2025-01-12,109,-109.9283,0.0,-109.9283,0.1052
2025-02-01,17,2025-01-12,110,-321.1607,-0.017455,-321.143245,0.1639
2025-02-01,17,2025-01-12,111,-158.32,0.0,-158.32,0.1709
2025-02-01,17,2025-01-12,112,177.5715,0.0,177.5715,0.1245
2025-02-01,17,2025-01-12,113,197.3644,-0.001336,197.365736,0.1569
2025-02-01,17,2025-01-12,114,-82.61,0.0,-82.61,0.2447
2025-02-01,17,2025-01-12,115,-174.7548,0.0,-174.7548,0.2261
2025-02-01,17,2025-01-12,116,-9.8183,0.0,-9.8183,0.137
2025-02-01,17,2025-01-12,117,65.57,0.0,65.57,0.0635
2025-02-01,17,2025-01-12,118,-315.3439,0.0,-315.3439,0.0627
2025-02-01,17,2025-01-12,119,-415.3705,0.0,-415.3705,0.0805
2025-02-01,17,2025-01-12,120,-27.29,0.0,-27.29,0.0982
2025-02-01,17,2025-01-12,121,284.7898,0.0,284.7898,0.1445
2025-02-01,17,2025-01-12,122,136.501,0.0,136.501,0.1839
2025-02-01,17,2025-01-12,123,-169.7,0.0,-169.7,0.1901
2025-02-01,17,2025-01-12,124,8.0123,0.0,8.0123,0.1707
2025-02-01,17,2025-01-12,125,160.8762,0.0,160.8762,0.1652
2025-02-01,17,2025-01-12,126,29.66,0.0,29.66,0.1638
2025-02-01,17,2025-01-12,127,-124.6404,0.0,-124.6404,0.1295
2025-02-01,17,2025-01-12,128,-145.6417,0.0,-145.6417,0.1361
2025-02-01,17,2025-01-12,129,-113.63,0.0,-113.63,0.178
2025-02-01,17,2025-01-12,130,-196.8521,0.0,-196.8521,0.1748
2025-02-01,17,2025-01-12,131,-116.2059,0.0,-116.2059,0.1728
2025-02-01,17,2025-01-12,132,90.31,0.0,90.31,0.1814
2025-02-01,17,2025-01-12,133,84.9802,0.0,84.9802,0.1587
2025-02-01,17,2025-01-12,134,45.3649,0.0,45.3649,0.1355
2025-02-01,17,2025-01-12,135,41.45,0.0,41.45,0.1223
2025-02-01,17,2025-01-12,136,-28.3364,0.0,-28.3364,0.1002
2025-02-01,17,2025-01-12,137,2.2787,0.0,2.2787,0.089
2025-02-01,17,2025-01-12,138,131.48,0.0,131.48,0.1029
2025-02-01,17,2025-01-12,139,148.1082,0.0,148.1082,0.1313
2025-02-01,17,2025-01-12,140,-33.7292,0.0,-33.7292,0.1288
2025-02-01,17,2025-01-12,141,-196.6,0.0,-196.6,0.0976
2025-02-01,17,2025-01-12,142,-52.4515,0.0,-52.4515,0.0729
2025-02-01,17,2025-01-12,143,-76.7629,0.0,-76.7629,0.0055
2025-02-01,17,2025-01-12,144,-220.59,0.0,-220.59,-0.0405
2025-02-01,18,2025-01-12,1,198.5736,0.0,198.5736,0.1336
2025-02-01,18,2025-01-12,2,76.9967,0.0,76.9967,0.0574
2025-02-01,18,2025-01-12,3,-190.06,0.0,-190.06,0.0459
2025-02-01,18,2025-01-12,4,-39.1283,0.0,-39.1283,0.1815
2025-02-01,18,2025-01-12,5,43.4471,0.0,43.4471,0.2282
2025-02-01,18,2025-01-12,6,-129.78,0.0,-129.78,0.1283
2025-02-01,18,2025-01-12,7,-218.4709,0.0,-218.4709,0.0599
2025-02-01,18,2025-01-12,8,-60.0685,0.0,-60.0685,0.1021
2025-02-01,18,2025-01-12,9,206.14,0.0,206.14,0.1572
2025-02-01,18,2025-01-12,10,260.9485,0.0,260.9485,0.0683
2025-02-01,18,2025-01-12,11,74.9096,0.0,74.9096,0.0253
2025-02-01,18,2025-01-12,12,-195.46,0.0,-195.46,0.1039
2025-02-01,18,2025-01-12,13,-330.6979,0.0,-330.6979,0.1792
2025-02-01,18,2025-01-12,14,-304.0288,0.0,-304.0288,0.1452
2025-02-01,18,2025-01-12,15,-170.13,0.0,-170.13,0.0716
2025-02-01,18,2025-01-12,16,-13.4839,0.0,-13.4839,0.1171
2025-02-01,18,2025-01-12,17,91.0122,0.0,91.0122,0.1313
2025-02-01,18,2025-01-12,18,83.64,0.0,83.64,0.0774
2025-02-01,18,2025-01-12,19,-26.4454,0.0,-26.4454,0.0718
2025-02-01,18,2025-01-12,20,-18.5406,0.0,-18.5406,0.0725
2025-02-01,18,2025-01-12,21,57.22,0.0,57.22,0.0615
2025-02-01,18,2025-01-12,22,-63.0639,0.0,-63.0639,0.0674
2025-02-01,18,2025-01-12,23,-209.4331,0.0,-209.4331,0.0524
2025-02-01,18,2025-01-12,24,-223.41,0.0,-223.41,0.0451
2025-02-01,18,2025-01-12,25,-82.767,0.0,-82.767,0.1106
2025-02-01,18,2025-01-12,26,173.2766,0.0,173.2766,0.1297
2025-02-01,18,2025-01-12,27,253.65,0.0,253.65,0.094
2025-02-01,18,2025-01-12,28,-135.1269,0.0,-135.1269,0.104
2025-02-01,18,2025-01-12,29,-370.6454,0.0,-370.6454,0.0762
2025-02-01,18,2025-01-12,30,-187.29,0.0,-187.29,0.0509
2025-02-01,18,2025-01-12,31,115.9796,-0.0012,115.9808,0.1527
2025-02-01,18,2025-01-12,32,335.7814,0.0,335.7814,0.1663
2025-02-01,18,2025-01-12,33,307.36,0.0,307.36,0.0768
2025-02-01,18,2025-01-12,34,-10.9013,-0.021136,-10.880164,0.0924
2025-02-01,18,2025-01-12,35,-217.4169,0.0,-217.4169,0.1644
2025-02-01,18,2025-01-12,36,-170.46,0.0,-170.46,0.2102
2025-02-01,18,2025-01-12,37,-64.4131,-0.286436,-64.126664,0.2004
2025-02-01,18,2025-01-12,38,42.3551,0.0,42.3551,0.1826
2025-02-01,18,2025-01-12,39,88.11,0.0,88.11,0.1961
2025-02-01,18,2025-01-12,40,21.1699,-3.990118,25.160018,0.2256
2025-02-01,18,2025-01-12,41,-15.7749,2.2026,-17.9775,0.159
2025-02-01,18,2025-01-12,42,-95.03,40.564773,-135.594773,0.0607
2025-02-01,18,2025-01-12,43,-354.0293,50.945718,-404.975018,0.1135
2025-02-01,18,2025-01-12,44,-177.3664,47.932973,-225.299373,0.1709
2025-02-01,18,2025-01-12,45,267.26,44.935227,222.324773,0.1242
2025-02-01,18,2025-01-12,46,147.9402,50.1735,97.7667,0.0347
2025-02-01,18,2025-01-12,47,-143.097,57.107927,-200.204927,0.143
2025-02-01,18,2025-01-12,48,-258.15,57.006818,-315.156818,0.3595
2025-02-01,18,2025-01-12,49,-222.7252,53.411045,-276.136245,0.3568
2025-02-01,18,2025-01-12,50,-109.2245,89.570136,-198.794636,0.3428
2025-02-01,18,2025-01-12,51,21.77,140.086364,-118.316364,0.3885
2025-02-01,18,2025-01-12,52,115.7505,119.687109,-3.936609,0.3534
2025-02-01,18,2025-01-12,53,70.9675,20.938291,50.029209,0.3375
2025-02-01,18,2025-01-12,54,-72.68,-72.582955,-0.097045,0.3194
2025-02-01,18,2025-01-12,55,-165.3028,-55.242745,-110.060055,0.1833
2025-02-01,18,2025-01-12,56,-227.1142,-15.987745,-211.126455,0.1583
2025-02-01,18,2025-01-12,57,-217.04,-94.469318,-122.570682,0.2601
2025-02-01,18,2025-01-12,58,-57.6996,-337.225382,279.525782,0.2775
2025-02-01,18,2025-01-12,59,57.3645,-428.533527,485.898027,0.2885
2025-02-01,18,2025-01-12,60,-1.02,-310.656818,309.636818,0.3236
2025-02-01,18,2025-01-12,61,-173.2248,-226.844045,53.619245,0.314
2025-02-01,18,2025-01-12,62,-192.4768,-226.501664,34.024864,0.2879
2025-02-01,18,2025-01-12,63,-83.33,-226.547727,143.217727,0.2871
2025-02-01,18,2025-01-12,64,-88.6464,-145.209173,56.562773,0.3244
2025-02-01,18,2025-01-12,65,18.3615,-210.309736,228.671236,0.3402
2025-02-01,18,2025-01-12,66,46.15,-354.225,400.375,0.3008
2025-02-01,18,2025-01-12,67,-387.4458,-267.672591,-119.773209,0.2341
2025-02-01,18,2025-01-12,68,-328.4063,-160.888618,-167.517682,0.2323
2025-02-01,18,2025-01-12,69,167.77,-178.694318,346.464318,0.2857
2025-02-01,18,2025-01-12,70,57.0695,-261.302409,318.371909,0.2923
2025-02-01,18,2025-01-12,71,-272.6318,-328.672864,56.041064,0.2551
2025-02-01,18,2025-01-12,72,-334.11,-311.076136,-23.033864,0.2193
2025-02-01,18,2025-01-12,73,-34.2454,-198.488445,164.243045,0.232
2025-02-01,18,2025-01-12,74,249.258,-156.870791,406.128791,0.2789
2025-02-01,18,2025-01-12,75,291.96,-166.029545,457.989545,0.2748
2025-02-01,18,2025-01-12,76,159.2597,-67.604809,226.864509,0.1614
2025-02-01,18,2025-01-12,77,2.3793,-54.641164,57.020464,0.1934
2025-02-01,18,2025-01-12,78,-46.98,-47.625,0.645,0.3491
2025-02-01,18,2025-01-12,79,37.3018,206.296427,-168.994627,0.3426
2025-02-01,18,2025-01-12,80,25.0889,230.104827,-205.015927,0.2471
2025-02-01,18,2025-01-12,81,-60.26,9.177273,-69.437273,0.1996
2025-02-01,18,2025-01-12,82,-11.1337,11.514736,-22.648436,0.2626
2025-02-01,18,2025-01-12,83,-131.47,50.948882,-182.418882,0.3262
2025-02-01,18,2025-01-12,84,-401.55,14.955682,-416.505682,0.3111
2025-02-01,18,2025-01-12,85,-425.3206,4.571355,-429.891955,0.24
2025-02-01,18,2025-01-12,86,-137.6381,1.233927,-138.872027,0.2383
2025-02-01,18,2025-01-12,87,71.89,31.8375,40.0525,0.2911
2025-02-01,18,2025-01-12,88,-244.8223,142.564136,-387.386436,0.2694
2025-02-01,18,2025-01-12,89,-344.4562,154.310855,-498.767055,0.2429
2025-02-01,18,2025-01-12,90,-154.97,52.005682,-206.975682,0.2584
2025-02-01,18,2025-01-12,91,-288.6278,3.766882,-292.394682,0.2849
2025-02-01,18,2025-01-12,92,-234.812,24.398327,-259.210327,0.2836
2025-02-01,18,2025-01-12,93,68.17,59.860227,8.309773,0.2502
2025-02-01,18,2025-01-12,94,89.8343,56.822382,33.011918,0.2222
2025-02-01,18,2025-01-12,95,-103.9451,73.6083,-177.5534,0.2538
2025-02-01,18,2025-01-12,96,-205.67,116.638636,-322.308636,0.3245
2025-02-01,18,2025-01-12,97,21.9293,125.967427,-104.038127,0.3511
2025-02-01,18,2025-01-12,98,210.8983,97.765718,113.132582,0.313
2025-02-01,18,2025-01-12,99,143.31,67.718182,75.591818,0.2548
2025-02-01,18,2025-01-12,100,-49.3019,74.581082,-123.882982,0.2527
2025-02-01,18,2025-01-12,101,-63.1558,73.026673,-136.182473,0.3158
2025-02-01,18,2025-01-12,102,68.72,42.971591,25.748409,0.4023
2025-02-01,18,2025-01-12,103,53.4,0.7207,52.6793,0.4386
2025-02-01,18,2025-01-12,104,51.2895,-3.395318,54.684818,0.3624
2025-02-01,18,2025-01-12,105,38.05,0.0,38.05,0.2791
2025-02-01,18,2025-01-12,106,-151.6957,0.0,-151.6957,0.3465
2025-02-01,18,2025-01-12,107,-71.1826,-0.243773,-70.938827,0.2909
2025-02-01,18,2025-01-12,108,141.94,0.0,141.94,0.1143
2025-02-01,18,2025-01-12,109,-109.9283,0.0,-109.9283,0.1052
2025-02-01,18,2025-01-12,110,-321.1607,-0.017455,-321.143245,0.1639
2025-02-01,18,2025-01-12,111,-158.32,0.0,-158.32,0.1709
2025-02-01,18,2025-01-12,112,177.5715,0.0,177.5715,0.1245
2025-02-01,18,2025-01-12,113,197.3644,-0.001336,197.365736,0.1569
2025-02-01,18,2025-01-12,114,-82.61,0.0,-82.61,0.2447
2025-02-01,18,2025-01-12,115,-174.7548,0.0,-174.7548,0.2261
2025-02-01,18,2025-01-12,116,-9.8183,0.0,-9.8183,0.137
2025-02-01,18,2025-01-12,117,65.57,0.0,65.57,0.0635
2025-02-01,18,2025-01-12,118,-315.3439,0.0,-315.3439,0.0627
2025-02-01,18,2025-01-12,119,-415.3705,0.0,-415.3705,0.0805
2025-02-01,18,2025-01-12,120,-27.29,0.0,-27.29,0.0982
2025-02-01,18,2025-01-12,121,284.7898,0.0,284.7898,0.1445
2025-02-01,18,2025-01-12,122,136.501,0.0,136.501,0.1839
2025-02-01,18,2025-01-12,123,-169.7,0.0,-169.7,0.1901
2025-02-01,18,2025-01-12,124,8.0123,0.0,8.0123,0.1707
2025-02-01,18,2025-01-12,125,160.8762,0.0,160.8762,0.1652
2025-02-01,18,2025-01-12,126,29.66,0.0,29.66,0.1638
2025-02-01,18,2025-01-12,127,-124.6404,0.0,-124.6404,0.1295
2025-02-01,18,2025-01-12,128,-145.6417,0.0,-145.6417,0.1361
2025-02-01,18,2025-01-12,129,-113.63,0.0,-113.63,0.178
2025-02-01,18,2025-01-12,130,-196.8521,0.0,-196.8521,0.1748
2025-02-01,18,2025-01-12,131,-116.2059,0.0,-116.2059,0.1728
2025-02-01,18,2025-01-12,132,90.31,0.0,90.31,0.1814
2025-02-01,18,2025-01-12,133,84.9802,0.0,84.9802,0.1587
2025-02-01,18,2025-01-12,134,45.3649,0.0,45.3649,0.1355
2025-02-01,18,2025-01-12,135,41.45,0.0,41.45,0.1223
2025-02-01,18,2025-01-12,136,-28.3364,0.0,-28.3364,0.1002
2025-02-01,18,2025-01-12,137,2.2787,0.0,2.2787,0.089
2025-02-01,18,2025-01-12,138,131.48,0.0,131.48,0.1029
2025-02-01,18,2025-01-12,139,148.1082,0.0,148.1082,0.1313
2025-02-01,18,2025-01-12,140,-33.7292,0.0,-33.7292,0.1288
2025-02-01,18,2025-01-12,141,-196.6,0.0,-196.6,0.0976
2025-02-01,18,2025-01-12,142,-52.4515,0.0,-52.4515,0.0729
2025-02-01,18,2025-01-12,143,-76.7629,0.0,-76.7629,0.0055
2025-02-01,18,2025-01-12,144,-220.59,0.0,-220.59,-0.0405
2025-02-01,19,2025-01-12,1,198.5736,0.0,198.5736,0.1336
2025-02-01,19,2025-01-12,2,76.9967,0.0,76.9967,0.0574
2025-02-01,19,2025-01-12,3,-190.06,0.0,-190.06,0.0459
2025-02-01,19,2025-01-12,4,-39.1283,0.0,-39.1283,0.1815
2025-02-01,19,2025-01-12,5,43.4471,0.0,43.4471,0.2282
2025-02-01,19,2025-01-12,6,-129.78,0.0,-129.78,0.1283
2025-02-01,19,2025-01-12,7,-218.4709,0.0,-218.4709,0.0599
2025-02-01,19,2025-01-12,8,-60.0685,0.0,-60.0685,0.1021
2025-02-01,19,2025-01-12,9,206.14,0.0,206.14,0.1572
2025-02-01,19,2025-01-12,10,260.9485,0.0,260.9485,0.0683
2025-02-01,19,2025-01-12,11,74.9096,0.0,74.9096,0.0253
2025-02-01,19,2025-01-12,12,-195.46,0.0,-195.46,0.1039
2025-02-01,19,2025-01-12,13,-330.6979,0.0,-330.6979,0.1792
2025-02-01,19,2025-01-12,14,-304.0288,0.0,-304.0288,0.1452
2025-02-01,19,2025-01-12,15,-170.13,0.0,-170.13,0.0716
2025-02-01,19,2025-01-12,16,-13.4839,0.0,-13.4839,0.1171
2025-02-01,19,2025-01-12,17,91.0122,0.0,91.0122,0.1313
2025-02-01,19,2025-01-12,18,83.64,0.0,83.64,0.0774
2025-02-01,19,2025-01-12,19,-26.4454,0.0,-26.4454,0.0718
2025-02-01,19,2025-01-12,20,-18.5406,0.0,-18.5406,0.0725
2025-02-01,19,2025-01-12,21,57.22,0.0,57.22,0.0615
2025-02-01,19,2025-01-12,22,-63.0639,0.0,-63.0639,0.0674
2025-02-01,19,2025-01-12,23,-209.4331,0.0,-209.4331,0.0524
2025-02-01,19,2025-01-12,24,-223.41,0.0,-223.41,0.0451
2025-02-01,19,2025-01-12,25,-82.767,0.0,-82.767,0.1106
2025-02-01,19,2025-01-12,26,173.2766,0.0,173.2766,0.1297
2025-02-01,19,2025-01-12,27,253.65,0.0,253.65,0.094
2025-02-01,19,2025-01-12,28,-135.1269,0.0,-135.1269,0.104
2025-02-01,19,2025-01-12,29,-370.6454,0.0,-370.6454,0.0762
2025-02-01,19,2025-01-12,30,-187.29,0.0,-187.29,0.0509
2025-02-01,19,2025-01-12,31,115.9796,-0.0012,115.9808,0.1527
2025-02-01,19,2025-01-12,32,335.7814,0.0,335.7814,0.1663
2025-02-01,19,2025-01-12,33,307.36,0.0,307.36,0.0768
2025-02-01,19,2025-01-12,34,-10.9013,-0.021136,-10.880164,0.0924
2025-02-01,19,2025-01-12,35,-217.4169,0.0,-217.4169,0.1644
2025-02-01,19,2025-01-12,36,-170.46,0.0,-170.46,0.2102
2025-02-01,19,2025-01-12,37,-64.4131,-0.286436,-64.126664,0.2004
2025-02-01,19,2025-01-12,38,42.3551,0.0,42.3551,0.1826
2025-02-01,19,2025-01-12,39,88.11,0.0,88.11,0.1961
2025-02-01,19,2025-01-12,40,21.1699,-3.990118,25.160018,0.2256
2025-02-01,19,2025-01-12,41,-15.7749,2.2026,-17.9775,0.159
2025-02-01,19,2025-01-12,42,-95.03,40.564773,-135.594773,0.0607
2025-02-01,19,2025-01-12,43,-354.0293,50.945718,-404.975018,0.1135
2025-02-01,19,2025-01-12,44,-177.3664,47.932973,-225.299373,0.1709
2025-02-01,19,2025-01-12,45,267.26,44.935227,222.324773,0.1242
2025-02-01,19,2025-01-12,46,147.9402,50.1735,97.7667,0.0347
2025-02-01,19,2025-01-12,47,-143.097,57.107927,-200.204927,0.143
2025-02-01,19,2025-01-12,48,-258.15,57.006818,-315.156818,0.3595
2025-02-01,19,2025-01-12,49,-222.7252,53.411045,-276.136245,0.3568
2025-02-01,19,2025-01-12,50,-109.2245,89.570136,-198.794636,0.3428
2025-02-01,19,2025-01-12,51,21.77,140.086364,-118.316364,0.3885
2025-02-01,19,2025-01-12,52,115.7505,119.687109,-3.936609,0.3534
2025-02-01,19,2025-01-12,53,70.9675,20.938291,50.029209,0.3375
2025-02-01,19,2025-01-12,54,-72.68,-72.582955,-0.097045,0.3194
2025-02-01,19,2025-01-12,55,-165.3028,-55.242745,-110.060055,0.1833
2025-02-01,19,2025-01-12,56,-227.1142,-15.987745,-211.126455,0.1583
2025-02-01,19,2025-01-12,57,-217.04,-94.469318,-122.570682,0.2601
2025-02-01,19,2025-01-12,58,-57.6996,-337.225382,279.525782,0.2775
2025-02-01,19,2025-01-12,59,57.3645,-428.533527,485.898027,0.2885
2025-02-01,19,2025-01-12,60,-1.02,-310.656818,309.636818,0.3236
2025-02-01,19,2025-01-12,61,-173.2248,-226.844045,53.619245,0.314
2025-02-01,19,2025-01-12,62,-192.4768,-226.501664,34.024864,0.2879
2025-02-01,19,2025-01-12,63,-83.33,-226.547727,143.217727,0.2871
2025-02-01,19,2025-01-12,64,-88.6464,-145.209173,56.562773,0.3244
2025-02-01,19,2025-01-12,65,18.3615,-210.309736,228.671236,0.3402
2025-02-01,19,2025-01-12,66,46.15,-354.225,400.375,0.3008
2025-02-01,19,2025-01-12,67,-387.4458,-267.672591,-119.773209,0.2341
2025-02-01,19,2025-01-12,68,-328.4063,-160.888618,-167.517682,0.2323
2025-02-01,19,2025-01-12,69,167.77,-178.694318,346.464318,0.2857
2025-02-01,19,2025-01-12,70,57.0695,-261.302409,318.371909,0.2923
2025-02-01,19,2025-01-12,71,-272.6318,-328.672864,56.041064,0.2551
2025-02-01,19,2025-01-12,72,-334.11,-311.076136,-23.033864,0.2193
2025-02-01,19,2025-01-12,73,-34.2454,-198.488445,164.243045,0.232
2025-02-01,19,2025-01-12,74,249.258,-156.870791,406.128791,0.2789
2025-02-01,19,2025-01-12,75,291.96,-166.029545,457.989545,0.2748
2025-02-01,19,2025-01-12,76,159.2597,-67.604809,226.864509,0.1614
2025-02-01,19,2025-01-12,77,2.3793,-54.641164,57.020464,0.1934
2025-02-01,19,2025-01-12,78,-46.98,-47.625,0.645,0.3491
2025-02-01,19,2025-01-12,79,37.3018,206.296427,-168.994627,0.3426
2025-02-01,19,2025-01-12,80,25.0889,230.104827,-205.015927,0.2471
2025-02-01,19,2025-01-12,81,-60.26,9.177273,-69.437273,0.1996
2025-02-01,19,2025-01-12,82,-11.1337,11.514736,-22.648436,0.2626
2025-02-01,19,2025-01-12,83,-131.47,50.948882,-182.418882,0.3262
2025-02-01,19,2025-01-12,84,-401.55,14.955682,-416.505682,0.3111
2025-02-01,19,2025-01-12,85,-425.3206,4.571355,-429.891955,0.24
2025-02-01,19,2025-01-12,86,-137.6381,1.233927,-138.872027,0.2383
2025-02-01,19,2025-01-12,87,71.89,31.8375,40.0525,0.2911
2025-02-01,19,2025-01-12,88,-244.8223,142.564136,-387.386436,0.2694
2025-02-01,19,2025-01-12,89,-344.4562,154.310855,-498.767055,0.2429
2025-02-01,19,2025-01-12,90,-154.97,52.005682,-206.975682,0.2584
2025-02-01,19,2025-01-12,91,-288.6278,3.766882,-292.394682,0.2849
2025-02-01,19,2025-01-12,92,-234.812,24.398327,-259.210327,0.2836
2025-02-01,19,2025-01-12,93,68.17,59.860227,8.309773,0.2502
2025-02-01,19,2025-01-12,94,89.8343,56.822382,33.011918,0.2222
2025-02-01,19,2025-01-12,95,-103.9451,73.6083,-177.5534,0.2538
2025-02-01,19,2025-01-12,96,-205.67,116.638636,-322.308636,0.3245
2025-02-01,19,2025-01-12,97,21.9293,125.967427,-104.038127,0.3511
2025-02-01,19,2025-01-12,98,210.8983,97.765718,113.132582,0.313
2025-02-01,19,2025-01-12,99,143.31,67.718182,75.591818,0.2548
2025-02-01,19,2025-01-12,100,-49.3019,74.581082,-123.882982,0.2527
2025-02-01,19,2025-01-12,101,-63.1558,73.026673,-136.182473,0.3158
2025-02-01,19,2025-01-12,102,68.72,42.971591,25.748409,0.4023
2025-02-01,19,2025-01-12,103,53.4,0.7207,52.6793,0.4386
2025-02-01,19,2025-01-12,104,51.2895,-3.395318,54.684818,0.3624
2025-02-01,19,2025-01-12,105,38.05,0.0,38.05,0.2791
2025-02-01,19,2025-01-12,106,-151.6957,0.0,-151.6957,0.3465
2025-02-01,19,2025-01-12,107,-71.1826,-0.243773,-70.938827,0.2909
2025-02-01,19,2025-01-12,108,141.94,0.0,141.94,0.1143
2025-02-01,19,2025-01-12,109,-109.9283,0.0,-109.9283,0.1052
2025-02-01,19,2025-01-12,110,-321.1607,-0.017455,-321.143245,0.1639
2025-02-01,19,2025-01-12,111,-158.32,0.0,-158.32,0.1709
2025-02-01,19,2025-01-12,112,177.5715,0.0,177.5715,0.1245
2025-02-01,19,2025-01-12,113,197.3644,-0.001336,197.365736,0.1569
2025-02-01,19,2025-01-12,114,-82.61,0.0,-82.61,0.2447
2025-02-01,19,2025-01-12,115,-174.7548,0.0,-174.7548,0.2261
2025-02-01,19,2025-01-12,116,-9.8183,0.0,-9.8183,0.137
2025-02-01,19,2025-01-12,117,65.57,0.0,65.57,0.0635
2025-02-01,19,2025-01-12,118,-315.3439,0.0,-315.3439,0.0627
2025-02-01,19,2025-01-12,119,-415.3705,0.0,-415.3705,0.0805
2025-02-01,19,2025-01-12,120,-27.29,0.0,-27.29,0.0982
2025-02-01,19,2025-01-12,121,284.7898,0.0,284.7898,0.1445
2025-02-01,19,2025-01-12,122,136.501,0.0,136.501,0.1839
2025-02-01,19,2025-01-12,123,-169.7,0.0,-169.7,0.1901
2025-02-01,19,2025-01-12,124,8.0123,0.0,8.0123,0.1707
2025-02-01,19,2025-01-12,125,160.8762,0.0,160.8762,0.1652
2025-02-01,19,2025-01-12,126,29.66,0.0,29.66,0.1638
2025-02-01,19,2025-01-12,127,-124.6404,0.0,-124.6404,0.1295
2025-02-01,19,2025-01-12,128,-145.6417,0.0,-145.6417,0.1361
2025-02-01,19,2025-01-12,129,-113.63,0.0,-113.63,0.178
2025-02-01,19,2025-01-12,130,-196.8521,0.0,-196.8521,0.1748
2025-02-01,19,2025-01-12,131,-116.2059,0.0,-116.2059,0.1728
2025-02-01,19,2025-01-12,132,90.31,0.0,90.31,0.1814
2025-02-01,19,2025-01-12,133,84.9802,0.0,84.9802,0.1587
2025-02-01,19,2025-01-12,134,45.3649,0.0,45.3649,0.1355
2025-02-01,19,2025-01-12,135,41.45,0.0,41.45,0.1223
2025-02-01,19,2025-01-12,136,-28.3364,0.0,-28.3364,0.1002
2025-02-01,19,2025-01-12,137,2.2787,0.0,2.2787,0.089
2025-02-01,19,2025-01-12,138,131.48,0.0,131.48,0.1029
2025-02-01,19,2025-01-12,139,148.1082,0.0,148.1082,0.1313
2025-02-01,19,2025-01-12,140,-33.7292,0.0,-33.7292,0.1288
2025-02-01,19,2025-01-12,141,-196.6,0.0,-196.6,0.0976
2025-02-01,19,2025-01-12,142,-52.4515,0.0,-52.4515,0.0729
2025-02-01,19,2025-01-12,143,-76.7629,0.0,-76.7629,0.0055
2025-02-01,19,2025-01-12,144,-220.59,0.0,-220.59,-0.0405
2025-02-01,20,2025-01-12,1,198.5736,0.0,198.5736,0.1336
2025-02-01,20,2025-01-12,2,76.9967,0.0,76.9967,0.0574
2025-02-01,20,2025-01-12,3,-190.06,0.0,-190.06,0.0459
2025-02-01,20,2025-01-12,4,-39.1283,0.0,-39.1283,0.1815
2025-02-01,20,2025-01-12,5,43.4471,0.0,43.4471,0.2282
2025-02-01,20,2025-01-12,6,-129.78,0.0,-129.78,0.1283
2025-02-01,20,2025-01-12,7,-218.4709,0.0,-218.4709,0.0599
2025-02-01,20,2025-01-12,8,-60.0685,0.0,-60.0685,0.1021
2025-02-01,20,2025-01-12,9,206.14,0.0,206.14,0.1572
2025-02-01,20,2025-01-12,10,260.9485,0.0,260.9485,0.0683
2025-02-01,20,2025-01-12,11,74.9096,0.0,74.9096,0.0253
2025-02-01,20,2025-01-12,12,-195.46,0.0,-195.46,0.1039
2025-02-01,20,2025-01-12,13,-330.6979,0.0,-330.6979,0.1792
2025-02-01,20,2025-01-12,14,-304.0288,0.0,-304.0288,0.1452
2025-02-01,20,2025-01-12,15,-170.13,0.0,-170.13,0.0716
2025-02-01,20,2025-01-12,16,-13.4839,0.0,-13.4839,0.1171
2025-02-01,20,2025-01-12,17,91.0122,0.0,91.0122,0.1313
2025-02-01,20,2025-01-12,18,83.64,0.0,83.64,0.0774
2025-02-01,20,2025-01-12,19,-26.4454,0.0,-26.4454,0.0718
2025-02-01,20,2025-01-12,20,-18.5406,0.0,-18.5406,0.0725
2025-02-01,20,2025-01-12,21,57.22,0.0,57.22,0.0615
2025-02-01,20,2025-01-12,22,-63.0639,0.0,-63.0639,0.0674
2025-02-01,20,2025-01-12,23,-209.4331,0.0,-209.4331,0.0524
2025-02-01,20,2025-01-12,24,-223.41,0.0,-223.41,0.0451
2025-02-01,20,2025-01-12,25,-82.767,0.0,-82.767,0.1106
2025-02-01,20,2025-01-12,26,173.2766,0.0,173.2766,0.1297
2025-02-01,20,2025-01-12,27,253.65,0.0,253.65,0.094
2025-02-01,20,2025-01-12,28,-135.1269,0.0,-135.1269,0.104
2025-02-01,20,2025-01-12,29,-370.6454,0.0,-370.6454,0.0762
2025-02-01,20,2025-01-12,30,-187.29,0.0,-187.29,0.0509
2025-02-01,20,2025-01-12,31,115.9796,-0.0012,115.9808,0.1527
2025-02-01,20,2025-01-12,32,335.7814,0.0,335.7814,0.1663
2025-02-01,20,2025-01-12,33,307.36,0.0,307.36,0.0768
2025-02-01,20,2025-01-12,34,-10.9013,-0.021136,-10.880164,0.0924
2025-02-01,20,2025-01-12,35,-217.4169,0.0,-217.4169,0.1644
2025-02-01,20,2025-01-12,36,-170.46,0.0,-170.46,0.2102
2025-02-01,20,2025-01-12,37,-64.4131,-0.286436,-64.126664,0.2004
2025-02-01,20,2025-01-12,38,42.3551,0.0,42.3551,0.1826
2025-02-01,20,2025-01-12,39,88.11,0.0,88.11,0.1961
2025-02-01,20,2025-01-12,40,21.1699,-3.990118,25.160018,0.2256
2025-02-01,20,2025-01-12,41,-15.7749,2.2026,-17.9775,0.159
2025-02-01,20,2025-01-12,42,-95.03,40.564773,-135.594773,0.0607
2025-02-01,20,2025-01-12,43,-354.0293,50.945718,-404.975018,0.1135
2025-02-01,20,2025-01-12,44,-177.3664,47.932973,-225.299373,0.1709
2025-02-01,20,2025-01-12,45,267.26,44.935227,222.324773,0.1242
2025-02-01,20,2025-01-12,46,147.9402,50.1735,97.7667,0.0347
2025-02-01,20,2025-01-12,47,-143.097,57.107927,-200.204927,0.143
2025-02-01,20,2025-01-12,48,-258.15,57.006818,-315.156818,0.3595
2025-02-01,20,2025-01-12,49,-222.7252,53.411045,-276.136245,0.3568
2025-02-01,20,2025-01-12,50,-109.2245,89.570136,-198.794636,0.3428
2025-02-01,20,2025-01-12,51,21.77,140.086364,-118.316364,0.3885
2025-02-01,20,2025-01-12,52,115.7505,119.687109,-3.936609,0.3534
2025-02-01,20,2025-01-12,53,70.9675,20.938291,50.029209,0.3375
2025-02-01,20,2025-01-12,54,-72.68,-72.582955,-0.097045,0.3194
2025-02-01,20,2025-01-12,55,-165.3028,-55.242745,-110.060055,0.1833
2025-02-01,20,2025-01-12,56,-227.1142,-15.987745,-211.126455,0.1583
2025-02-01,20,2025-01-12,57,-217.04,-94.469318,-122.570682,0.2601
2025-02-01,20,2025-01-12,58,-57.6996,-337.225382,279.525782,0.2775
2025-02-01,20,2025-01-12,59,57.3645,-428.533527,485.898027,0.2885
2025-02-01,20,2025-01-12,60,-1.02,-310.656818,309.636818,0.3236
2025-02-01,20,2025-01-12,61,-173.2248,-226.844045,53.619245,0.314
2025-02-01,20,2025-01-12,62,-192.4768,-226.501664,34.024864,0.2879
2025-02-01,20,2025-01-12,63,-83.33,-226.547727,143.217727,0.2871
2025-02-01,20,2025-01-12,64,-88.6464,-145.209173,56.562773,0.3244
2025-02-01,20,2025-01-12,65,18.3615,-210.309736,228.671236,0.3402
2025-02-01,20,2025-01-12,66,46.15,-354.225,400.375,0.3008
2025-02-01,20,2025-01-12,67,-387.4458,-267.672591,-119.773209,0.2341
2025-02-01,20,2025-01-12,68,-328.4063,-160.888618,-167.517682,0.2323
2025-02-01,20,2025-01-12,69,167.77,-178.694318,346.464318,0.2857
2025-02-01,20,2025-01-12,70,57.0695,-261.302409,318.371909,0.2923
2025-02-01,20,2025-01-12,71,-272.6318,-328.672864,56.041064,0.2551
2025-02-01,20,2025-01-12,72,-334.11,-311.076136,-23.033864,0.2193
2025-02-01,20,2025-01-12,73,-34.2454,-198.488445,164.243045,0.232
2025-02-01,20,2025-01-12,74,249.258,-156.870791,406.128791,0.2789
2025-02-01,20,2025-01-12,75,291.96,-166.029545,457.989545,0.2748
2025-02-01,20,2025-01-12,76,159.2597,-67.604809,226.864509,0.1614
2025-02-01,20,2025-01-12,77,2.3793,-54.641164,57.020464,0.1934
2025-02-01,20,2025-01-12,78,-46.98,-47.625,0.645,0.3491
2025-02-01,20,2025-01-12,79,37.3018,206.296427,-168.994627,0.3426
2025-02-01,20,2025-01-12,80,25.0889,230.104827,-205.015927,0.2471
2025-02-01,20,2025-01-12,81,-60.26,9.177273,-69.437273,0.1996
2025-02-01,20,2025-01-12,82,-11.1337,11.514736,-22.648436,0.2626
2025-02-01,20,2025-01-12,83,-131.47,50.948882,-182.418882,0.3262
2025-02-01,20,2025-01-12,84,-401.55,14.955682,-416.505682,0.3111
2025-02-01,20,2025-01-12,85,-425.3206,4.571355,-429.891955,0.24
2025-02-01,20,2025-01-12,86,-137.6381,1.233927,-138.872027,0.2383
2025-02-01,20,2025-01-12,87,71.89,31.8375,40.0525,0.2911
2025-02-01,20,2025-01-12,88,-244.8223,142.564136,-387.386436,0.2694
2025-02-01,20,2025-01-12,89,-344.4562,154.310855,-498.767055,0.2429
2025-02-01,20,2025-01-12,90,-154.97,52.005682,-206.975682,0.2584
2025-02-01,20,2025-01-12,91,-288.6278,3.766882,-292.394682,0.2849
2025-02-01,20,2025-01-12,92,-234.812,24.398327,-259.210327,0.2836
2025-02-01,20,2025-01-12,93,68.17,59.860227,8.309773,0.2502
2025-02-01,20,2025-01-12,94,89.8343,56.822382,33.011918,0.2222
2025-02-01,20,2025-01-12,95,-103.9451,73.6083,-177.5534,0.2538
2025-02-01,20,2025-01-12,96,-205.67,116.638636,-322.308636,0.3245
2025-02-01,20,2025-01-12,97,21.9293,125.967427,-104.038127,0.3511
2025-02-01,20,2025-01-12,98,210.8983,97.765718,113.132582,0.313
2025-02-01,20,2025-01-12,99,143.31,67.718182,75.591818,0.2548
2025-02-01,20,2025-01-12,100,-49.3019,74.581082,-123.882982,0.2527
2025-02-01,20,2025-01-12,101,-63.1558,73.026673,-136.182473,0.3158
2025-02-01,20,2025-01-12,102,68.72,42.971591,25.748409,0.4023
2025-02-01,20,2025-01-12,103,53.4,0.7207,52.6793,0.4386
2025-02-01,20,2025-01-12,104,51.2895,-3.395318,54.684818,0.3624
2025-02-01,20,2025-01-12,105,38.05,0.0,38.05,0.2791
2025-02-01,20,2025-01-12,106,-151.6957,0.0,-151.6957,0.3465
2025-02-01,20,2025-01-12,107,-71.1826,-0.243773,-70.938827,0.2909
2025-02-01,20,2025-01-12,108,141.94,0.0,141.94,0.1143
2025-02-01,20,2025-01-12,109,-109.9283,0.0,-109.9283,0.1052
2025-02-01,20,2025-01-12,110,-321.1607,-0.017455,-321.143245,0.1639
2025-02-01,20,2025-01-12,111,-158.32,0.0,-158.32,0.1709
2025-02-01,20,2025-01-12,112,177.5715,0.0,177.5715,0.1245
2025-02-01,20,2025-01-12,113,197.3644,-0.001336,197.365736,0.1569
2025-02-01,20,2025-01-12,114,-82.61,0.0,-82.61,0.2447
2025-02-01,20,2025-01-12,115,-174.7548,0.0,-174.7548,0.2261
2025-02-01,20,2025-01-12,116,-9.8183,0.0,-9.8183,0.137
2025-02-01,20,2025-01-12,117,65.57,0.0,65.57,0.0635
2025-02-01,20,2025-01-12,118,-315.3439,0.0,-315.3439,0.0627
2025-02-01,20,2025-01-12,119,-415.3705,0.0,-415.3705,0.0805
2025-02-01,20,2025-01-12,120,-27.29,0.0,-27.29,0.0982
2025-02-01,20,2025-01-12,121,284.7898,0.0,284.7898,0.1445
2025-02-01,20,2025-01-12,122,136.501,0.0,136.501,0.1839
2025-02-01,20,2025-01-12,123,-169.7,0.0,-169.7,0.1901
2025-02-01,20,2025-01-12,124,8.0123,0.0,8.0123,0.1707
2025-02-01,20,2025-01-12,125,160.8762,0.0,160.8762,0.1652
2025-02-01,20,2025-01-12,126,29.66,0.0,29.66,0.1638
2025-02-01,20,2025-01-12,127,-124.6404,0.0,-124.6404,0.1295
2025-02-01,20,2025-01-12,128,-145.6417,0.0,-145.6417,0.1361
2025-02-01,20,2025-01-12,129,-113.63,0.0,-113.63,0.178
2025-02-01,20,2025-01-12,130,-196.8521,0.0,-196.8521,0.1748
2025-02-01,20,2025-01-12,131,-116.2059,0.0,-116.2059,0.1728
2025-02-01,20,2025-01-12,132,90.31,0.0,90.31,0.1814
2025-02-01,20,2025-01-12,133,84.9802,0.0,84.9802,0.1587
2025-02-01,20,2025-01-12,134,45.3649,0.0,45.3649,0.1355
2025-02-01,20,2025-01-12,135,41.45,0.0,41.45,0.1223
2025-02-01,20,2025-01-12,136,-28.3364,0.0,-28.3364,0.1002
2025-02-01,20,2025-01-12,137,2.2787,0.0,2.2787,0.089
2025-02-01,20,2025-01-12,138,131.48,0.0,131.48,0.1029
2025-02-01,20,2025-01-12,139,148.1082,0.0,148.1082,0.1313
2025-02-01,20,2025-01-12,140,-33.7292,0.0,-33.7292,0.1288
2025-02-01,20,2025-01-12,141,-196.6,0.0,-196.6,0.0976
2025-02-01,20,2025-01-12,142,-52.4515,0.0,-52.4515,0.0729
2025-02-01,20,2025-01-12,143,-76.7629,0.0,-76.7629,0.0055
2025-02-01,20,2025-01-12,144,-220.59,0.0,-220.59,-0.0405
